RMM memory resource = pool
CUIO host memory resource = pinned_pool
# Devices

## [0] `Tesla T4`
* SM Version: 750 (PTX Version: 750)
* Number of SMs: 40
* SM Default Clock Rate: 1590 MHz
* Global Memory: 7206 MiB Free / 14913 MiB Total
* Global Memory Bus Peak: 320 GB/sec (256-bit DDR @5001MHz)
* Max Shared Memory: 64 KiB/SM, 48 KiB/Block
* L2 Cache Size: 4096 KiB
* Maximum Active Blocks: 16/SM
* Maximum Active Threads: 1024/SM, 1024/Block
* Available Registers: 65536/SM, 65536/Block
* ECC Enabled: Yes

# Log

```
Run:  [1/1096] case [Device=0 min_width=0 max_width=32 num_rows=32768 encoding=ascii]
Pass: Cold: 0.111019ms GPU, 0.115250ms CPU, 0.50s total GPU, 0.65s total wall, 4512x 
Run:  [2/1096] case [Device=0 min_width=0 max_width=64 num_rows=32768 encoding=ascii]
Pass: Cold: 0.150625ms GPU, 0.154432ms CPU, 0.50s total GPU, 0.61s total wall, 3328x 
Run:  [3/1096] case [Device=0 min_width=0 max_width=128 num_rows=32768 encoding=ascii]
Pass: Cold: 0.324089ms GPU, 0.328043ms CPU, 0.55s total GPU, 0.61s total wall, 1712x 
Run:  [4/1096] case [Device=0 min_width=0 max_width=256 num_rows=32768 encoding=ascii]
Pass: Cold: 0.202623ms GPU, 0.206276ms CPU, 0.50s total GPU, 0.58s total wall, 2480x 
Run:  [5/1096] case [Device=0 min_width=0 max_width=32 num_rows=262144 encoding=ascii]
Pass: Cold: 0.330369ms GPU, 0.334488ms CPU, 0.76s total GPU, 0.83s total wall, 2288x 
Run:  [6/1096] case [Device=0 min_width=0 max_width=64 num_rows=262144 encoding=ascii]
Pass: Cold: 0.758896ms GPU, 0.763227ms CPU, 0.57s total GPU, 0.59s total wall, 752x 
Run:  [7/1096] case [Device=0 min_width=0 max_width=128 num_rows=262144 encoding=ascii]
Pass: Cold: 0.572183ms GPU, 0.576008ms CPU, 0.94s total GPU, 1.00s total wall, 1648x 
Run:  [8/1096] case [Device=0 min_width=0 max_width=256 num_rows=262144 encoding=ascii]
Pass: Cold: 1.064910ms GPU, 1.068743ms CPU, 2.32s total GPU, 2.39s total wall, 2176x 
Run:  [9/1096] case [Device=0 min_width=0 max_width=32 num_rows=2097152 encoding=ascii]
Pass: Cold: 2.465097ms GPU, 2.469612ms CPU, 3.12s total GPU, 3.16s total wall, 1264x 
Run:  [10/1096] case [Device=0 min_width=0 max_width=64 num_rows=2097152 encoding=ascii]
Pass: Cold: 5.803302ms GPU, 5.807803ms CPU, 3.16s total GPU, 3.18s total wall, 544x 
Run:  [11/1096] case [Device=0 min_width=0 max_width=128 num_rows=2097152 encoding=ascii]
Pass: Cold: 4.098254ms GPU, 4.102118ms CPU, 3.08s total GPU, 3.11s total wall, 752x 
Run:  [12/1096] case [Device=0 min_width=0 max_width=256 num_rows=2097152 encoding=ascii]
Pass: Cold: 8.059455ms GPU, 8.063310ms CPU, 5.67s total GPU, 5.70s total wall, 704x 
Run:  [13/1096] case [Device=0 min_width=0 max_width=32 num_rows=32768 encoding=utf8]
Pass: Cold: 0.090281ms GPU, 0.094087ms CPU, 0.50s total GPU, 0.69s total wall, 5552x 
Run:  [14/1096] case [Device=0 min_width=0 max_width=64 num_rows=32768 encoding=utf8]
Pass: Cold: 0.156228ms GPU, 0.160041ms CPU, 0.50s total GPU, 0.61s total wall, 3216x 
Run:  [15/1096] case [Device=0 min_width=0 max_width=128 num_rows=32768 encoding=utf8]
Pass: Cold: 0.333774ms GPU, 0.337719ms CPU, 0.50s total GPU, 0.55s total wall, 1504x 
Run:  [16/1096] case [Device=0 min_width=0 max_width=256 num_rows=32768 encoding=utf8]
Pass: Cold: 0.688553ms GPU, 0.692611ms CPU, 1.00s total GPU, 1.05s total wall, 1456x 
Run:  [17/1096] case [Device=0 min_width=0 max_width=32 num_rows=262144 encoding=utf8]
Pass: Cold: 0.346147ms GPU, 0.350277ms CPU, 0.50s total GPU, 0.55s total wall, 1456x 
Run:  [18/1096] case [Device=0 min_width=0 max_width=64 num_rows=262144 encoding=utf8]
Pass: Cold: 0.779332ms GPU, 0.783600ms CPU, 0.91s total GPU, 0.95s total wall, 1168x 
Run:  [19/1096] case [Device=0 min_width=0 max_width=128 num_rows=262144 encoding=utf8]
Pass: Cold: 2.955422ms GPU, 2.959603ms CPU, 2.51s total GPU, 2.53s total wall, 848x 
Run:  [20/1096] case [Device=0 min_width=0 max_width=256 num_rows=262144 encoding=utf8]
Pass: Cold: 5.065027ms GPU, 5.069316ms CPU, 3.65s total GPU, 3.67s total wall, 720x 
Run:  [21/1096] case [Device=0 min_width=0 max_width=32 num_rows=2097152 encoding=utf8]
Pass: Cold: 2.586162ms GPU, 2.590676ms CPU, 3.02s total GPU, 3.06s total wall, 1168x 
Run:  [22/1096] case [Device=0 min_width=0 max_width=64 num_rows=2097152 encoding=utf8]
Pass: Cold: 5.963853ms GPU, 5.968601ms CPU, 4.48s total GPU, 4.51s total wall, 752x 
Run:  [23/1096] case [Device=0 min_width=0 max_width=128 num_rows=2097152 encoding=utf8]
Pass: Cold: 23.361419ms GPU, 23.366080ms CPU, 3.74s total GPU, 3.74s total wall, 160x 
Run:  [24/1096] case [Device=0 min_width=0 max_width=256 num_rows=2097152 encoding=utf8]
Pass: Cold: 39.842182ms GPU, 39.848503ms CPU, 0.52s total GPU, 0.52s total wall, 13x 
Run:  [25/1096] char_types [Device=0 min_width=0 max_width=32 num_rows=32768 api=all]
Pass: Cold: 0.032198ms GPU, 0.035881ms CPU, 0.50s total GPU, 1.11s total wall, 15536x 
Run:  [26/1096] char_types [Device=0 min_width=0 max_width=64 num_rows=32768 api=all]
Pass: Cold: 0.035129ms GPU, 0.038806ms CPU, 0.50s total GPU, 1.05s total wall, 14240x 
Run:  [27/1096] char_types [Device=0 min_width=0 max_width=128 num_rows=32768 api=all]
Pass: Cold: 0.038131ms GPU, 0.041794ms CPU, 0.50s total GPU, 0.99s total wall, 13120x 
Run:  [28/1096] char_types [Device=0 min_width=0 max_width=256 num_rows=32768 api=all]
Pass: Cold: 0.043648ms GPU, 0.047315ms CPU, 0.50s total GPU, 0.88s total wall, 11456x 
Run:  [29/1096] char_types [Device=0 min_width=0 max_width=32 num_rows=262144 api=all]
Pass: Cold: 0.058019ms GPU, 0.061697ms CPU, 0.50s total GPU, 0.74s total wall, 8624x 
Run:  [30/1096] char_types [Device=0 min_width=0 max_width=64 num_rows=262144 api=all]
Pass: Cold: 0.076644ms GPU, 0.080375ms CPU, 0.50s total GPU, 0.67s total wall, 6528x 
Run:  [31/1096] char_types [Device=0 min_width=0 max_width=128 num_rows=262144 api=all]
Pass: Cold: 0.102024ms GPU, 0.105768ms CPU, 0.50s total GPU, 0.62s total wall, 4912x 
Run:  [32/1096] char_types [Device=0 min_width=0 max_width=256 num_rows=262144 api=all]
Pass: Cold: 0.115083ms GPU, 0.118820ms CPU, 0.50s total GPU, 0.60s total wall, 4352x 
Run:  [33/1096] char_types [Device=0 min_width=0 max_width=32 num_rows=2097152 api=all]
Pass: Cold: 0.211504ms GPU, 0.215343ms CPU, 0.50s total GPU, 0.56s total wall, 2368x 
Run:  [34/1096] char_types [Device=0 min_width=0 max_width=64 num_rows=2097152 api=all]
Pass: Cold: 0.334815ms GPU, 0.338659ms CPU, 0.50s total GPU, 0.54s total wall, 1504x 
Run:  [35/1096] char_types [Device=0 min_width=0 max_width=128 num_rows=2097152 api=all]
Pass: Cold: 0.530535ms GPU, 0.534452ms CPU, 0.84s total GPU, 0.88s total wall, 1584x 
Run:  [36/1096] char_types [Device=0 min_width=0 max_width=256 num_rows=2097152 api=all]
Pass: Cold: 0.632473ms GPU, 0.636403ms CPU, 0.50s total GPU, 0.52s total wall, 791x 
Run:  [37/1096] char_types [Device=0 min_width=0 max_width=32 num_rows=32768 api=filter]
Pass: Cold: 0.109814ms GPU, 0.113683ms CPU, 0.50s total GPU, 0.65s total wall, 4560x 
Run:  [38/1096] char_types [Device=0 min_width=0 max_width=64 num_rows=32768 api=filter]
Pass: Cold: 0.176018ms GPU, 0.179853ms CPU, 0.50s total GPU, 0.59s total wall, 2848x 
Run:  [39/1096] char_types [Device=0 min_width=0 max_width=128 num_rows=32768 api=filter]
Pass: Cold: 0.387770ms GPU, 0.391715ms CPU, 0.80s total GPU, 0.87s total wall, 2064x 
Run:  [40/1096] char_types [Device=0 min_width=0 max_width=256 num_rows=32768 api=filter]
Pass: Cold: 3.323150ms GPU, 3.327320ms CPU, 0.65s total GPU, 0.65s total wall, 195x 
Run:  [41/1096] char_types [Device=0 min_width=0 max_width=32 num_rows=262144 api=filter]
Pass: Cold: 0.433195ms GPU, 0.437370ms CPU, 1.15s total GPU, 1.24s total wall, 2656x 
Run:  [42/1096] char_types [Device=0 min_width=0 max_width=64 num_rows=262144 api=filter]
Pass: Cold: 0.909729ms GPU, 0.914015ms CPU, 0.68s total GPU, 0.71s total wall, 752x 
Run:  [43/1096] char_types [Device=0 min_width=0 max_width=128 num_rows=262144 api=filter]
Pass: Cold: 2.805576ms GPU, 2.810100ms CPU, 2.38s total GPU, 2.41s total wall, 848x 
Run:  [44/1096] char_types [Device=0 min_width=0 max_width=256 num_rows=262144 api=filter]
Pass: Cold: 29.476561ms GPU, 29.482253ms CPU, 0.50s total GPU, 0.50s total wall, 17x 
Run:  [45/1096] char_types [Device=0 min_width=0 max_width=32 num_rows=2097152 api=filter]
Pass: Cold: 3.302462ms GPU, 3.307098ms CPU, 6.76s total GPU, 6.84s total wall, 2048x 
Run:  [46/1096] char_types [Device=0 min_width=0 max_width=64 num_rows=2097152 api=filter]
Pass: Cold: 6.914560ms GPU, 6.919361ms CPU, 4.09s total GPU, 4.11s total wall, 592x 
Run:  [47/1096] char_types [Device=0 min_width=0 max_width=128 num_rows=2097152 api=filter]
Pass: Cold: 19.228176ms GPU, 19.233512ms CPU, 8.92s total GPU, 8.94s total wall, 464x 
Run:  [48/1096] char_types [Device=0 min_width=0 max_width=256 num_rows=2097152 api=filter]
Pass: Cold: 233.785800ms GPU, 233.792344ms CPU, 2.57s total GPU, 2.57s total wall, 11x 
Run:  [49/1096] concat [Device=0 row_width=32 num_rows=32768]
Pass: Cold: 0.130904ms GPU, 0.135060ms CPU, 0.50s total GPU, 0.63s total wall, 3824x 
Run:  [50/1096] concat [Device=0 row_width=64 num_rows=32768]
Pass: Cold: 0.212226ms GPU, 0.216360ms CPU, 0.52s total GPU, 0.60s total wall, 2432x 
Run:  [51/1096] concat [Device=0 row_width=128 num_rows=32768]
Pass: Cold: 1.493415ms GPU, 1.497501ms CPU, 0.50s total GPU, 0.51s total wall, 336x 
Run:  [52/1096] concat [Device=0 row_width=256 num_rows=32768]
Pass: Cold: 6.887842ms GPU, 6.891897ms CPU, 0.50s total GPU, 0.51s total wall, 73x 
Run:  [53/1096] concat [Device=0 row_width=32 num_rows=262144]
Pass: Cold: 0.523767ms GPU, 0.528089ms CPU, 0.85s total GPU, 0.90s total wall, 1616x 
Run:  [54/1096] concat [Device=0 row_width=64 num_rows=262144]
Pass: Cold: 1.147993ms GPU, 1.152410ms CPU, 0.90s total GPU, 0.93s total wall, 784x 
Run:  [55/1096] concat [Device=0 row_width=128 num_rows=262144]
Pass: Cold: 14.067563ms GPU, 14.071643ms CPU, 13.96s total GPU, 13.99s total wall, 992x 
Run:  [56/1096] concat [Device=0 row_width=256 num_rows=262144]
Pass: Cold: 61.437839ms GPU, 61.441312ms CPU, 0.68s total GPU, 0.68s total wall, 11x 
Run:  [57/1096] concat [Device=0 row_width=32 num_rows=2097152]
Pass: Cold: 3.870653ms GPU, 3.875117ms CPU, 7.56s total GPU, 7.62s total wall, 1952x 
Run:  [58/1096] concat [Device=0 row_width=64 num_rows=2097152]
Pass: Cold: 8.803019ms GPU, 8.807408ms CPU, 4.65s total GPU, 4.67s total wall, 528x 
Run:  [59/1096] concat [Device=0 row_width=128 num_rows=2097152]
Pass: Cold: 105.384444ms GPU, 105.387733ms CPU, 4.11s total GPU, 4.11s total wall, 39x 
Run:  [60/1096] concat [Device=0 row_width=256 num_rows=2097152]
Pass: Cold: 489.745281ms GPU, 489.745761ms CPU, 5.39s total GPU, 5.39s total wall, 11x 
Run:  [61/1096] contains [Device=0 row_width=32 num_rows=32768 hit_rate=50 pattern=0]
Pass: Cold: 0.232627ms GPU, 0.236630ms CPU, 0.67s total GPU, 0.77s total wall, 2896x 
Run:  [62/1096] contains [Device=0 row_width=64 num_rows=32768 hit_rate=50 pattern=0]
Pass: Cold: 0.316793ms GPU, 0.320772ms CPU, 0.62s total GPU, 0.68s total wall, 1952x 
Run:  [63/1096] contains [Device=0 row_width=128 num_rows=32768 hit_rate=50 pattern=0]
Pass: Cold: 0.421757ms GPU, 0.425793ms CPU, 0.51s total GPU, 0.54s total wall, 1200x 
Run:  [64/1096] contains [Device=0 row_width=256 num_rows=32768 hit_rate=50 pattern=0]
Pass: Cold: 0.451573ms GPU, 0.455559ms CPU, 0.51s total GPU, 0.54s total wall, 1120x 
Run:  [65/1096] contains [Device=0 row_width=32 num_rows=262144 hit_rate=50 pattern=0]
Pass: Cold: 2.023552ms GPU, 2.028102ms CPU, 2.95s total GPU, 3.00s total wall, 1456x 
Run:  [66/1096] contains [Device=0 row_width=64 num_rows=262144 hit_rate=50 pattern=0]
Pass: Cold: 2.890621ms GPU, 2.895064ms CPU, 1.57s total GPU, 1.59s total wall, 544x 
Run:  [67/1096] contains [Device=0 row_width=128 num_rows=262144 hit_rate=50 pattern=0]
Pass: Cold: 3.857724ms GPU, 3.862199ms CPU, 2.04s total GPU, 2.05s total wall, 528x 
Run:  [68/1096] contains [Device=0 row_width=256 num_rows=262144 hit_rate=50 pattern=0]
Pass: Cold: 4.210919ms GPU, 4.215395ms CPU, 0.62s total GPU, 0.62s total wall, 147x 
Run:  [69/1096] contains [Device=0 row_width=32 num_rows=2097152 hit_rate=50 pattern=0]
Pass: Cold: 13.758783ms GPU, 13.763883ms CPU, 13.43s total GPU, 13.47s total wall, 976x 
Run:  [70/1096] contains [Device=0 row_width=64 num_rows=2097152 hit_rate=50 pattern=0]
Pass: Cold: 18.550326ms GPU, 18.555532ms CPU, 0.50s total GPU, 0.50s total wall, 27x 
Run:  [71/1096] contains [Device=0 row_width=128 num_rows=2097152 hit_rate=50 pattern=0]
Pass: Cold: 26.410349ms GPU, 26.415496ms CPU, 0.50s total GPU, 0.50s total wall, 19x 
Run:  [72/1096] contains [Device=0 row_width=256 num_rows=2097152 hit_rate=50 pattern=0]
Pass: Cold: 30.002432ms GPU, 30.008211ms CPU, 0.51s total GPU, 0.51s total wall, 17x 
Run:  [73/1096] contains [Device=0 row_width=32 num_rows=32768 hit_rate=100 pattern=0]
Pass: Cold: 0.161817ms GPU, 0.165907ms CPU, 0.50s total GPU, 0.61s total wall, 3104x 
Run:  [74/1096] contains [Device=0 row_width=64 num_rows=32768 hit_rate=100 pattern=0]
Pass: Cold: 0.241103ms GPU, 0.245111ms CPU, 0.50s total GPU, 0.57s total wall, 2080x 
Run:  [75/1096] contains [Device=0 row_width=128 num_rows=32768 hit_rate=100 pattern=0]
Pass: Cold: 0.388947ms GPU, 0.392971ms CPU, 0.50s total GPU, 0.54s total wall, 1296x 
Run:  [76/1096] contains [Device=0 row_width=256 num_rows=32768 hit_rate=100 pattern=0]
Pass: Cold: 0.425992ms GPU, 0.430030ms CPU, 0.50s total GPU, 0.54s total wall, 1184x 
Run:  [77/1096] contains [Device=0 row_width=32 num_rows=262144 hit_rate=100 pattern=0]
Pass: Cold: 1.332643ms GPU, 1.337186ms CPU, 2.77s total GPU, 2.85s total wall, 2080x 
Run:  [78/1096] contains [Device=0 row_width=64 num_rows=262144 hit_rate=100 pattern=0]
Pass: Cold: 2.285109ms GPU, 2.289341ms CPU, 0.91s total GPU, 0.93s total wall, 400x 
Run:  [79/1096] contains [Device=0 row_width=128 num_rows=262144 hit_rate=100 pattern=0]
Pass: Cold: 3.519231ms GPU, 3.523498ms CPU, 0.50s total GPU, 0.51s total wall, 143x 
Run:  [80/1096] contains [Device=0 row_width=256 num_rows=262144 hit_rate=100 pattern=0]
Pass: Cold: 3.792320ms GPU, 3.796625ms CPU, 0.50s total GPU, 0.50s total wall, 132x 
Run:  [81/1096] contains [Device=0 row_width=32 num_rows=2097152 hit_rate=100 pattern=0]
Pass: Cold: 9.282370ms GPU, 9.287393ms CPU, 12.92s total GPU, 12.97s total wall, 1392x 
Run:  [82/1096] contains [Device=0 row_width=64 num_rows=2097152 hit_rate=100 pattern=0]
Pass: Cold: 16.469876ms GPU, 16.474374ms CPU, 0.58s total GPU, 0.58s total wall, 35x 
Run:  [83/1096] contains [Device=0 row_width=128 num_rows=2097152 hit_rate=100 pattern=0]
Pass: Cold: 28.072332ms GPU, 28.077669ms CPU, 0.51s total GPU, 0.51s total wall, 18x 
Run:  [84/1096] contains [Device=0 row_width=256 num_rows=2097152 hit_rate=100 pattern=0]
Pass: Cold: 30.300059ms GPU, 30.305197ms CPU, 0.52s total GPU, 0.52s total wall, 17x 
Run:  [85/1096] contains [Device=0 row_width=32 num_rows=32768 hit_rate=50 pattern=1]
Pass: Cold: 1.386243ms GPU, 1.390680ms CPU, 1.49s total GPU, 1.52s total wall, 1072x 
Run:  [86/1096] contains [Device=0 row_width=64 num_rows=32768 hit_rate=50 pattern=1]
Pass: Cold: 3.762414ms GPU, 3.766935ms CPU, 1.99s total GPU, 2.01s total wall, 528x 
Run:  [87/1096] contains [Device=0 row_width=128 num_rows=32768 hit_rate=50 pattern=1]
Pass: Cold: 9.274328ms GPU, 9.279032ms CPU, 0.50s total GPU, 0.50s total wall, 54x 
Run:  [88/1096] contains [Device=0 row_width=256 num_rows=32768 hit_rate=50 pattern=1]
Pass: Cold: 19.831968ms GPU, 19.836883ms CPU, 0.56s total GPU, 0.56s total wall, 28x 
Run:  [89/1096] contains [Device=0 row_width=32 num_rows=262144 hit_rate=50 pattern=1]
Pass: Cold: 13.855838ms GPU, 13.861067ms CPU, 7.09s total GPU, 7.11s total wall, 512x 
Run:  [90/1096] contains [Device=0 row_width=64 num_rows=262144 hit_rate=50 pattern=1]
Pass: Cold: 38.176231ms GPU, 38.182749ms CPU, 0.53s total GPU, 0.54s total wall, 14x 
Run:  [91/1096] contains [Device=0 row_width=128 num_rows=262144 hit_rate=50 pattern=1]
Pass: Cold: 96.766639ms GPU, 96.773677ms CPU, 1.06s total GPU, 1.07s total wall, 11x 
Run:  [92/1096] contains [Device=0 row_width=256 num_rows=262144 hit_rate=50 pattern=1]
Pass: Cold: 200.284228ms GPU, 200.290717ms CPU, 2.20s total GPU, 2.20s total wall, 11x 
Run:  [93/1096] contains [Device=0 row_width=32 num_rows=2097152 hit_rate=50 pattern=1]
Pass: Cold: 93.642799ms GPU, 93.648656ms CPU, 1.03s total GPU, 1.03s total wall, 11x 
Run:  [94/1096] contains [Device=0 row_width=64 num_rows=2097152 hit_rate=50 pattern=1]
Pass: Cold: 272.008412ms GPU, 272.014880ms CPU, 2.99s total GPU, 2.99s total wall, 11x 
Run:  [95/1096] contains [Device=0 row_width=128 num_rows=2097152 hit_rate=50 pattern=1]
Pass: Cold: 705.199779ms GPU, 705.205223ms CPU, 7.76s total GPU, 7.76s total wall, 11x 
Run:  [96/1096] contains [Device=0 row_width=256 num_rows=2097152 hit_rate=50 pattern=1]
Pass: Cold: 1503.013855ms GPU, 1503.013323ms CPU, 15.03s total GPU, 15.03s total wall, 10x 
Run:  [97/1096] contains [Device=0 row_width=32 num_rows=32768 hit_rate=100 pattern=1]
Pass: Cold: 0.801748ms GPU, 0.806112ms CPU, 0.78s total GPU, 0.82s total wall, 976x 
Run:  [98/1096] contains [Device=0 row_width=64 num_rows=32768 hit_rate=100 pattern=1]
Pass: Cold: 2.085085ms GPU, 2.089565ms CPU, 0.50s total GPU, 0.51s total wall, 240x 
Run:  [99/1096] contains [Device=0 row_width=128 num_rows=32768 hit_rate=100 pattern=1]
Pass: Cold: 5.607179ms GPU, 5.611822ms CPU, 0.50s total GPU, 0.51s total wall, 90x 
Run:  [100/1096] contains [Device=0 row_width=256 num_rows=32768 hit_rate=100 pattern=1]
Pass: Cold: 11.788923ms GPU, 11.793505ms CPU, 0.51s total GPU, 0.51s total wall, 43x 
Run:  [101/1096] contains [Device=0 row_width=32 num_rows=262144 hit_rate=100 pattern=1]
Pass: Cold: 7.244455ms GPU, 7.249237ms CPU, 7.77s total GPU, 7.81s total wall, 1072x 
Run:  [102/1096] contains [Device=0 row_width=64 num_rows=262144 hit_rate=100 pattern=1]
Pass: Cold: 20.692468ms GPU, 20.697240ms CPU, 0.58s total GPU, 0.58s total wall, 28x 
Run:  [103/1096] contains [Device=0 row_width=128 num_rows=262144 hit_rate=100 pattern=1]
Pass: Cold: 56.868707ms GPU, 56.874935ms CPU, 0.63s total GPU, 0.63s total wall, 11x 
Run:  [104/1096] contains [Device=0 row_width=256 num_rows=262144 hit_rate=100 pattern=1]
Pass: Cold: 121.704545ms GPU, 121.711194ms CPU, 1.34s total GPU, 1.34s total wall, 11x 
Run:  [105/1096] contains [Device=0 row_width=32 num_rows=2097152 hit_rate=100 pattern=1]
Pass: Cold: 52.866906ms GPU, 52.872723ms CPU, 7.45s total GPU, 7.46s total wall, 141x 
Run:  [106/1096] contains [Device=0 row_width=64 num_rows=2097152 hit_rate=100 pattern=1]
Pass: Cold: 148.170993ms GPU, 148.177999ms CPU, 1.63s total GPU, 1.63s total wall, 11x 
Run:  [107/1096] contains [Device=0 row_width=128 num_rows=2097152 hit_rate=100 pattern=1]
Pass: Cold: 437.961703ms GPU, 437.967976ms CPU, 4.82s total GPU, 4.82s total wall, 11x 
Run:  [108/1096] contains [Device=0 row_width=256 num_rows=2097152 hit_rate=100 pattern=1]
Pass: Cold: 954.752258ms GPU, 954.755014ms CPU, 10.50s total GPU, 10.50s total wall, 11x 
Run:  [109/1096] contains [Device=0 row_width=32 num_rows=32768 hit_rate=50 pattern=2]
Pass: Cold: 0.127750ms GPU, 0.131718ms CPU, 0.50s total GPU, 0.63s total wall, 3920x 
Run:  [110/1096] contains [Device=0 row_width=64 num_rows=32768 hit_rate=50 pattern=2]
Pass: Cold: 0.230845ms GPU, 0.234851ms CPU, 0.50s total GPU, 0.57s total wall, 2176x 
Run:  [111/1096] contains [Device=0 row_width=128 num_rows=32768 hit_rate=50 pattern=2]
Pass: Cold: 0.428566ms GPU, 0.432615ms CPU, 0.50s total GPU, 0.54s total wall, 1168x 
Run:  [112/1096] contains [Device=0 row_width=256 num_rows=32768 hit_rate=50 pattern=2]
Pass: Cold: 0.679030ms GPU, 0.683108ms CPU, 0.84s total GPU, 0.87s total wall, 1232x 
Run:  [113/1096] contains [Device=0 row_width=32 num_rows=262144 hit_rate=50 pattern=2]
Pass: Cold: 1.119281ms GPU, 1.123746ms CPU, 0.52s total GPU, 0.53s total wall, 464x 
Run:  [114/1096] contains [Device=0 row_width=64 num_rows=262144 hit_rate=50 pattern=2]
Pass: Cold: 1.912842ms GPU, 1.917085ms CPU, 0.89s total GPU, 0.90s total wall, 464x 
Run:  [115/1096] contains [Device=0 row_width=128 num_rows=262144 hit_rate=50 pattern=2]
Pass: Cold: 3.226427ms GPU, 3.230759ms CPU, 2.84s total GPU, 2.87s total wall, 880x 
Run:  [116/1096] contains [Device=0 row_width=256 num_rows=262144 hit_rate=50 pattern=2]
Pass: Cold: 5.229032ms GPU, 5.233471ms CPU, 3.35s total GPU, 3.37s total wall, 640x 
Run:  [117/1096] contains [Device=0 row_width=32 num_rows=2097152 hit_rate=50 pattern=2]
Pass: Cold: 7.890449ms GPU, 7.894967ms CPU, 0.50s total GPU, 0.51s total wall, 64x 
Run:  [118/1096] contains [Device=0 row_width=64 num_rows=2097152 hit_rate=50 pattern=2]
Pass: Cold: 12.589987ms GPU, 12.594647ms CPU, 5.04s total GPU, 5.05s total wall, 400x 
Run:  [119/1096] contains [Device=0 row_width=128 num_rows=2097152 hit_rate=50 pattern=2]
Pass: Cold: 21.766104ms GPU, 21.770757ms CPU, 0.50s total GPU, 0.50s total wall, 23x 
Run:  [120/1096] contains [Device=0 row_width=256 num_rows=2097152 hit_rate=50 pattern=2]
Pass: Cold: 36.087342ms GPU, 36.093135ms CPU, 4.62s total GPU, 4.62s total wall, 128x 
Run:  [121/1096] contains [Device=0 row_width=32 num_rows=32768 hit_rate=100 pattern=2]
Pass: Cold: 0.119154ms GPU, 0.123185ms CPU, 0.50s total GPU, 0.65s total wall, 4208x 
Run:  [122/1096] contains [Device=0 row_width=64 num_rows=32768 hit_rate=100 pattern=2]
Pass: Cold: 0.185491ms GPU, 0.189456ms CPU, 0.50s total GPU, 0.59s total wall, 2704x 
Run:  [123/1096] contains [Device=0 row_width=128 num_rows=32768 hit_rate=100 pattern=2]
Pass: Cold: 0.299386ms GPU, 0.303370ms CPU, 0.50s total GPU, 0.55s total wall, 1680x 
Run:  [124/1096] contains [Device=0 row_width=256 num_rows=32768 hit_rate=100 pattern=2]
Pass: Cold: 0.322392ms GPU, 0.326377ms CPU, 0.50s total GPU, 0.54s total wall, 1552x 
Run:  [125/1096] contains [Device=0 row_width=32 num_rows=262144 hit_rate=100 pattern=2]
Pass: Cold: 0.935012ms GPU, 0.939514ms CPU, 1.17s total GPU, 1.21s total wall, 1248x 
Run:  [126/1096] contains [Device=0 row_width=64 num_rows=262144 hit_rate=100 pattern=2]
Pass: Cold: 1.687990ms GPU, 1.692189ms CPU, 0.50s total GPU, 0.51s total wall, 297x 
Run:  [127/1096] contains [Device=0 row_width=128 num_rows=262144 hit_rate=100 pattern=2]
Pass: Cold: 2.565997ms GPU, 2.570334ms CPU, 0.50s total GPU, 0.51s total wall, 195x 
Run:  [128/1096] contains [Device=0 row_width=256 num_rows=262144 hit_rate=100 pattern=2]
Pass: Cold: 2.725377ms GPU, 2.729646ms CPU, 0.50s total GPU, 0.51s total wall, 184x 
Run:  [129/1096] contains [Device=0 row_width=32 num_rows=2097152 hit_rate=100 pattern=2]
Pass: Cold: 6.677471ms GPU, 6.682490ms CPU, 8.12s total GPU, 8.16s total wall, 1216x 
Run:  [130/1096] contains [Device=0 row_width=64 num_rows=2097152 hit_rate=100 pattern=2]
Pass: Cold: 13.003050ms GPU, 13.008016ms CPU, 0.51s total GPU, 0.51s total wall, 39x 
Run:  [131/1096] contains [Device=0 row_width=128 num_rows=2097152 hit_rate=100 pattern=2]
Pass: Cold: 20.211575ms GPU, 20.216302ms CPU, 0.51s total GPU, 0.51s total wall, 25x 
Run:  [132/1096] contains [Device=0 row_width=256 num_rows=2097152 hit_rate=100 pattern=2]
Pass: Cold: 21.570597ms GPU, 21.576066ms CPU, 0.52s total GPU, 0.52s total wall, 24x 
Run:  [133/1096] datetime [Device=0 DataType=cudf::timestamp_D dir=to num_rows=65536]
Pass: Cold: 0.048478ms GPU, 0.052180ms CPU, 0.50s total GPU, 0.88s total wall, 10320x 
Run:  [134/1096] datetime [Device=0 DataType=cudf::timestamp_D dir=from num_rows=65536]
Pass: Cold: 0.095365ms GPU, 0.099217ms CPU, 0.50s total GPU, 0.68s total wall, 5248x 
Run:  [135/1096] datetime [Device=0 DataType=cudf::timestamp_D dir=to num_rows=262144]
Pass: Cold: 0.079304ms GPU, 0.083044ms CPU, 0.50s total GPU, 0.68s total wall, 6320x 
Run:  [136/1096] datetime [Device=0 DataType=cudf::timestamp_D dir=from num_rows=262144]
Pass: Cold: 0.258260ms GPU, 0.262399ms CPU, 0.56s total GPU, 0.63s total wall, 2160x 
Run:  [137/1096] datetime [Device=0 DataType=cudf::timestamp_D dir=to num_rows=1048576]
Pass: Cold: 0.219717ms GPU, 0.223935ms CPU, 0.51s total GPU, 0.57s total wall, 2304x 
Run:  [138/1096] datetime [Device=0 DataType=cudf::timestamp_D dir=from num_rows=1048576]
Pass: Cold: 0.982995ms GPU, 0.987337ms CPU, 1.89s total GPU, 1.95s total wall, 1920x 
Run:  [139/1096] datetime [Device=0 DataType=cudf::timestamp_D dir=to num_rows=4194304]
Pass: Cold: 0.839297ms GPU, 0.843734ms CPU, 2.22s total GPU, 2.29s total wall, 2640x 
Run:  [140/1096] datetime [Device=0 DataType=cudf::timestamp_D dir=from num_rows=4194304]
Pass: Cold: 3.867740ms GPU, 3.872323ms CPU, 6.37s total GPU, 6.43s total wall, 1648x 
Run:  [141/1096] datetime [Device=0 DataType=cudf::timestamp_s dir=to num_rows=65536]
Pass: Cold: 0.048905ms GPU, 0.052616ms CPU, 0.50s total GPU, 0.88s total wall, 10224x 
Run:  [142/1096] datetime [Device=0 DataType=cudf::timestamp_s dir=from num_rows=65536]
Pass: Cold: 0.097878ms GPU, 0.101783ms CPU, 0.50s total GPU, 0.67s total wall, 5120x 
Run:  [143/1096] datetime [Device=0 DataType=cudf::timestamp_s dir=to num_rows=262144]
Pass: Cold: 0.083366ms GPU, 0.087185ms CPU, 0.50s total GPU, 0.69s total wall, 6000x 
Run:  [144/1096] datetime [Device=0 DataType=cudf::timestamp_s dir=from num_rows=262144]
Pass: Cold: 0.281760ms GPU, 0.285898ms CPU, 0.56s total GPU, 0.63s total wall, 2000x 
Run:  [145/1096] datetime [Device=0 DataType=cudf::timestamp_s dir=to num_rows=1048576]
Pass: Cold: 0.236031ms GPU, 0.240230ms CPU, 0.50s total GPU, 0.57s total wall, 2128x 
Run:  [146/1096] datetime [Device=0 DataType=cudf::timestamp_s dir=from num_rows=1048576]
Pass: Cold: 1.076106ms GPU, 1.080486ms CPU, 1.27s total GPU, 1.31s total wall, 1184x 
Run:  [147/1096] datetime [Device=0 DataType=cudf::timestamp_s dir=to num_rows=4194304]
Pass: Cold: 0.906378ms GPU, 0.910831ms CPU, 1.73s total GPU, 1.79s total wall, 1904x 
Run:  [148/1096] datetime [Device=0 DataType=cudf::timestamp_s dir=from num_rows=4194304]
Pass: Cold: 4.237905ms GPU, 4.242442ms CPU, 7.80s total GPU, 7.86s total wall, 1840x 
Run:  [149/1096] datetime [Device=0 DataType=cudf::timestamp_ms dir=to num_rows=65536]
Pass: Cold: 0.070653ms GPU, 0.074363ms CPU, 0.50s total GPU, 0.75s total wall, 7088x 
Run:  [150/1096] datetime [Device=0 DataType=cudf::timestamp_ms dir=from num_rows=65536]
Pass: Cold: 0.098571ms GPU, 0.102483ms CPU, 0.50s total GPU, 0.67s total wall, 5088x 
Run:  [151/1096] datetime [Device=0 DataType=cudf::timestamp_ms dir=to num_rows=262144]
Pass: Cold: 0.171140ms GPU, 0.174860ms CPU, 0.50s total GPU, 0.60s total wall, 2944x 
Run:  [152/1096] datetime [Device=0 DataType=cudf::timestamp_ms dir=from num_rows=262144]
Pass: Cold: 0.286917ms GPU, 0.291041ms CPU, 0.69s total GPU, 0.77s total wall, 2416x 
Run:  [153/1096] datetime [Device=0 DataType=cudf::timestamp_ms dir=to num_rows=1048576]
Pass: Cold: 0.542617ms GPU, 0.546591ms CPU, 0.50s total GPU, 0.53s total wall, 928x 
Run:  [154/1096] datetime [Device=0 DataType=cudf::timestamp_ms dir=from num_rows=1048576]
Pass: Cold: 1.086484ms GPU, 1.090891ms CPU, 1.70s total GPU, 1.76s total wall, 1568x 
Run:  [155/1096] datetime [Device=0 DataType=cudf::timestamp_ms dir=to num_rows=4194304]
Pass: Cold: 2.037293ms GPU, 2.041250ms CPU, 0.50s total GPU, 0.51s total wall, 246x 
Run:  [156/1096] datetime [Device=0 DataType=cudf::timestamp_ms dir=from num_rows=4194304]
Pass: Cold: 4.288217ms GPU, 4.292883ms CPU, 3.36s total GPU, 3.39s total wall, 784x 
Run:  [157/1096] datetime [Device=0 DataType=cudf::timestamp_us dir=to num_rows=65536]
Pass: Cold: 0.071999ms GPU, 0.075715ms CPU, 0.50s total GPU, 0.75s total wall, 6960x 
Run:  [158/1096] datetime [Device=0 DataType=cudf::timestamp_us dir=from num_rows=65536]
Pass: Cold: 0.098596ms GPU, 0.102517ms CPU, 0.50s total GPU, 0.67s total wall, 5072x 
Run:  [159/1096] datetime [Device=0 DataType=cudf::timestamp_us dir=to num_rows=262144]
Pass: Cold: 0.171232ms GPU, 0.174955ms CPU, 0.50s total GPU, 0.60s total wall, 2928x 
Run:  [160/1096] datetime [Device=0 DataType=cudf::timestamp_us dir=from num_rows=262144]
Pass: Cold: 0.287261ms GPU, 0.291399ms CPU, 0.72s total GPU, 0.80s total wall, 2496x 
Run:  [161/1096] datetime [Device=0 DataType=cudf::timestamp_us dir=to num_rows=1048576]
Pass: Cold: 0.544162ms GPU, 0.548088ms CPU, 0.55s total GPU, 0.58s total wall, 1008x 
Run:  [162/1096] datetime [Device=0 DataType=cudf::timestamp_us dir=from num_rows=1048576]
Pass: Cold: 1.090089ms GPU, 1.094465ms CPU, 2.34s total GPU, 2.41s total wall, 2144x 
Run:  [163/1096] datetime [Device=0 DataType=cudf::timestamp_us dir=to num_rows=4194304]
Pass: Cold: 2.037166ms GPU, 2.041215ms CPU, 0.50s total GPU, 0.51s total wall, 246x 
Run:  [164/1096] datetime [Device=0 DataType=cudf::timestamp_us dir=from num_rows=4194304]
Pass: Cold: 4.298017ms GPU, 4.302717ms CPU, 3.03s total GPU, 3.05s total wall, 704x 
Run:  [165/1096] datetime [Device=0 DataType=cudf::timestamp_ns dir=to num_rows=65536]
Pass: Cold: 0.070215ms GPU, 0.073947ms CPU, 0.50s total GPU, 0.75s total wall, 7136x 
Run:  [166/1096] datetime [Device=0 DataType=cudf::timestamp_ns dir=from num_rows=65536]
Pass: Cold: 0.098019ms GPU, 0.101861ms CPU, 0.50s total GPU, 0.67s total wall, 5104x 
Run:  [167/1096] datetime [Device=0 DataType=cudf::timestamp_ns dir=to num_rows=262144]
Pass: Cold: 0.170955ms GPU, 0.174691ms CPU, 0.50s total GPU, 0.60s total wall, 2944x 
Run:  [168/1096] datetime [Device=0 DataType=cudf::timestamp_ns dir=from num_rows=262144]
Pass: Cold: 0.287715ms GPU, 0.291867ms CPU, 0.74s total GPU, 0.83s total wall, 2576x 
Run:  [169/1096] datetime [Device=0 DataType=cudf::timestamp_ns dir=to num_rows=1048576]
Pass: Cold: 0.543450ms GPU, 0.547377ms CPU, 0.50s total GPU, 0.53s total wall, 928x 
Run:  [170/1096] datetime [Device=0 DataType=cudf::timestamp_ns dir=from num_rows=1048576]
Pass: Cold: 1.090381ms GPU, 1.094835ms CPU, 1.87s total GPU, 1.93s total wall, 1712x 
Run:  [171/1096] datetime [Device=0 DataType=cudf::timestamp_ns dir=to num_rows=4194304]
Pass: Cold: 2.035106ms GPU, 2.039072ms CPU, 0.50s total GPU, 0.51s total wall, 246x 
Run:  [172/1096] datetime [Device=0 DataType=cudf::timestamp_ns dir=from num_rows=4194304]
Pass: Cold: 4.305101ms GPU, 4.309832ms CPU, 3.93s total GPU, 3.96s total wall, 912x 
Run:  [173/1096] duration [Device=0 DataType=cudf::duration_D dir=to num_rows=1024]
Pass: Cold: 0.043149ms GPU, 0.046854ms CPU, 0.50s total GPU, 0.95s total wall, 11600x 
Run:  [174/1096] duration [Device=0 DataType=cudf::duration_D dir=from num_rows=1024]
Pass: Cold: 0.045840ms GPU, 0.049612ms CPU, 0.50s total GPU, 0.92s total wall, 10912x 
Run:  [175/1096] duration [Device=0 DataType=cudf::duration_D dir=to num_rows=32768]
Pass: Cold: 0.044613ms GPU, 0.048300ms CPU, 0.50s total GPU, 0.92s total wall, 11216x 
Run:  [176/1096] duration [Device=0 DataType=cudf::duration_D dir=from num_rows=32768]
Pass: Cold: 0.060047ms GPU, 0.063851ms CPU, 0.50s total GPU, 0.80s total wall, 8336x 
Run:  [177/1096] duration [Device=0 DataType=cudf::duration_D dir=to num_rows=1048576]
Pass: Cold: 0.211170ms GPU, 0.215322ms CPU, 0.63s total GPU, 0.71s total wall, 2992x 
Run:  [178/1096] duration [Device=0 DataType=cudf::duration_D dir=from num_rows=1048576]
Pass: Cold: 0.643398ms GPU, 0.647664ms CPU, 0.79s total GPU, 0.83s total wall, 1232x 
Run:  [179/1096] duration [Device=0 DataType=cudf::duration_D dir=to num_rows=33554432]
Pass: Cold: 6.481555ms GPU, 6.485987ms CPU, 8.50s total GPU, 8.54s total wall, 1312x 
Run:  [180/1096] duration [Device=0 DataType=cudf::duration_D dir=from num_rows=33554432]
Pass: Cold: 19.881186ms GPU, 19.885826ms CPU, 12.09s total GPU, 12.11s total wall, 608x 
Run:  [181/1096] duration [Device=0 DataType=cudf::duration_s dir=to num_rows=1024]
Pass: Cold: 0.042171ms GPU, 0.045867ms CPU, 0.50s total GPU, 0.96s total wall, 11872x 
Run:  [182/1096] duration [Device=0 DataType=cudf::duration_s dir=from num_rows=1024]
Pass: Cold: 0.047090ms GPU, 0.050891ms CPU, 0.50s total GPU, 0.90s total wall, 10624x 
Run:  [183/1096] duration [Device=0 DataType=cudf::duration_s dir=to num_rows=32768]
Pass: Cold: 0.045357ms GPU, 0.049039ms CPU, 0.50s total GPU, 0.91s total wall, 11040x 
Run:  [184/1096] duration [Device=0 DataType=cudf::duration_s dir=from num_rows=32768]
Pass: Cold: 0.062060ms GPU, 0.065902ms CPU, 0.50s total GPU, 0.79s total wall, 8064x 
Run:  [185/1096] duration [Device=0 DataType=cudf::duration_s dir=to num_rows=1048576]
Pass: Cold: 0.210336ms GPU, 0.214507ms CPU, 0.63s total GPU, 0.72s total wall, 2992x 
Run:  [186/1096] duration [Device=0 DataType=cudf::duration_s dir=from num_rows=1048576]
Pass: Cold: 0.673679ms GPU, 0.677946ms CPU, 1.03s total GPU, 1.09s total wall, 1536x 
Run:  [187/1096] duration [Device=0 DataType=cudf::duration_s dir=to num_rows=33554432]
Pass: Cold: 6.563135ms GPU, 6.567616ms CPU, 7.77s total GPU, 7.81s total wall, 1184x 
Run:  [188/1096] duration [Device=0 DataType=cudf::duration_s dir=from num_rows=33554432]
Pass: Cold: 21.048985ms GPU, 21.054038ms CPU, 3.03s total GPU, 3.04s total wall, 144x 
Run:  [189/1096] duration [Device=0 DataType=cudf::duration_ms dir=to num_rows=1024]
Pass: Cold: 0.045418ms GPU, 0.049147ms CPU, 0.50s total GPU, 0.92s total wall, 11024x 
Run:  [190/1096] duration [Device=0 DataType=cudf::duration_ms dir=from num_rows=1024]
Pass: Cold: 0.048710ms GPU, 0.052493ms CPU, 0.50s total GPU, 0.89s total wall, 10272x 
Run:  [191/1096] duration [Device=0 DataType=cudf::duration_ms dir=to num_rows=32768]
Pass: Cold: 0.047917ms GPU, 0.051603ms CPU, 0.50s total GPU, 0.88s total wall, 10448x 
Run:  [192/1096] duration [Device=0 DataType=cudf::duration_ms dir=from num_rows=32768]
Pass: Cold: 0.069073ms GPU, 0.072904ms CPU, 0.50s total GPU, 0.75s total wall, 7248x 
Run:  [193/1096] duration [Device=0 DataType=cudf::duration_ms dir=to num_rows=1048576]
Pass: Cold: 0.254277ms GPU, 0.258488ms CPU, 0.78s total GPU, 0.87s total wall, 3056x 
Run:  [194/1096] duration [Device=0 DataType=cudf::duration_ms dir=from num_rows=1048576]
Pass: Cold: 0.896122ms GPU, 0.900371ms CPU, 1.89s total GPU, 1.96s total wall, 2112x 
Run:  [195/1096] duration [Device=0 DataType=cudf::duration_ms dir=to num_rows=33554432]
Pass: Cold: 7.951163ms GPU, 7.955703ms CPU, 11.83s total GPU, 11.88s total wall, 1488x 
Run:  [196/1096] duration [Device=0 DataType=cudf::duration_ms dir=from num_rows=33554432]
Pass: Cold: 27.963447ms GPU, 27.968036ms CPU, 14.76s total GPU, 14.78s total wall, 528x 
Run:  [197/1096] duration [Device=0 DataType=cudf::duration_us dir=to num_rows=1024]
Pass: Cold: 0.045718ms GPU, 0.049451ms CPU, 0.52s total GPU, 0.96s total wall, 11328x 
Run:  [198/1096] duration [Device=0 DataType=cudf::duration_us dir=from num_rows=1024]
Pass: Cold: 0.049709ms GPU, 0.053514ms CPU, 0.50s total GPU, 0.88s total wall, 10064x 
Run:  [199/1096] duration [Device=0 DataType=cudf::duration_us dir=to num_rows=32768]
Pass: Cold: 0.048152ms GPU, 0.051837ms CPU, 0.50s total GPU, 0.88s total wall, 10384x 
Run:  [200/1096] duration [Device=0 DataType=cudf::duration_us dir=from num_rows=32768]
Pass: Cold: 0.074992ms GPU, 0.078852ms CPU, 0.50s total GPU, 0.73s total wall, 6672x 
Run:  [201/1096] duration [Device=0 DataType=cudf::duration_us dir=to num_rows=1048576]
Pass: Cold: 0.272565ms GPU, 0.276778ms CPU, 0.78s total GPU, 0.87s total wall, 2864x 
Run:  [202/1096] duration [Device=0 DataType=cudf::duration_us dir=from num_rows=1048576]
Pass: Cold: 1.093948ms GPU, 1.098193ms CPU, 2.87s total GPU, 2.96s total wall, 2624x 
Run:  [203/1096] duration [Device=0 DataType=cudf::duration_us dir=to num_rows=33554432]
Warn: Current measurement timed out (15.00s) while over noise threshold (1.76% > 0.50%)
Pass: Cold: 8.539659ms GPU, 8.544166ms CPU, 14.94s total GPU, 15.00s total wall, 1750x 
Run:  [204/1096] duration [Device=0 DataType=cudf::duration_us dir=from num_rows=33554432]
Warn: Current measurement timed out (15.01s) while over noise threshold (0.58% > 0.50%)
Pass: Cold: 34.159414ms GPU, 34.164199ms CPU, 15.00s total GPU, 15.01s total wall, 439x 
Run:  [205/1096] duration [Device=0 DataType=cudf::duration_ns dir=to num_rows=1024]
Pass: Cold: 0.044370ms GPU, 0.048039ms CPU, 0.50s total GPU, 0.93s total wall, 11280x 
Run:  [206/1096] duration [Device=0 DataType=cudf::duration_ns dir=from num_rows=1024]
Pass: Cold: 0.049765ms GPU, 0.053571ms CPU, 0.50s total GPU, 0.88s total wall, 10048x 
Run:  [207/1096] duration [Device=0 DataType=cudf::duration_ns dir=to num_rows=32768]
Pass: Cold: 0.048170ms GPU, 0.051852ms CPU, 0.50s total GPU, 0.88s total wall, 10384x 
Run:  [208/1096] duration [Device=0 DataType=cudf::duration_ns dir=from num_rows=32768]
Pass: Cold: 0.081867ms GPU, 0.085700ms CPU, 0.50s total GPU, 0.71s total wall, 6112x 
Run:  [209/1096] duration [Device=0 DataType=cudf::duration_ns dir=to num_rows=1048576]
Pass: Cold: 0.285692ms GPU, 0.289940ms CPU, 0.79s total GPU, 0.87s total wall, 2752x 
Run:  [210/1096] duration [Device=0 DataType=cudf::duration_ns dir=from num_rows=1048576]
Pass: Cold: 1.317228ms GPU, 1.321434ms CPU, 3.46s total GPU, 3.55s total wall, 2624x 
Run:  [211/1096] duration [Device=0 DataType=cudf::duration_ns dir=to num_rows=33554432]
Pass: Cold: 9.031034ms GPU, 9.035660ms CPU, 14.74s total GPU, 14.79s total wall, 1632x 
Run:  [212/1096] duration [Device=0 DataType=cudf::duration_ns dir=from num_rows=33554432]
Warn: Current measurement timed out (15.01s) while over noise threshold (0.80% > 0.50%)
Pass: Cold: 41.305341ms GPU, 41.311142ms CPU, 14.99s total GPU, 15.01s total wall, 363x 
Run:  [213/1096] fixed_point [Device=0 DataType=decimal32 dir=to num_rows=65536]
Pass: Cold: 0.118379ms GPU, 0.122363ms CPU, 0.50s total GPU, 0.64s total wall, 4224x 
Run:  [214/1096] fixed_point [Device=0 DataType=decimal32 dir=from num_rows=65536]
Pass: Cold: 0.040517ms GPU, 0.044202ms CPU, 0.50s total GPU, 0.97s total wall, 12352x 
Run:  [215/1096] fixed_point [Device=0 DataType=decimal32 dir=to num_rows=262144]
Pass: Cold: 0.382295ms GPU, 0.386461ms CPU, 1.02s total GPU, 1.11s total wall, 2672x 
Run:  [216/1096] fixed_point [Device=0 DataType=decimal32 dir=from num_rows=262144]
Pass: Cold: 0.066263ms GPU, 0.070017ms CPU, 0.50s total GPU, 0.74s total wall, 7552x 
Run:  [217/1096] fixed_point [Device=0 DataType=decimal32 dir=to num_rows=1048576]
Pass: Cold: 1.498452ms GPU, 1.502868ms CPU, 3.28s total GPU, 3.36s total wall, 2192x 
Run:  [218/1096] fixed_point [Device=0 DataType=decimal32 dir=from num_rows=1048576]
Pass: Cold: 0.195894ms GPU, 0.200052ms CPU, 0.50s total GPU, 0.57s total wall, 2560x 
Run:  [219/1096] fixed_point [Device=0 DataType=decimal32 dir=to num_rows=4194304]
Pass: Cold: 5.924826ms GPU, 5.929553ms CPU, 3.41s total GPU, 3.43s total wall, 576x 
Run:  [220/1096] fixed_point [Device=0 DataType=decimal32 dir=from num_rows=4194304]
Pass: Cold: 0.769025ms GPU, 0.773413ms CPU, 1.26s total GPU, 1.30s total wall, 1632x 
Run:  [221/1096] fixed_point [Device=0 DataType=decimal64 dir=to num_rows=65536]
Pass: Cold: 0.195628ms GPU, 0.199666ms CPU, 0.57s total GPU, 0.66s total wall, 2896x 
Run:  [222/1096] fixed_point [Device=0 DataType=decimal64 dir=from num_rows=65536]
Pass: Cold: 0.052883ms GPU, 0.056597ms CPU, 0.50s total GPU, 0.84s total wall, 9456x 
Run:  [223/1096] fixed_point [Device=0 DataType=decimal64 dir=to num_rows=262144]
Pass: Cold: 0.678765ms GPU, 0.683022ms CPU, 1.90s total GPU, 2.00s total wall, 2800x 
Run:  [224/1096] fixed_point [Device=0 DataType=decimal64 dir=from num_rows=262144]
Pass: Cold: 0.111503ms GPU, 0.115480ms CPU, 0.50s total GPU, 0.65s total wall, 4496x 
Run:  [225/1096] fixed_point [Device=0 DataType=decimal64 dir=to num_rows=1048576]
Pass: Cold: 2.662359ms GPU, 2.666833ms CPU, 3.11s total GPU, 3.15s total wall, 1168x 
Run:  [226/1096] fixed_point [Device=0 DataType=decimal64 dir=from num_rows=1048576]
Pass: Cold: 0.387034ms GPU, 0.391271ms CPU, 0.95s total GPU, 1.03s total wall, 2464x 
Run:  [227/1096] fixed_point [Device=0 DataType=decimal64 dir=to num_rows=4194304]
Pass: Cold: 10.610023ms GPU, 10.614837ms CPU, 6.45s total GPU, 6.47s total wall, 608x 
Run:  [228/1096] fixed_point [Device=0 DataType=decimal64 dir=from num_rows=4194304]
Pass: Cold: 1.503007ms GPU, 1.507332ms CPU, 2.98s total GPU, 3.04s total wall, 1984x 
Run:  [229/1096] numeric [Device=0 NumericType=F32 dir=to num_rows=65536]
Pass: Cold: 0.094441ms GPU, 0.098343ms CPU, 0.50s total GPU, 0.68s total wall, 5296x 
Run:  [230/1096] numeric [Device=0 NumericType=F32 dir=from num_rows=65536]
Pass: Cold: 0.074004ms GPU, 0.077677ms CPU, 0.50s total GPU, 0.73s total wall, 6768x 
Run:  [231/1096] numeric [Device=0 NumericType=F32 dir=to num_rows=262144]
Pass: Cold: 0.217321ms GPU, 0.221538ms CPU, 0.56s total GPU, 0.64s total wall, 2560x 
Run:  [232/1096] numeric [Device=0 NumericType=F32 dir=from num_rows=262144]
Pass: Cold: 0.169404ms GPU, 0.173100ms CPU, 0.50s total GPU, 0.58s total wall, 2960x 
Run:  [233/1096] numeric [Device=0 NumericType=F32 dir=to num_rows=1048576]
Pass: Cold: 0.767751ms GPU, 0.771782ms CPU, 0.86s total GPU, 0.90s total wall, 1120x 
Run:  [234/1096] numeric [Device=0 NumericType=F32 dir=from num_rows=1048576]
Pass: Cold: 0.588249ms GPU, 0.592028ms CPU, 1.31s total GPU, 1.37s total wall, 2224x 
Run:  [235/1096] numeric [Device=0 NumericType=F32 dir=to num_rows=4194304]
Pass: Cold: 3.018574ms GPU, 3.022776ms CPU, 5.12s total GPU, 5.18s total wall, 1696x 
Run:  [236/1096] numeric [Device=0 NumericType=F32 dir=from num_rows=4194304]
Pass: Cold: 2.266827ms GPU, 2.270609ms CPU, 3.30s total GPU, 3.34s total wall, 1456x 
Run:  [237/1096] numeric [Device=0 NumericType=F64 dir=to num_rows=65536]
Pass: Cold: 0.091494ms GPU, 0.095409ms CPU, 0.50s total GPU, 0.69s total wall, 5472x 
Run:  [238/1096] numeric [Device=0 NumericType=F64 dir=from num_rows=65536]
Pass: Cold: 0.073572ms GPU, 0.077301ms CPU, 0.50s total GPU, 0.74s total wall, 6800x 
Run:  [239/1096] numeric [Device=0 NumericType=F64 dir=to num_rows=262144]
Pass: Cold: 0.222812ms GPU, 0.226795ms CPU, 0.52s total GPU, 0.60s total wall, 2336x 
Run:  [240/1096] numeric [Device=0 NumericType=F64 dir=from num_rows=262144]
Pass: Cold: 0.167631ms GPU, 0.171383ms CPU, 0.50s total GPU, 0.59s total wall, 2992x 
Run:  [241/1096] numeric [Device=0 NumericType=F64 dir=to num_rows=1048576]
Pass: Cold: 0.800618ms GPU, 0.804750ms CPU, 1.08s total GPU, 1.12s total wall, 1344x 
Run:  [242/1096] numeric [Device=0 NumericType=F64 dir=from num_rows=1048576]
Pass: Cold: 0.586294ms GPU, 0.590050ms CPU, 1.37s total GPU, 1.44s total wall, 2336x 
Run:  [243/1096] numeric [Device=0 NumericType=F64 dir=to num_rows=4194304]
Pass: Cold: 3.057856ms GPU, 3.062151ms CPU, 4.26s total GPU, 4.30s total wall, 1392x 
Run:  [244/1096] numeric [Device=0 NumericType=F64 dir=from num_rows=4194304]
Pass: Cold: 2.277408ms GPU, 2.281205ms CPU, 4.34s total GPU, 4.40s total wall, 1904x 
Run:  [245/1096] numeric [Device=0 NumericType=I32 dir=to num_rows=65536]
Pass: Cold: 0.058549ms GPU, 0.062404ms CPU, 0.50s total GPU, 0.81s total wall, 8544x 
Run:  [246/1096] numeric [Device=0 NumericType=I32 dir=from num_rows=65536]
Pass: Cold: 0.033560ms GPU, 0.037259ms CPU, 0.50s total GPU, 1.09s total wall, 14912x 
Run:  [247/1096] numeric [Device=0 NumericType=I32 dir=to num_rows=262144]
Pass: Cold: 0.093599ms GPU, 0.097529ms CPU, 0.50s total GPU, 0.68s total wall, 5344x 
Run:  [248/1096] numeric [Device=0 NumericType=I32 dir=from num_rows=262144]
Pass: Cold: 0.050385ms GPU, 0.054097ms CPU, 0.53s total GPU, 0.91s total wall, 10592x 
Run:  [249/1096] numeric [Device=0 NumericType=I32 dir=to num_rows=1048576]
Pass: Cold: 0.307070ms GPU, 0.311310ms CPU, 0.76s total GPU, 0.84s total wall, 2480x 
Run:  [250/1096] numeric [Device=0 NumericType=I32 dir=from num_rows=1048576]
Pass: Cold: 0.111223ms GPU, 0.115234ms CPU, 0.50s total GPU, 0.63s total wall, 4496x 
Run:  [251/1096] numeric [Device=0 NumericType=I32 dir=to num_rows=4194304]
Pass: Cold: 1.190420ms GPU, 1.195035ms CPU, 2.44s total GPU, 2.51s total wall, 2048x 
Run:  [252/1096] numeric [Device=0 NumericType=I32 dir=from num_rows=4194304]
Pass: Cold: 0.363075ms GPU, 0.367357ms CPU, 0.60s total GPU, 0.65s total wall, 1648x 
Run:  [253/1096] numeric [Device=0 NumericType=I64 dir=to num_rows=65536]
Pass: Cold: 0.087424ms GPU, 0.091299ms CPU, 0.50s total GPU, 0.70s total wall, 5728x 
Run:  [254/1096] numeric [Device=0 NumericType=I64 dir=from num_rows=65536]
Pass: Cold: 0.038303ms GPU, 0.042050ms CPU, 0.50s total GPU, 1.01s total wall, 13056x 
Run:  [255/1096] numeric [Device=0 NumericType=I64 dir=to num_rows=262144]
Pass: Cold: 0.231726ms GPU, 0.235883ms CPU, 0.67s total GPU, 0.76s total wall, 2880x 
Run:  [256/1096] numeric [Device=0 NumericType=I64 dir=from num_rows=262144]
Pass: Cold: 0.067564ms GPU, 0.071312ms CPU, 0.50s total GPU, 0.74s total wall, 7408x 
Run:  [257/1096] numeric [Device=0 NumericType=I64 dir=to num_rows=1048576]
Pass: Cold: 0.886882ms GPU, 0.891309ms CPU, 2.33s total GPU, 2.42s total wall, 2624x 
Run:  [258/1096] numeric [Device=0 NumericType=I64 dir=from num_rows=1048576]
Pass: Cold: 0.172173ms GPU, 0.176407ms CPU, 0.50s total GPU, 0.59s total wall, 2912x 
Run:  [259/1096] numeric [Device=0 NumericType=I64 dir=to num_rows=4194304]
Pass: Cold: 3.488156ms GPU, 3.493000ms CPU, 2.12s total GPU, 2.14s total wall, 608x 
Run:  [260/1096] numeric [Device=0 NumericType=I64 dir=from num_rows=4194304]
Pass: Cold: 0.646268ms GPU, 0.650913ms CPU, 1.16s total GPU, 1.21s total wall, 1792x 
Run:  [261/1096] numeric [Device=0 NumericType=U8 dir=to num_rows=65536]
Pass: Cold: 0.046053ms GPU, 0.049872ms CPU, 0.50s total GPU, 0.91s total wall, 10864x 
Run:  [262/1096] numeric [Device=0 NumericType=U8 dir=from num_rows=65536]
Pass: Cold: 0.030678ms GPU, 0.034408ms CPU, 0.50s total GPU, 1.16s total wall, 16320x 
Run:  [263/1096] numeric [Device=0 NumericType=U8 dir=to num_rows=262144]
Pass: Cold: 0.053905ms GPU, 0.057743ms CPU, 0.50s total GPU, 0.84s total wall, 9280x 
Run:  [264/1096] numeric [Device=0 NumericType=U8 dir=from num_rows=262144]
Pass: Cold: 0.039141ms GPU, 0.042895ms CPU, 0.50s total GPU, 0.99s total wall, 12784x 
Run:  [265/1096] numeric [Device=0 NumericType=U8 dir=to num_rows=1048576]
Pass: Cold: 0.154356ms GPU, 0.158329ms CPU, 0.50s total GPU, 0.60s total wall, 3248x 
Run:  [266/1096] numeric [Device=0 NumericType=U8 dir=from num_rows=1048576]
Pass: Cold: 0.074019ms GPU, 0.077759ms CPU, 0.50s total GPU, 0.69s total wall, 6768x 
Run:  [267/1096] numeric [Device=0 NumericType=U8 dir=to num_rows=4194304]
Pass: Cold: 0.530120ms GPU, 0.534254ms CPU, 1.23s total GPU, 1.30s total wall, 2320x 
Run:  [268/1096] numeric [Device=0 NumericType=U8 dir=from num_rows=4194304]
Pass: Cold: 0.218241ms GPU, 0.222272ms CPU, 0.50s total GPU, 0.56s total wall, 2304x 
Run:  [269/1096] numeric [Device=0 NumericType=U16 dir=to num_rows=65536]
Pass: Cold: 0.053183ms GPU, 0.057009ms CPU, 0.50s total GPU, 0.84s total wall, 9408x 
Run:  [270/1096] numeric [Device=0 NumericType=U16 dir=from num_rows=65536]
Pass: Cold: 0.031918ms GPU, 0.035642ms CPU, 0.50s total GPU, 1.12s total wall, 15680x 
Run:  [271/1096] numeric [Device=0 NumericType=U16 dir=to num_rows=262144]
Pass: Cold: 0.070870ms GPU, 0.074709ms CPU, 0.50s total GPU, 0.75s total wall, 7056x 
Run:  [272/1096] numeric [Device=0 NumericType=U16 dir=from num_rows=262144]
Pass: Cold: 0.042715ms GPU, 0.046471ms CPU, 0.50s total GPU, 0.94s total wall, 11712x 
Run:  [273/1096] numeric [Device=0 NumericType=U16 dir=to num_rows=1048576]
Pass: Cold: 0.200649ms GPU, 0.204753ms CPU, 0.50s total GPU, 0.58s total wall, 2496x 
Run:  [274/1096] numeric [Device=0 NumericType=U16 dir=from num_rows=1048576]
Pass: Cold: 0.086297ms GPU, 0.090049ms CPU, 0.50s total GPU, 0.67s total wall, 5808x 
Run:  [275/1096] numeric [Device=0 NumericType=U16 dir=to num_rows=4194304]
Pass: Cold: 0.712367ms GPU, 0.716814ms CPU, 1.93s total GPU, 2.02s total wall, 2704x 
Run:  [276/1096] numeric [Device=0 NumericType=U16 dir=from num_rows=4194304]
Pass: Cold: 0.270374ms GPU, 0.274495ms CPU, 0.65s total GPU, 0.72s total wall, 2416x 
Run:  [277/1096] copy [Device=0 min_width=0 max_width=32 num_rows=32768 api=gather]
Pass: Cold: 0.112905ms GPU, 0.117075ms CPU, 0.50s total GPU, 0.65s total wall, 4432x 
Run:  [278/1096] copy [Device=0 min_width=0 max_width=64 num_rows=32768 api=gather]
Pass: Cold: 0.125674ms GPU, 0.129833ms CPU, 0.50s total GPU, 0.64s total wall, 3984x 
Run:  [279/1096] copy [Device=0 min_width=0 max_width=128 num_rows=32768 api=gather]
Pass: Cold: 0.134238ms GPU, 0.138379ms CPU, 0.50s total GPU, 0.63s total wall, 3728x 
Run:  [280/1096] copy [Device=0 min_width=0 max_width=256 num_rows=32768 api=gather]
Pass: Cold: 0.138982ms GPU, 0.143130ms CPU, 0.50s total GPU, 0.62s total wall, 3600x 
Run:  [281/1096] copy [Device=0 min_width=0 max_width=32 num_rows=262144 api=gather]
Pass: Cold: 0.283212ms GPU, 0.287658ms CPU, 0.57s total GPU, 0.64s total wall, 2016x 
Run:  [282/1096] copy [Device=0 min_width=0 max_width=64 num_rows=262144 api=gather]
Pass: Cold: 0.436146ms GPU, 0.440743ms CPU, 1.11s total GPU, 1.20s total wall, 2544x 
Run:  [283/1096] copy [Device=0 min_width=0 max_width=128 num_rows=262144 api=gather]
Pass: Cold: 0.566399ms GPU, 0.570980ms CPU, 0.51s total GPU, 0.54s total wall, 896x 
Run:  [284/1096] copy [Device=0 min_width=0 max_width=256 num_rows=262144 api=gather]
Pass: Cold: 0.620431ms GPU, 0.624986ms CPU, 0.51s total GPU, 0.53s total wall, 816x 
Run:  [285/1096] copy [Device=0 min_width=0 max_width=32 num_rows=2097152 api=gather]
Pass: Cold: 2.018274ms GPU, 2.023136ms CPU, 3.75s total GPU, 3.80s total wall, 1856x 
Run:  [286/1096] copy [Device=0 min_width=0 max_width=64 num_rows=2097152 api=gather]
Pass: Cold: 3.345121ms GPU, 3.350068ms CPU, 2.14s total GPU, 2.16s total wall, 640x 
Run:  [287/1096] copy [Device=0 min_width=0 max_width=128 num_rows=2097152 api=gather]
Pass: Cold: 3.712206ms GPU, 3.717062ms CPU, 2.49s total GPU, 2.51s total wall, 672x 
Run:  [288/1096] copy [Device=0 min_width=0 max_width=256 num_rows=2097152 api=gather]
Pass: Cold: 4.151914ms GPU, 4.156903ms CPU, 3.12s total GPU, 3.14s total wall, 752x 
Run:  [289/1096] copy [Device=0 min_width=0 max_width=32 num_rows=32768 api=scatter]
Pass: Cold: 0.164798ms GPU, 0.169089ms CPU, 0.50s total GPU, 0.60s total wall, 3040x 
Run:  [290/1096] copy [Device=0 min_width=0 max_width=64 num_rows=32768 api=scatter]
Pass: Cold: 0.180212ms GPU, 0.184456ms CPU, 0.50s total GPU, 0.59s total wall, 2784x 
Run:  [291/1096] copy [Device=0 min_width=0 max_width=128 num_rows=32768 api=scatter]
Pass: Cold: 0.216600ms GPU, 0.220764ms CPU, 0.50s total GPU, 0.58s total wall, 2320x 
Run:  [292/1096] copy [Device=0 min_width=0 max_width=256 num_rows=32768 api=scatter]
Pass: Cold: 0.291099ms GPU, 0.295277ms CPU, 0.50s total GPU, 0.56s total wall, 1728x 
Run:  [293/1096] copy [Device=0 min_width=0 max_width=32 num_rows=262144 api=scatter]
Pass: Cold: 0.363942ms GPU, 0.368233ms CPU, 0.50s total GPU, 0.54s total wall, 1376x 
Run:  [294/1096] copy [Device=0 min_width=0 max_width=64 num_rows=262144 api=scatter]
Pass: Cold: 0.455290ms GPU, 0.459651ms CPU, 0.74s total GPU, 0.79s total wall, 1616x 
Run:  [295/1096] copy [Device=0 min_width=0 max_width=128 num_rows=262144 api=scatter]
Pass: Cold: 0.642803ms GPU, 0.647383ms CPU, 0.80s total GPU, 0.84s total wall, 1248x 
Run:  [296/1096] copy [Device=0 min_width=0 max_width=256 num_rows=262144 api=scatter]
Pass: Cold: 0.972793ms GPU, 0.977336ms CPU, 2.27s total GPU, 2.35s total wall, 2336x 
Run:  [297/1096] copy [Device=0 min_width=0 max_width=32 num_rows=2097152 api=scatter]
Pass: Cold: 1.999493ms GPU, 2.004289ms CPU, 2.43s total GPU, 2.46s total wall, 1216x 
Run:  [298/1096] copy [Device=0 min_width=0 max_width=64 num_rows=2097152 api=scatter]
Pass: Cold: 2.731375ms GPU, 2.736345ms CPU, 2.40s total GPU, 2.43s total wall, 880x 
Run:  [299/1096] copy [Device=0 min_width=0 max_width=128 num_rows=2097152 api=scatter]
Pass: Cold: 4.205070ms GPU, 4.210154ms CPU, 4.71s total GPU, 4.74s total wall, 1120x 
Run:  [300/1096] copy [Device=0 min_width=0 max_width=256 num_rows=2097152 api=scatter]
Pass: Cold: 6.297210ms GPU, 6.302130ms CPU, 0.50s total GPU, 0.51s total wall, 80x 
Run:  [301/1096] copy_if_else [Device=0 min_width=0 max_width=32 num_rows=32768]
Pass: Cold: 0.124885ms GPU, 0.128798ms CPU, 0.50s total GPU, 0.63s total wall, 4016x 
Run:  [302/1096] copy_if_else [Device=0 min_width=0 max_width=64 num_rows=32768]
Pass: Cold: 0.141217ms GPU, 0.145169ms CPU, 0.50s total GPU, 0.62s total wall, 3552x 
Run:  [303/1096] copy_if_else [Device=0 min_width=0 max_width=128 num_rows=32768]
Pass: Cold: 0.176813ms GPU, 0.180743ms CPU, 0.50s total GPU, 0.59s total wall, 2832x 
Run:  [304/1096] copy_if_else [Device=0 min_width=0 max_width=256 num_rows=32768]
Pass: Cold: 0.246806ms GPU, 0.250756ms CPU, 0.50s total GPU, 0.57s total wall, 2032x 
Run:  [305/1096] copy_if_else [Device=0 min_width=0 max_width=32 num_rows=262144]
Pass: Cold: 0.330040ms GPU, 0.334005ms CPU, 0.50s total GPU, 0.55s total wall, 1520x 
Run:  [306/1096] copy_if_else [Device=0 min_width=0 max_width=64 num_rows=262144]
Pass: Cold: 0.424657ms GPU, 0.428819ms CPU, 0.50s total GPU, 0.54s total wall, 1184x 
Run:  [307/1096] copy_if_else [Device=0 min_width=0 max_width=128 num_rows=262144]
Pass: Cold: 0.609867ms GPU, 0.614143ms CPU, 0.75s total GPU, 0.79s total wall, 1232x 
Run:  [308/1096] copy_if_else [Device=0 min_width=0 max_width=256 num_rows=262144]
Pass: Cold: 0.921340ms GPU, 0.925628ms CPU, 0.75s total GPU, 0.78s total wall, 816x 
Run:  [309/1096] copy_if_else [Device=0 min_width=0 max_width=32 num_rows=2097152]
Pass: Cold: 1.920365ms GPU, 1.924857ms CPU, 1.69s total GPU, 1.72s total wall, 880x 
Run:  [310/1096] copy_if_else [Device=0 min_width=0 max_width=64 num_rows=2097152]
Pass: Cold: 2.634808ms GPU, 2.639627ms CPU, 2.07s total GPU, 2.09s total wall, 784x 
Run:  [311/1096] copy_if_else [Device=0 min_width=0 max_width=128 num_rows=2097152]
Pass: Cold: 4.114313ms GPU, 4.119295ms CPU, 2.76s total GPU, 2.79s total wall, 672x 
Run:  [312/1096] copy_if_else [Device=0 min_width=0 max_width=256 num_rows=2097152]
Pass: Cold: 6.080664ms GPU, 6.085799ms CPU, 0.53s total GPU, 0.53s total wall, 87x 
Run:  [313/1096] copy_range [Device=0 min_width=0 max_width=32 num_rows=32768]
Pass: Cold: 0.074027ms GPU, 0.077929ms CPU, 0.50s total GPU, 0.74s total wall, 6768x 
Run:  [314/1096] copy_range [Device=0 min_width=0 max_width=64 num_rows=32768]
Pass: Cold: 0.112229ms GPU, 0.116130ms CPU, 0.50s total GPU, 0.65s total wall, 4464x 
Run:  [315/1096] copy_range [Device=0 min_width=0 max_width=128 num_rows=32768]
Pass: Cold: 0.206342ms GPU, 0.210206ms CPU, 0.50s total GPU, 0.58s total wall, 2432x 
Run:  [316/1096] copy_range [Device=0 min_width=0 max_width=256 num_rows=32768]
Pass: Cold: 0.597912ms GPU, 0.601981ms CPU, 1.16s total GPU, 1.22s total wall, 1936x 
Run:  [317/1096] copy_range [Device=0 min_width=0 max_width=32 num_rows=262144]
Pass: Cold: 0.186043ms GPU, 0.190016ms CPU, 0.50s total GPU, 0.59s total wall, 2688x 
Run:  [318/1096] copy_range [Device=0 min_width=0 max_width=64 num_rows=262144]
Pass: Cold: 0.472452ms GPU, 0.476544ms CPU, 1.07s total GPU, 1.15s total wall, 2272x 
Run:  [319/1096] copy_range [Device=0 min_width=0 max_width=128 num_rows=262144]
Pass: Cold: 1.770598ms GPU, 1.774936ms CPU, 1.16s total GPU, 1.18s total wall, 656x 
Run:  [320/1096] copy_range [Device=0 min_width=0 max_width=256 num_rows=262144]
Pass: Cold: 26.699363ms GPU, 26.704358ms CPU, 0.69s total GPU, 0.70s total wall, 26x 
Run:  [321/1096] copy_range [Device=0 min_width=0 max_width=32 num_rows=2097152]
Pass: Cold: 1.254610ms GPU, 1.259050ms CPU, 3.49s total GPU, 3.59s total wall, 2784x 
Run:  [322/1096] copy_range [Device=0 min_width=0 max_width=64 num_rows=2097152]
Pass: Cold: 3.514095ms GPU, 3.518567ms CPU, 3.09s total GPU, 3.12s total wall, 880x 
Run:  [323/1096] copy_range [Device=0 min_width=0 max_width=128 num_rows=2097152]
Pass: Cold: 10.022550ms GPU, 10.027596ms CPU, 4.33s total GPU, 4.35s total wall, 432x 
Run:  [324/1096] copy_range [Device=0 min_width=0 max_width=256 num_rows=2097152]
Pass: Cold: 220.661126ms GPU, 220.668270ms CPU, 2.43s total GPU, 2.43s total wall, 11x 
Run:  [325/1096] count [Device=0 min_width=0 max_width=32 num_rows=32768 pattern=0]
Pass: Cold: 0.386747ms GPU, 0.390829ms CPU, 0.50s total GPU, 0.54s total wall, 1296x 
Run:  [326/1096] count [Device=0 min_width=0 max_width=64 num_rows=32768 pattern=0]
Pass: Cold: 0.825535ms GPU, 0.829755ms CPU, 0.52s total GPU, 0.53s total wall, 624x 
Run:  [327/1096] count [Device=0 min_width=0 max_width=128 num_rows=32768 pattern=0]
Pass: Cold: 1.836356ms GPU, 1.840649ms CPU, 1.03s total GPU, 1.05s total wall, 560x 
Run:  [328/1096] count [Device=0 min_width=0 max_width=256 num_rows=32768 pattern=0]
Pass: Cold: 4.319775ms GPU, 4.324367ms CPU, 2.49s total GPU, 2.51s total wall, 576x 
Run:  [329/1096] count [Device=0 min_width=0 max_width=32 num_rows=262144 pattern=0]
Pass: Cold: 2.677091ms GPU, 2.681602ms CPU, 3.51s total GPU, 3.56s total wall, 1312x 
Run:  [330/1096] count [Device=0 min_width=0 max_width=64 num_rows=262144 pattern=0]
Pass: Cold: 5.895499ms GPU, 5.900034ms CPU, 3.30s total GPU, 3.32s total wall, 560x 
Run:  [331/1096] count [Device=0 min_width=0 max_width=128 num_rows=262144 pattern=0]
Pass: Cold: 14.131442ms GPU, 14.136546ms CPU, 7.46s total GPU, 7.48s total wall, 528x 
Run:  [332/1096] count [Device=0 min_width=0 max_width=256 num_rows=262144 pattern=0]
Warn: Current measurement timed out (15.03s) while over noise threshold (0.63% > 0.50%)
Pass: Cold: 35.077990ms GPU, 35.083527ms CPU, 15.01s total GPU, 15.03s total wall, 428x 
Run:  [333/1096] count [Device=0 min_width=0 max_width=32 num_rows=2097152 pattern=0]
Pass: Cold: 20.092318ms GPU, 20.097440ms CPU, 10.93s total GPU, 10.95s total wall, 544x 
Run:  [334/1096] count [Device=0 min_width=0 max_width=64 num_rows=2097152 pattern=0]
Warn: Current measurement timed out (15.02s) while over noise threshold (1.03% > 0.50%)
Pass: Cold: 44.253086ms GPU, 44.258998ms CPU, 15.00s total GPU, 15.02s total wall, 339x 
Run:  [335/1096] count [Device=0 min_width=0 max_width=128 num_rows=2097152 pattern=0]
Warn: Current measurement timed out (15.09s) while over noise threshold (0.82% > 0.50%)
Pass: Cold: 104.755435ms GPU, 104.761184ms CPU, 15.08s total GPU, 15.09s total wall, 144x 
Run:  [336/1096] count [Device=0 min_width=0 max_width=256 num_rows=2097152 pattern=0]
Pass: Cold: 260.304688ms GPU, 260.310847ms CPU, 2.86s total GPU, 2.86s total wall, 11x 
Run:  [337/1096] count [Device=0 min_width=0 max_width=32 num_rows=32768 pattern=1]
Pass: Cold: 0.066076ms GPU, 0.069977ms CPU, 0.50s total GPU, 0.76s total wall, 7568x 
Run:  [338/1096] count [Device=0 min_width=0 max_width=64 num_rows=32768 pattern=1]
Pass: Cold: 0.081502ms GPU, 0.085432ms CPU, 0.50s total GPU, 0.71s total wall, 6144x 
Run:  [339/1096] count [Device=0 min_width=0 max_width=128 num_rows=32768 pattern=1]
Pass: Cold: 0.148902ms GPU, 0.152852ms CPU, 0.50s total GPU, 0.61s total wall, 3360x 
Run:  [340/1096] count [Device=0 min_width=0 max_width=256 num_rows=32768 pattern=1]
Pass: Cold: 0.389118ms GPU, 0.393167ms CPU, 0.65s total GPU, 0.70s total wall, 1664x 
Run:  [341/1096] count [Device=0 min_width=0 max_width=32 num_rows=262144 pattern=1]
Pass: Cold: 0.265039ms GPU, 0.269211ms CPU, 0.50s total GPU, 0.56s total wall, 1888x 
Run:  [342/1096] count [Device=0 min_width=0 max_width=64 num_rows=262144 pattern=1]
Pass: Cold: 0.394740ms GPU, 0.399063ms CPU, 0.90s total GPU, 0.97s total wall, 2272x 
Run:  [343/1096] count [Device=0 min_width=0 max_width=128 num_rows=262144 pattern=1]
Pass: Cold: 0.843511ms GPU, 0.847947ms CPU, 1.23s total GPU, 1.28s total wall, 1456x 
Run:  [344/1096] count [Device=0 min_width=0 max_width=256 num_rows=262144 pattern=1]
Pass: Cold: 2.334940ms GPU, 2.339592ms CPU, 1.34s total GPU, 1.36s total wall, 576x 
Run:  [345/1096] count [Device=0 min_width=0 max_width=32 num_rows=2097152 pattern=1]
Pass: Cold: 1.807775ms GPU, 1.812368ms CPU, 0.50s total GPU, 0.51s total wall, 277x 
Run:  [346/1096] count [Device=0 min_width=0 max_width=64 num_rows=2097152 pattern=1]
Pass: Cold: 2.992638ms GPU, 2.997486ms CPU, 2.20s total GPU, 2.23s total wall, 736x 
Run:  [347/1096] count [Device=0 min_width=0 max_width=128 num_rows=2097152 pattern=1]
Pass: Cold: 6.456175ms GPU, 6.461067ms CPU, 8.16s total GPU, 8.21s total wall, 1264x 
Run:  [348/1096] count [Device=0 min_width=0 max_width=256 num_rows=2097152 pattern=1]
Pass: Cold: 17.699343ms GPU, 17.704510ms CPU, 1.98s total GPU, 1.99s total wall, 112x 
Run:  [349/1096] extract [Device=0 row_width=32 num_rows=32768 groups=1]
Pass: Cold: 0.299501ms GPU, 0.303432ms CPU, 0.50s total GPU, 0.56s total wall, 1680x 
Run:  [350/1096] extract [Device=0 row_width=64 num_rows=32768 groups=1]
Pass: Cold: 0.347236ms GPU, 0.351174ms CPU, 0.50s total GPU, 0.54s total wall, 1440x 
Run:  [351/1096] extract [Device=0 row_width=128 num_rows=32768 groups=1]
Pass: Cold: 0.522290ms GPU, 0.526186ms CPU, 0.50s total GPU, 0.52s total wall, 960x 
Run:  [352/1096] extract [Device=0 row_width=256 num_rows=32768 groups=1]
Pass: Cold: 0.659041ms GPU, 0.662996ms CPU, 0.51s total GPU, 0.52s total wall, 768x 
Run:  [353/1096] extract [Device=0 row_width=32 num_rows=262144 groups=1]
Pass: Cold: 1.646736ms GPU, 1.651099ms CPU, 2.77s total GPU, 2.81s total wall, 1680x 
Run:  [354/1096] extract [Device=0 row_width=64 num_rows=262144 groups=1]
Pass: Cold: 2.001763ms GPU, 2.006107ms CPU, 1.19s total GPU, 1.20s total wall, 592x 
Run:  [355/1096] extract [Device=0 row_width=128 num_rows=262144 groups=1]
Pass: Cold: 2.915940ms GPU, 2.920249ms CPU, 1.68s total GPU, 1.69s total wall, 576x 
Run:  [356/1096] extract [Device=0 row_width=256 num_rows=262144 groups=1]
Pass: Cold: 3.830517ms GPU, 3.834808ms CPU, 2.27s total GPU, 2.28s total wall, 592x 
Run:  [357/1096] extract [Device=0 row_width=32 num_rows=2097152 groups=1]
Pass: Cold: 12.120343ms GPU, 12.124865ms CPU, 7.76s total GPU, 7.77s total wall, 640x 
Run:  [358/1096] extract [Device=0 row_width=64 num_rows=2097152 groups=1]
Pass: Cold: 15.144375ms GPU, 15.148991ms CPU, 0.51s total GPU, 0.52s total wall, 34x 
Run:  [359/1096] extract [Device=0 row_width=128 num_rows=2097152 groups=1]
Pass: Cold: 22.239824ms GPU, 22.244265ms CPU, 2.87s total GPU, 2.87s total wall, 129x 
Run:  [360/1096] extract [Device=0 row_width=256 num_rows=2097152 groups=1]
Pass: Cold: 28.783046ms GPU, 28.787392ms CPU, 5.99s total GPU, 5.99s total wall, 208x 
Run:  [361/1096] extract [Device=0 row_width=32 num_rows=32768 groups=2]
Pass: Cold: 0.908090ms GPU, 0.912101ms CPU, 1.03s total GPU, 1.07s total wall, 1136x 
Run:  [362/1096] extract [Device=0 row_width=64 num_rows=32768 groups=2]
Pass: Cold: 1.022217ms GPU, 1.026109ms CPU, 0.51s total GPU, 0.52s total wall, 496x 
Run:  [363/1096] extract [Device=0 row_width=128 num_rows=32768 groups=2]
Pass: Cold: 1.431033ms GPU, 1.435010ms CPU, 0.78s total GPU, 0.79s total wall, 544x 
Run:  [364/1096] extract [Device=0 row_width=256 num_rows=32768 groups=2]
Pass: Cold: 1.688352ms GPU, 1.692432ms CPU, 0.51s total GPU, 0.52s total wall, 304x 
Run:  [365/1096] extract [Device=0 row_width=32 num_rows=262144 groups=2]
Pass: Cold: 5.444851ms GPU, 5.449245ms CPU, 7.67s total GPU, 7.70s total wall, 1408x 
Run:  [366/1096] extract [Device=0 row_width=64 num_rows=262144 groups=2]
Pass: Cold: 6.337602ms GPU, 6.341927ms CPU, 3.45s total GPU, 3.46s total wall, 544x 
Run:  [367/1096] extract [Device=0 row_width=128 num_rows=262144 groups=2]
Pass: Cold: 8.596829ms GPU, 8.601180ms CPU, 4.13s total GPU, 4.14s total wall, 480x 
Run:  [368/1096] extract [Device=0 row_width=256 num_rows=262144 groups=2]
Pass: Cold: 10.423577ms GPU, 10.427860ms CPU, 6.17s total GPU, 6.19s total wall, 592x 
Run:  [369/1096] extract [Device=0 row_width=32 num_rows=2097152 groups=2]
Pass: Cold: 41.203921ms GPU, 41.208376ms CPU, 0.78s total GPU, 0.78s total wall, 19x 
Run:  [370/1096] extract [Device=0 row_width=64 num_rows=2097152 groups=2]
Pass: Cold: 49.329324ms GPU, 49.333532ms CPU, 0.54s total GPU, 0.54s total wall, 11x 
Run:  [371/1096] extract [Device=0 row_width=128 num_rows=2097152 groups=2]
Pass: Cold: 67.100837ms GPU, 67.104656ms CPU, 0.74s total GPU, 0.74s total wall, 11x 
Run:  [372/1096] extract [Device=0 row_width=256 num_rows=2097152 groups=2]
Pass: Cold: 80.389573ms GPU, 80.393619ms CPU, 0.88s total GPU, 0.88s total wall, 11x 
Run:  [373/1096] extract [Device=0 row_width=32 num_rows=32768 groups=4]
Pass: Cold: 3.461087ms GPU, 3.465090ms CPU, 3.82s total GPU, 3.85s total wall, 1104x 
Run:  [374/1096] extract [Device=0 row_width=64 num_rows=32768 groups=4]
Pass: Cold: 3.804179ms GPU, 3.808209ms CPU, 2.56s total GPU, 2.57s total wall, 672x 
Run:  [375/1096] extract [Device=0 row_width=128 num_rows=32768 groups=4]
Pass: Cold: 4.777504ms GPU, 4.781562ms CPU, 2.52s total GPU, 2.53s total wall, 528x 
Run:  [376/1096] extract [Device=0 row_width=256 num_rows=32768 groups=4]
Pass: Cold: 5.470705ms GPU, 5.474784ms CPU, 2.89s total GPU, 2.90s total wall, 528x 
Run:  [377/1096] extract [Device=0 row_width=32 num_rows=262144 groups=4]
Pass: Cold: 21.956955ms GPU, 21.961169ms CPU, 12.65s total GPU, 12.66s total wall, 576x 
Run:  [378/1096] extract [Device=0 row_width=64 num_rows=262144 groups=4]
Pass: Cold: 24.759672ms GPU, 24.763940ms CPU, 8.32s total GPU, 8.33s total wall, 336x 
Run:  [379/1096] extract [Device=0 row_width=128 num_rows=262144 groups=4]
Pass: Cold: 30.884326ms GPU, 30.889087ms CPU, 0.53s total GPU, 0.53s total wall, 17x 
Run:  [380/1096] extract [Device=0 row_width=256 num_rows=262144 groups=4]
Pass: Cold: 34.845803ms GPU, 34.849742ms CPU, 0.52s total GPU, 0.52s total wall, 15x 
Run:  [381/1096] extract [Device=0 row_width=32 num_rows=2097152 groups=4]
Pass: Cold: 169.317592ms GPU, 169.321181ms CPU, 1.86s total GPU, 1.86s total wall, 11x 
Run:  [382/1096] extract [Device=0 row_width=64 num_rows=2097152 groups=4]
Pass: Cold: 192.360476ms GPU, 192.363710ms CPU, 2.12s total GPU, 2.12s total wall, 11x 
Run:  [383/1096] extract [Device=0 row_width=128 num_rows=2097152 groups=4]
Pass: Cold: 239.140557ms GPU, 239.143536ms CPU, 2.63s total GPU, 2.63s total wall, 11x 
Run:  [384/1096] extract [Device=0 row_width=256 num_rows=2097152 groups=4]
Pass: Cold: 271.017340ms GPU, 271.020159ms CPU, 2.98s total GPU, 2.98s total wall, 11x 
Run:  [385/1096] factory [Device=0 min_width=0 max_width=32 num_rows=32768]
Pass: Cold: 0.086235ms GPU, 0.090146ms CPU, 0.50s total GPU, 0.70s total wall, 5808x 
Run:  [386/1096] factory [Device=0 min_width=0 max_width=64 num_rows=32768]
Pass: Cold: 0.103008ms GPU, 0.106890ms CPU, 0.50s total GPU, 0.66s total wall, 4864x 
Run:  [387/1096] factory [Device=0 min_width=0 max_width=128 num_rows=32768]
Pass: Cold: 0.138332ms GPU, 0.142186ms CPU, 0.50s total GPU, 0.62s total wall, 3616x 
Run:  [388/1096] factory [Device=0 min_width=0 max_width=256 num_rows=32768]
Pass: Cold: 0.209752ms GPU, 0.213687ms CPU, 0.50s total GPU, 0.58s total wall, 2384x 
Run:  [389/1096] factory [Device=0 min_width=0 max_width=32 num_rows=262144]
Pass: Cold: 0.241055ms GPU, 0.245065ms CPU, 0.50s total GPU, 0.56s total wall, 2080x 
Run:  [390/1096] factory [Device=0 min_width=0 max_width=64 num_rows=262144]
Pass: Cold: 0.341866ms GPU, 0.346065ms CPU, 0.53s total GPU, 0.58s total wall, 1552x 
Run:  [391/1096] factory [Device=0 min_width=0 max_width=128 num_rows=262144]
Pass: Cold: 0.531992ms GPU, 0.536336ms CPU, 0.94s total GPU, 0.99s total wall, 1760x 
Run:  [392/1096] factory [Device=0 min_width=0 max_width=256 num_rows=262144]
Pass: Cold: 0.848353ms GPU, 0.852646ms CPU, 1.03s total GPU, 1.07s total wall, 1216x 
Run:  [393/1096] factory [Device=0 min_width=0 max_width=32 num_rows=2097152]
Pass: Cold: 1.494740ms GPU, 1.499341ms CPU, 2.56s total GPU, 2.61s total wall, 1712x 
Run:  [394/1096] factory [Device=0 min_width=0 max_width=64 num_rows=2097152]
Pass: Cold: 2.254958ms GPU, 2.259818ms CPU, 2.81s total GPU, 2.86s total wall, 1248x 
Run:  [395/1096] factory [Device=0 min_width=0 max_width=128 num_rows=2097152]
Pass: Cold: 3.782781ms GPU, 3.787945ms CPU, 2.97s total GPU, 2.99s total wall, 784x 
Run:  [396/1096] factory [Device=0 min_width=0 max_width=256 num_rows=2097152]
Pass: Cold: 5.790060ms GPU, 5.795257ms CPU, 1.59s total GPU, 1.60s total wall, 274x 
Run:  [397/1096] filter [Device=0 min_width=0 max_width=32 num_rows=32768 api=filter]
Pass: Cold: 0.110340ms GPU, 0.114279ms CPU, 0.50s total GPU, 0.65s total wall, 4544x 
Run:  [398/1096] filter [Device=0 min_width=0 max_width=64 num_rows=32768 api=filter]
Pass: Cold: 0.177069ms GPU, 0.180918ms CPU, 0.50s total GPU, 0.59s total wall, 2832x 
Run:  [399/1096] filter [Device=0 min_width=0 max_width=128 num_rows=32768 api=filter]
Pass: Cold: 0.391593ms GPU, 0.395636ms CPU, 0.96s total GPU, 1.04s total wall, 2448x 
Run:  [400/1096] filter [Device=0 min_width=0 max_width=256 num_rows=32768 api=filter]
Pass: Cold: 3.381579ms GPU, 3.385763ms CPU, 0.50s total GPU, 0.51s total wall, 148x 
Run:  [401/1096] filter [Device=0 min_width=0 max_width=32 num_rows=262144 api=filter]
Pass: Cold: 0.438753ms GPU, 0.443016ms CPU, 1.16s total GPU, 1.25s total wall, 2640x 
Run:  [402/1096] filter [Device=0 min_width=0 max_width=64 num_rows=262144 api=filter]
Pass: Cold: 0.920479ms GPU, 0.924870ms CPU, 0.96s total GPU, 0.99s total wall, 1040x 
Run:  [403/1096] filter [Device=0 min_width=0 max_width=128 num_rows=262144 api=filter]
Pass: Cold: 2.996608ms GPU, 3.001205ms CPU, 1.73s total GPU, 1.75s total wall, 576x 
Run:  [404/1096] filter [Device=0 min_width=0 max_width=256 num_rows=262144 api=filter]
Pass: Cold: 30.440492ms GPU, 30.445398ms CPU, 0.52s total GPU, 0.52s total wall, 17x 
Run:  [405/1096] filter [Device=0 min_width=0 max_width=32 num_rows=2097152 api=filter]
Pass: Cold: 3.338413ms GPU, 3.343050ms CPU, 5.82s total GPU, 5.88s total wall, 1744x 
Run:  [406/1096] filter [Device=0 min_width=0 max_width=64 num_rows=2097152 api=filter]
Pass: Cold: 7.014943ms GPU, 7.020081ms CPU, 3.93s total GPU, 3.95s total wall, 560x 
Run:  [407/1096] filter [Device=0 min_width=0 max_width=128 num_rows=2097152 api=filter]
Pass: Cold: 20.110413ms GPU, 20.115330ms CPU, 10.94s total GPU, 10.96s total wall, 544x 
Run:  [408/1096] filter [Device=0 min_width=0 max_width=256 num_rows=2097152 api=filter]
Pass: Cold: 245.908506ms GPU, 245.915003ms CPU, 2.70s total GPU, 2.71s total wall, 11x 
Run:  [409/1096] filter [Device=0 min_width=0 max_width=32 num_rows=32768 api=chars]
Pass: Cold: 0.109426ms GPU, 0.113299ms CPU, 0.50s total GPU, 0.65s total wall, 4576x 
Run:  [410/1096] filter [Device=0 min_width=0 max_width=64 num_rows=32768 api=chars]
Pass: Cold: 0.158289ms GPU, 0.162110ms CPU, 0.50s total GPU, 0.60s total wall, 3168x 
Run:  [411/1096] filter [Device=0 min_width=0 max_width=128 num_rows=32768 api=chars]
Pass: Cold: 0.276567ms GPU, 0.280519ms CPU, 0.50s total GPU, 0.56s total wall, 1808x 
Run:  [412/1096] filter [Device=0 min_width=0 max_width=256 num_rows=32768 api=chars]
Pass: Cold: 0.726355ms GPU, 0.730550ms CPU, 1.43s total GPU, 1.48s total wall, 1968x 
Run:  [413/1096] filter [Device=0 min_width=0 max_width=32 num_rows=262144 api=chars]
Pass: Cold: 0.383239ms GPU, 0.387442ms CPU, 0.51s total GPU, 0.54s total wall, 1328x 
Run:  [414/1096] filter [Device=0 min_width=0 max_width=64 num_rows=262144 api=chars]
Pass: Cold: 0.695559ms GPU, 0.699874ms CPU, 0.79s total GPU, 0.82s total wall, 1136x 
Run:  [415/1096] filter [Device=0 min_width=0 max_width=128 num_rows=262144 api=chars]
Pass: Cold: 1.517871ms GPU, 1.522282ms CPU, 2.02s total GPU, 2.05s total wall, 1328x 
Run:  [416/1096] filter [Device=0 min_width=0 max_width=256 num_rows=262144 api=chars]
Pass: Cold: 5.203815ms GPU, 5.208631ms CPU, 4.83s total GPU, 4.85s total wall, 928x 
Run:  [417/1096] filter [Device=0 min_width=0 max_width=32 num_rows=2097152 api=chars]
Pass: Cold: 2.751653ms GPU, 2.756116ms CPU, 3.35s total GPU, 3.38s total wall, 1216x 
Run:  [418/1096] filter [Device=0 min_width=0 max_width=64 num_rows=2097152 api=chars]
Pass: Cold: 5.108025ms GPU, 5.112601ms CPU, 2.78s total GPU, 2.79s total wall, 544x 
Run:  [419/1096] filter [Device=0 min_width=0 max_width=128 num_rows=2097152 api=chars]
Pass: Cold: 11.324374ms GPU, 11.328919ms CPU, 1.09s total GPU, 1.09s total wall, 96x 
Run:  [420/1096] filter [Device=0 min_width=0 max_width=256 num_rows=2097152 api=chars]
Warn: Current measurement timed out (15.02s) while over noise threshold (1.17% > 0.50%)
Pass: Cold: 39.091745ms GPU, 39.096982ms CPU, 15.01s total GPU, 15.02s total wall, 384x 
Run:  [421/1096] filter [Device=0 min_width=0 max_width=32 num_rows=32768 api=strip]
Pass: Cold: 0.122149ms GPU, 0.126061ms CPU, 0.50s total GPU, 0.63s total wall, 4096x 
Run:  [422/1096] filter [Device=0 min_width=0 max_width=64 num_rows=32768 api=strip]
Pass: Cold: 0.139589ms GPU, 0.143512ms CPU, 0.50s total GPU, 0.62s total wall, 3584x 
Run:  [423/1096] filter [Device=0 min_width=0 max_width=128 num_rows=32768 api=strip]
Pass: Cold: 0.192445ms GPU, 0.196370ms CPU, 0.51s total GPU, 0.60s total wall, 2672x 
Run:  [424/1096] filter [Device=0 min_width=0 max_width=256 num_rows=32768 api=strip]
Pass: Cold: 0.303510ms GPU, 0.307402ms CPU, 0.50s total GPU, 0.55s total wall, 1648x 
Run:  [425/1096] filter [Device=0 min_width=0 max_width=32 num_rows=262144 api=strip]
Pass: Cold: 0.330807ms GPU, 0.334831ms CPU, 0.50s total GPU, 0.55s total wall, 1520x 
Run:  [426/1096] filter [Device=0 min_width=0 max_width=64 num_rows=262144 api=strip]
Pass: Cold: 0.451719ms GPU, 0.455886ms CPU, 0.98s total GPU, 1.05s total wall, 2160x 
Run:  [427/1096] filter [Device=0 min_width=0 max_width=128 num_rows=262144 api=strip]
Pass: Cold: 0.759251ms GPU, 0.763561ms CPU, 0.63s total GPU, 0.66s total wall, 832x 
Run:  [428/1096] filter [Device=0 min_width=0 max_width=256 num_rows=262144 api=strip]
Pass: Cold: 1.431084ms GPU, 1.435424ms CPU, 1.53s total GPU, 1.57s total wall, 1072x 
Run:  [429/1096] filter [Device=0 min_width=0 max_width=32 num_rows=2097152 api=strip]
Pass: Cold: 1.986086ms GPU, 1.990801ms CPU, 2.86s total GPU, 2.91s total wall, 1440x 
Run:  [430/1096] filter [Device=0 min_width=0 max_width=64 num_rows=2097152 api=strip]
Pass: Cold: 2.992869ms GPU, 2.997572ms CPU, 2.25s total GPU, 2.28s total wall, 752x 
Run:  [431/1096] filter [Device=0 min_width=0 max_width=128 num_rows=2097152 api=strip]
Pass: Cold: 5.365631ms GPU, 5.370454ms CPU, 2.92s total GPU, 2.94s total wall, 544x 
Run:  [432/1096] filter [Device=0 min_width=0 max_width=256 num_rows=2097152 api=strip]
Pass: Cold: 10.218814ms GPU, 10.223392ms CPU, 5.40s total GPU, 5.41s total wall, 528x 
Run:  [433/1096] find_string [Device=0 max_width=32 num_rows=32768 hit_rate=20 api=find target=scalar]
Pass: Cold: 0.053038ms GPU, 0.056774ms CPU, 0.50s total GPU, 0.84s total wall, 9440x 
Run:  [434/1096] find_string [Device=0 max_width=64 num_rows=32768 hit_rate=20 api=find target=scalar]
Pass: Cold: 0.097943ms GPU, 0.101630ms CPU, 0.50s total GPU, 0.67s total wall, 5120x 
Run:  [435/1096] find_string [Device=0 max_width=128 num_rows=32768 hit_rate=20 api=find target=scalar]
Pass: Cold: 0.206762ms GPU, 0.210737ms CPU, 0.60s total GPU, 0.67s total wall, 2912x 
Run:  [436/1096] find_string [Device=0 max_width=256 num_rows=32768 hit_rate=20 api=find target=scalar]
Pass: Cold: 0.267673ms GPU, 0.271724ms CPU, 0.63s total GPU, 0.68s total wall, 2352x 
Run:  [437/1096] find_string [Device=0 max_width=32 num_rows=262144 hit_rate=20 api=find target=scalar]
Pass: Cold: 0.143608ms GPU, 0.147464ms CPU, 0.50s total GPU, 0.59s total wall, 3488x 
Run:  [438/1096] find_string [Device=0 max_width=64 num_rows=262144 hit_rate=20 api=find target=scalar]
Pass: Cold: 0.396542ms GPU, 0.400267ms CPU, 0.50s total GPU, 0.53s total wall, 1264x 
Run:  [439/1096] find_string [Device=0 max_width=128 num_rows=262144 hit_rate=20 api=find target=scalar]
Pass: Cold: 1.462419ms GPU, 1.466722ms CPU, 2.62s total GPU, 2.67s total wall, 1792x 
Run:  [440/1096] find_string [Device=0 max_width=256 num_rows=262144 hit_rate=20 api=find target=scalar]
Pass: Cold: 1.958551ms GPU, 1.962922ms CPU, 2.26s total GPU, 2.28s total wall, 1152x 
Run:  [441/1096] find_string [Device=0 max_width=32 num_rows=2097152 hit_rate=20 api=find target=scalar]
Pass: Cold: 0.960860ms GPU, 0.964861ms CPU, 0.68s total GPU, 0.69s total wall, 704x 
Run:  [442/1096] find_string [Device=0 max_width=64 num_rows=2097152 hit_rate=20 api=find target=scalar]
Pass: Cold: 2.837145ms GPU, 2.840906ms CPU, 5.17s total GPU, 5.22s total wall, 1824x 
Run:  [443/1096] find_string [Device=0 max_width=128 num_rows=2097152 hit_rate=20 api=find target=scalar]
Pass: Cold: 11.585662ms GPU, 11.590495ms CPU, 8.71s total GPU, 8.73s total wall, 752x 
Run:  [444/1096] find_string [Device=0 max_width=256 num_rows=2097152 hit_rate=20 api=find target=scalar]
Pass: Cold: 15.427369ms GPU, 15.432017ms CPU, 8.15s total GPU, 8.16s total wall, 528x 
Run:  [445/1096] find_string [Device=0 max_width=32 num_rows=32768 hit_rate=80 api=find target=scalar]
Pass: Cold: 0.055648ms GPU, 0.059339ms CPU, 0.50s total GPU, 0.82s total wall, 8992x 
Run:  [446/1096] find_string [Device=0 max_width=64 num_rows=32768 hit_rate=80 api=find target=scalar]
Pass: Cold: 0.092627ms GPU, 0.096334ms CPU, 0.50s total GPU, 0.68s total wall, 5408x 
Run:  [447/1096] find_string [Device=0 max_width=128 num_rows=32768 hit_rate=80 api=find target=scalar]
Pass: Cold: 0.251975ms GPU, 0.255964ms CPU, 0.57s total GPU, 0.63s total wall, 2272x 
Run:  [448/1096] find_string [Device=0 max_width=256 num_rows=32768 hit_rate=80 api=find target=scalar]
Pass: Cold: 0.316792ms GPU, 0.320893ms CPU, 0.50s total GPU, 0.54s total wall, 1584x 
Run:  [449/1096] find_string [Device=0 max_width=32 num_rows=262144 hit_rate=80 api=find target=scalar]
Pass: Cold: 0.164052ms GPU, 0.167770ms CPU, 0.50s total GPU, 0.58s total wall, 3056x 
Run:  [450/1096] find_string [Device=0 max_width=64 num_rows=262144 hit_rate=80 api=find target=scalar]
Pass: Cold: 0.330334ms GPU, 0.333987ms CPU, 0.50s total GPU, 0.54s total wall, 1520x 
Run:  [451/1096] find_string [Device=0 max_width=128 num_rows=262144 hit_rate=80 api=find target=scalar]
Pass: Cold: 1.824617ms GPU, 1.828892ms CPU, 3.59s total GPU, 3.64s total wall, 1968x 
Run:  [452/1096] find_string [Device=0 max_width=256 num_rows=262144 hit_rate=80 api=find target=scalar]
Pass: Cold: 2.372308ms GPU, 2.376806ms CPU, 1.94s total GPU, 1.96s total wall, 816x 
Run:  [453/1096] find_string [Device=0 max_width=32 num_rows=2097152 hit_rate=80 api=find target=scalar]
Pass: Cold: 1.095431ms GPU, 1.099310ms CPU, 1.61s total GPU, 1.65s total wall, 1472x 
Run:  [454/1096] find_string [Device=0 max_width=64 num_rows=2097152 hit_rate=80 api=find target=scalar]
Pass: Cold: 2.190345ms GPU, 2.194040ms CPU, 5.19s total GPU, 5.25s total wall, 2368x 
Run:  [455/1096] find_string [Device=0 max_width=128 num_rows=2097152 hit_rate=80 api=find target=scalar]
Pass: Cold: 14.509905ms GPU, 14.514684ms CPU, 13.00s total GPU, 13.03s total wall, 896x 
Run:  [456/1096] find_string [Device=0 max_width=256 num_rows=2097152 hit_rate=80 api=find target=scalar]
Pass: Cold: 18.774745ms GPU, 18.779562ms CPU, 10.21s total GPU, 10.23s total wall, 544x 
Run:  [457/1096] find_string [Device=0 max_width=32 num_rows=32768 hit_rate=20 api=contains target=scalar]
Pass: Cold: 0.049088ms GPU, 0.052781ms CPU, 0.50s total GPU, 0.87s total wall, 10192x 
Run:  [458/1096] find_string [Device=0 max_width=64 num_rows=32768 hit_rate=20 api=contains target=scalar]
Pass: Cold: 0.076045ms GPU, 0.079754ms CPU, 0.50s total GPU, 0.72s total wall, 6576x 
Run:  [459/1096] find_string [Device=0 max_width=128 num_rows=32768 hit_rate=20 api=contains target=scalar]
Pass: Cold: 0.102284ms GPU, 0.106149ms CPU, 0.50s total GPU, 0.63s total wall, 4896x 
Run:  [460/1096] find_string [Device=0 max_width=256 num_rows=32768 hit_rate=20 api=contains target=scalar]
Pass: Cold: 0.142241ms GPU, 0.146581ms CPU, 0.50s total GPU, 0.58s total wall, 3520x 
Run:  [461/1096] find_string [Device=0 max_width=32 num_rows=262144 hit_rate=20 api=contains target=scalar]
Pass: Cold: 0.106999ms GPU, 0.110847ms CPU, 0.50s total GPU, 0.62s total wall, 4688x 
Run:  [462/1096] find_string [Device=0 max_width=64 num_rows=262144 hit_rate=20 api=contains target=scalar]
Pass: Cold: 0.259859ms GPU, 0.263805ms CPU, 0.50s total GPU, 0.55s total wall, 1936x 
Run:  [463/1096] find_string [Device=0 max_width=128 num_rows=262144 hit_rate=20 api=contains target=scalar]
Pass: Cold: 0.603320ms GPU, 0.607589ms CPU, 1.58s total GPU, 1.65s total wall, 2624x 
Run:  [464/1096] find_string [Device=0 max_width=256 num_rows=262144 hit_rate=20 api=contains target=scalar]
Pass: Cold: 0.933096ms GPU, 0.937615ms CPU, 1.64s total GPU, 1.69s total wall, 1760x 
Run:  [465/1096] find_string [Device=0 max_width=32 num_rows=2097152 hit_rate=20 api=contains target=scalar]
Pass: Cold: 0.644038ms GPU, 0.648188ms CPU, 0.57s total GPU, 0.59s total wall, 880x 
Run:  [466/1096] find_string [Device=0 max_width=64 num_rows=2097152 hit_rate=20 api=contains target=scalar]
Pass: Cold: 1.759938ms GPU, 1.763933ms CPU, 3.15s total GPU, 3.20s total wall, 1792x 
Run:  [467/1096] find_string [Device=0 max_width=128 num_rows=2097152 hit_rate=20 api=contains target=scalar]
Pass: Cold: 4.643707ms GPU, 4.648304ms CPU, 3.94s total GPU, 3.96s total wall, 848x 
Run:  [468/1096] find_string [Device=0 max_width=256 num_rows=2097152 hit_rate=20 api=contains target=scalar]
Pass: Cold: 7.356153ms GPU, 7.360876ms CPU, 5.06s total GPU, 5.08s total wall, 688x 
Run:  [469/1096] find_string [Device=0 max_width=32 num_rows=32768 hit_rate=80 api=contains target=scalar]
Pass: Cold: 0.050414ms GPU, 0.054130ms CPU, 0.50s total GPU, 0.86s total wall, 9920x 
Run:  [470/1096] find_string [Device=0 max_width=64 num_rows=32768 hit_rate=80 api=contains target=scalar]
Pass: Cold: 0.076275ms GPU, 0.079977ms CPU, 0.50s total GPU, 0.72s total wall, 6560x 
Run:  [471/1096] find_string [Device=0 max_width=128 num_rows=32768 hit_rate=80 api=contains target=scalar]
Pass: Cold: 0.107477ms GPU, 0.111361ms CPU, 0.50s total GPU, 0.62s total wall, 4656x 
Run:  [472/1096] find_string [Device=0 max_width=256 num_rows=32768 hit_rate=80 api=contains target=scalar]
Pass: Cold: 0.147029ms GPU, 0.151073ms CPU, 0.50s total GPU, 0.58s total wall, 3408x 
Run:  [473/1096] find_string [Device=0 max_width=32 num_rows=262144 hit_rate=80 api=contains target=scalar]
Pass: Cold: 0.119573ms GPU, 0.123376ms CPU, 0.50s total GPU, 0.60s total wall, 4192x 
Run:  [474/1096] find_string [Device=0 max_width=64 num_rows=262144 hit_rate=80 api=contains target=scalar]
Pass: Cold: 0.224965ms GPU, 0.228785ms CPU, 0.50s total GPU, 0.55s total wall, 2224x 
Run:  [475/1096] find_string [Device=0 max_width=128 num_rows=262144 hit_rate=80 api=contains target=scalar]
Pass: Cold: 0.651333ms GPU, 0.655638ms CPU, 1.70s total GPU, 1.76s total wall, 2608x 
Run:  [476/1096] find_string [Device=0 max_width=256 num_rows=262144 hit_rate=80 api=contains target=scalar]
Pass: Cold: 0.991838ms GPU, 0.996319ms CPU, 1.00s total GPU, 1.02s total wall, 1008x 
Run:  [477/1096] find_string [Device=0 max_width=32 num_rows=2097152 hit_rate=80 api=contains target=scalar]
Pass: Cold: 0.734151ms GPU, 0.738092ms CPU, 1.59s total GPU, 1.64s total wall, 2160x 
Run:  [478/1096] find_string [Device=0 max_width=64 num_rows=2097152 hit_rate=80 api=contains target=scalar]
Pass: Cold: 1.411551ms GPU, 1.415387ms CPU, 2.48s total GPU, 2.53s total wall, 1760x 
Run:  [479/1096] find_string [Device=0 max_width=128 num_rows=2097152 hit_rate=80 api=contains target=scalar]
Pass: Cold: 5.042504ms GPU, 5.047220ms CPU, 5.81s total GPU, 5.84s total wall, 1152x 
Run:  [480/1096] find_string [Device=0 max_width=256 num_rows=2097152 hit_rate=80 api=contains target=scalar]
Pass: Cold: 7.857495ms GPU, 7.862330ms CPU, 5.78s total GPU, 5.80s total wall, 736x 
Run:  [481/1096] find_string [Device=0 max_width=32 num_rows=32768 hit_rate=20 api=starts_with target=scalar]
Pass: Cold: 0.033651ms GPU, 0.037412ms CPU, 0.50s total GPU, 1.09s total wall, 14864x 
Run:  [482/1096] find_string [Device=0 max_width=64 num_rows=32768 hit_rate=20 api=starts_with target=scalar]
Pass: Cold: 0.041984ms GPU, 0.045684ms CPU, 0.50s total GPU, 0.94s total wall, 11920x 
Run:  [483/1096] find_string [Device=0 max_width=128 num_rows=32768 hit_rate=20 api=starts_with target=scalar]
Pass: Cold: 0.045738ms GPU, 0.049432ms CPU, 0.50s total GPU, 0.87s total wall, 10944x 
Run:  [484/1096] find_string [Device=0 max_width=256 num_rows=32768 hit_rate=20 api=starts_with target=scalar]
Pass: Cold: 0.046858ms GPU, 0.050567ms CPU, 0.50s total GPU, 0.86s total wall, 10672x 
Run:  [485/1096] find_string [Device=0 max_width=32 num_rows=262144 hit_rate=20 api=starts_with target=scalar]
Pass: Cold: 0.070426ms GPU, 0.074115ms CPU, 0.50s total GPU, 0.68s total wall, 7104x 
Run:  [486/1096] find_string [Device=0 max_width=64 num_rows=262144 hit_rate=20 api=starts_with target=scalar]
Pass: Cold: 0.103625ms GPU, 0.107362ms CPU, 0.50s total GPU, 0.62s total wall, 4832x 
Run:  [487/1096] find_string [Device=0 max_width=128 num_rows=262144 hit_rate=20 api=starts_with target=scalar]
Pass: Cold: 0.109246ms GPU, 0.113015ms CPU, 0.50s total GPU, 0.61s total wall, 4592x 
Run:  [488/1096] find_string [Device=0 max_width=256 num_rows=262144 hit_rate=20 api=starts_with target=scalar]
Pass: Cold: 0.116381ms GPU, 0.120183ms CPU, 0.50s total GPU, 0.60s total wall, 4304x 
Run:  [489/1096] find_string [Device=0 max_width=32 num_rows=2097152 hit_rate=20 api=starts_with target=scalar]
Pass: Cold: 0.291379ms GPU, 0.295164ms CPU, 0.53s total GPU, 0.57s total wall, 1824x 
Run:  [490/1096] find_string [Device=0 max_width=64 num_rows=2097152 hit_rate=20 api=starts_with target=scalar]
Pass: Cold: 0.504959ms GPU, 0.508784ms CPU, 0.50s total GPU, 0.52s total wall, 991x 
Run:  [491/1096] find_string [Device=0 max_width=128 num_rows=2097152 hit_rate=20 api=starts_with target=scalar]
Pass: Cold: 0.555382ms GPU, 0.559303ms CPU, 0.50s total GPU, 0.52s total wall, 901x 
Run:  [492/1096] find_string [Device=0 max_width=256 num_rows=2097152 hit_rate=20 api=starts_with target=scalar]
Pass: Cold: 0.603057ms GPU, 0.606895ms CPU, 0.50s total GPU, 0.52s total wall, 830x 
Run:  [493/1096] find_string [Device=0 max_width=32 num_rows=32768 hit_rate=80 api=starts_with target=scalar]
Pass: Cold: 0.033924ms GPU, 0.037623ms CPU, 0.50s total GPU, 1.08s total wall, 14752x 
Run:  [494/1096] find_string [Device=0 max_width=64 num_rows=32768 hit_rate=80 api=starts_with target=scalar]
Pass: Cold: 0.043183ms GPU, 0.046902ms CPU, 0.50s total GPU, 0.93s total wall, 11584x 
Run:  [495/1096] find_string [Device=0 max_width=128 num_rows=32768 hit_rate=80 api=starts_with target=scalar]
Pass: Cold: 0.048156ms GPU, 0.051858ms CPU, 0.50s total GPU, 0.84s total wall, 10384x 
Run:  [496/1096] find_string [Device=0 max_width=256 num_rows=32768 hit_rate=80 api=starts_with target=scalar]
Pass: Cold: 0.048399ms GPU, 0.052102ms CPU, 0.50s total GPU, 0.84s total wall, 10336x 
Run:  [497/1096] find_string [Device=0 max_width=32 num_rows=262144 hit_rate=80 api=starts_with target=scalar]
Pass: Cold: 0.074452ms GPU, 0.078166ms CPU, 0.50s total GPU, 0.67s total wall, 6720x 
Run:  [498/1096] find_string [Device=0 max_width=64 num_rows=262144 hit_rate=80 api=starts_with target=scalar]
Pass: Cold: 0.112151ms GPU, 0.115929ms CPU, 0.50s total GPU, 0.60s total wall, 4464x 
Run:  [499/1096] find_string [Device=0 max_width=128 num_rows=262144 hit_rate=80 api=starts_with target=scalar]
Pass: Cold: 0.116909ms GPU, 0.120747ms CPU, 0.50s total GPU, 0.60s total wall, 4288x 
Run:  [500/1096] find_string [Device=0 max_width=256 num_rows=262144 hit_rate=80 api=starts_with target=scalar]
Pass: Cold: 0.125216ms GPU, 0.129005ms CPU, 0.50s total GPU, 0.59s total wall, 4000x 
Run:  [501/1096] find_string [Device=0 max_width=32 num_rows=2097152 hit_rate=80 api=starts_with target=scalar]
Pass: Cold: 0.323005ms GPU, 0.326687ms CPU, 0.86s total GPU, 0.92s total wall, 2656x 
Run:  [502/1096] find_string [Device=0 max_width=64 num_rows=2097152 hit_rate=80 api=starts_with target=scalar]
Pass: Cold: 0.573856ms GPU, 0.577604ms CPU, 0.50s total GPU, 0.52s total wall, 872x 
Run:  [503/1096] find_string [Device=0 max_width=128 num_rows=2097152 hit_rate=80 api=starts_with target=scalar]
Pass: Cold: 0.624117ms GPU, 0.628001ms CPU, 0.50s total GPU, 0.52s total wall, 802x 
Run:  [504/1096] find_string [Device=0 max_width=256 num_rows=2097152 hit_rate=80 api=starts_with target=scalar]
Pass: Cold: 0.682487ms GPU, 0.686306ms CPU, 1.70s total GPU, 1.76s total wall, 2496x 
Run:  [505/1096] find_string [Device=0 max_width=32 num_rows=32768 hit_rate=20 api=ends_with target=scalar]
Pass: Cold: 0.033933ms GPU, 0.037622ms CPU, 0.50s total GPU, 1.08s total wall, 14736x 
Run:  [506/1096] find_string [Device=0 max_width=64 num_rows=32768 hit_rate=20 api=ends_with target=scalar]
Pass: Cold: 0.042995ms GPU, 0.046713ms CPU, 0.50s total GPU, 0.93s total wall, 11632x 
Run:  [507/1096] find_string [Device=0 max_width=128 num_rows=32768 hit_rate=20 api=ends_with target=scalar]
Pass: Cold: 0.047590ms GPU, 0.051313ms CPU, 0.50s total GPU, 0.86s total wall, 10512x 
Run:  [508/1096] find_string [Device=0 max_width=256 num_rows=32768 hit_rate=20 api=ends_with target=scalar]
Pass: Cold: 0.048891ms GPU, 0.052619ms CPU, 0.50s total GPU, 0.84s total wall, 10240x 
Run:  [509/1096] find_string [Device=0 max_width=32 num_rows=262144 hit_rate=20 api=ends_with target=scalar]
Pass: Cold: 0.072053ms GPU, 0.075778ms CPU, 0.50s total GPU, 0.68s total wall, 6944x 
Run:  [510/1096] find_string [Device=0 max_width=64 num_rows=262144 hit_rate=20 api=ends_with target=scalar]
Pass: Cold: 0.106021ms GPU, 0.109791ms CPU, 0.50s total GPU, 0.61s total wall, 4720x 
Run:  [511/1096] find_string [Device=0 max_width=128 num_rows=262144 hit_rate=20 api=ends_with target=scalar]
Pass: Cold: 0.115377ms GPU, 0.119177ms CPU, 0.50s total GPU, 0.60s total wall, 4336x 
Run:  [512/1096] find_string [Device=0 max_width=256 num_rows=262144 hit_rate=20 api=ends_with target=scalar]
Pass: Cold: 0.122510ms GPU, 0.126307ms CPU, 0.50s total GPU, 0.60s total wall, 4096x 
Run:  [513/1096] find_string [Device=0 max_width=32 num_rows=2097152 hit_rate=20 api=ends_with target=scalar]
Pass: Cold: 0.295168ms GPU, 0.299076ms CPU, 0.50s total GPU, 0.54s total wall, 1696x 
Run:  [514/1096] find_string [Device=0 max_width=64 num_rows=2097152 hit_rate=20 api=ends_with target=scalar]
Pass: Cold: 0.512095ms GPU, 0.516059ms CPU, 0.98s total GPU, 1.03s total wall, 1920x 
Run:  [515/1096] find_string [Device=0 max_width=128 num_rows=2097152 hit_rate=20 api=ends_with target=scalar]
Pass: Cold: 0.584131ms GPU, 0.588072ms CPU, 0.50s total GPU, 0.52s total wall, 856x 
Run:  [516/1096] find_string [Device=0 max_width=256 num_rows=2097152 hit_rate=20 api=ends_with target=scalar]
Pass: Cold: 0.634158ms GPU, 0.638082ms CPU, 1.47s total GPU, 1.52s total wall, 2320x 
Run:  [517/1096] find_string [Device=0 max_width=32 num_rows=32768 hit_rate=80 api=ends_with target=scalar]
Pass: Cold: 0.034564ms GPU, 0.038278ms CPU, 0.51s total GPU, 1.09s total wall, 14752x 
Run:  [518/1096] find_string [Device=0 max_width=64 num_rows=32768 hit_rate=80 api=ends_with target=scalar]
Pass: Cold: 0.045204ms GPU, 0.048925ms CPU, 0.50s total GPU, 0.90s total wall, 11072x 
Run:  [519/1096] find_string [Device=0 max_width=128 num_rows=32768 hit_rate=80 api=ends_with target=scalar]
Pass: Cold: 0.053767ms GPU, 0.057483ms CPU, 0.50s total GPU, 0.76s total wall, 9312x 
Run:  [520/1096] find_string [Device=0 max_width=256 num_rows=32768 hit_rate=80 api=ends_with target=scalar]
Pass: Cold: 0.055367ms GPU, 0.059104ms CPU, 0.50s total GPU, 0.76s total wall, 9040x 
Run:  [521/1096] find_string [Device=0 max_width=32 num_rows=262144 hit_rate=80 api=ends_with target=scalar]
Pass: Cold: 0.075660ms GPU, 0.079349ms CPU, 0.50s total GPU, 0.67s total wall, 6624x 
Run:  [522/1096] find_string [Device=0 max_width=64 num_rows=262144 hit_rate=80 api=ends_with target=scalar]
Pass: Cold: 0.117129ms GPU, 0.120982ms CPU, 0.50s total GPU, 0.60s total wall, 4272x 
Run:  [523/1096] find_string [Device=0 max_width=128 num_rows=262144 hit_rate=80 api=ends_with target=scalar]
Pass: Cold: 0.154158ms GPU, 0.158061ms CPU, 0.50s total GPU, 0.57s total wall, 3248x 
Run:  [524/1096] find_string [Device=0 max_width=256 num_rows=262144 hit_rate=80 api=ends_with target=scalar]
Pass: Cold: 0.168848ms GPU, 0.172803ms CPU, 0.50s total GPU, 0.57s total wall, 2976x 
Run:  [525/1096] find_string [Device=0 max_width=32 num_rows=2097152 hit_rate=80 api=ends_with target=scalar]
Pass: Cold: 0.328030ms GPU, 0.331906ms CPU, 0.50s total GPU, 0.54s total wall, 1536x 
Run:  [526/1096] find_string [Device=0 max_width=64 num_rows=2097152 hit_rate=80 api=ends_with target=scalar]
Pass: Cold: 0.582029ms GPU, 0.585981ms CPU, 0.50s total GPU, 0.52s total wall, 860x 
Run:  [527/1096] find_string [Device=0 max_width=128 num_rows=2097152 hit_rate=80 api=ends_with target=scalar]
Pass: Cold: 0.813484ms GPU, 0.817566ms CPU, 1.93s total GPU, 1.98s total wall, 2368x 
Run:  [528/1096] find_string [Device=0 max_width=256 num_rows=2097152 hit_rate=80 api=ends_with target=scalar]
Pass: Cold: 0.875313ms GPU, 0.879391ms CPU, 1.18s total GPU, 1.21s total wall, 1344x 
Run:  [529/1096] find_string [Device=0 max_width=32 num_rows=32768 hit_rate=20 api=find target=column]
Pass: Cold: 0.058807ms GPU, 0.062510ms CPU, 0.50s total GPU, 0.80s total wall, 8512x 
Run:  [530/1096] find_string [Device=0 max_width=64 num_rows=32768 hit_rate=20 api=find target=column]
Pass: Cold: 0.119133ms GPU, 0.123249ms CPU, 0.50s total GPU, 0.64s total wall, 4208x 
Run:  [531/1096] find_string [Device=0 max_width=128 num_rows=32768 hit_rate=20 api=find target=column]
Pass: Cold: 0.235611ms GPU, 0.239788ms CPU, 0.50s total GPU, 0.55s total wall, 2128x 
Run:  [532/1096] find_string [Device=0 max_width=256 num_rows=32768 hit_rate=20 api=find target=column]
Pass: Cold: 0.296454ms GPU, 0.300886ms CPU, 0.61s total GPU, 0.66s total wall, 2048x 
Run:  [533/1096] find_string [Device=0 max_width=32 num_rows=262144 hit_rate=20 api=find target=column]
Pass: Cold: 0.165616ms GPU, 0.169450ms CPU, 0.50s total GPU, 0.58s total wall, 3024x 
Run:  [534/1096] find_string [Device=0 max_width=64 num_rows=262144 hit_rate=20 api=find target=column]
Pass: Cold: 0.445166ms GPU, 0.449376ms CPU, 0.83s total GPU, 0.87s total wall, 1856x 
Run:  [535/1096] find_string [Device=0 max_width=128 num_rows=262144 hit_rate=20 api=find target=column]
Pass: Cold: 1.591710ms GPU, 1.596174ms CPU, 3.08s total GPU, 3.13s total wall, 1936x 
Run:  [536/1096] find_string [Device=0 max_width=256 num_rows=262144 hit_rate=20 api=find target=column]
Pass: Cold: 2.095992ms GPU, 2.100509ms CPU, 2.45s total GPU, 2.48s total wall, 1168x 
Run:  [537/1096] find_string [Device=0 max_width=32 num_rows=2097152 hit_rate=20 api=find target=column]
Pass: Cold: 1.108338ms GPU, 1.112496ms CPU, 1.12s total GPU, 1.14s total wall, 1008x 
Run:  [538/1096] find_string [Device=0 max_width=64 num_rows=2097152 hit_rate=20 api=find target=column]
Pass: Cold: 3.144482ms GPU, 3.148809ms CPU, 6.34s total GPU, 6.40s total wall, 2016x 
Run:  [539/1096] find_string [Device=0 max_width=128 num_rows=2097152 hit_rate=20 api=find target=column]
Pass: Cold: 12.577032ms GPU, 12.581467ms CPU, 7.04s total GPU, 7.06s total wall, 560x 
Run:  [540/1096] find_string [Device=0 max_width=256 num_rows=2097152 hit_rate=20 api=find target=column]
Pass: Cold: 16.437380ms GPU, 16.441975ms CPU, 9.20s total GPU, 9.22s total wall, 560x 
Run:  [541/1096] find_string [Device=0 max_width=32 num_rows=32768 hit_rate=80 api=find target=column]
Pass: Cold: 0.062798ms GPU, 0.066502ms CPU, 0.50s total GPU, 0.78s total wall, 7968x 
Run:  [542/1096] find_string [Device=0 max_width=64 num_rows=32768 hit_rate=80 api=find target=column]
Pass: Cold: 0.112683ms GPU, 0.116824ms CPU, 0.50s total GPU, 0.64s total wall, 4448x 
Run:  [543/1096] find_string [Device=0 max_width=128 num_rows=32768 hit_rate=80 api=find target=column]
Pass: Cold: 0.279689ms GPU, 0.284007ms CPU, 0.50s total GPU, 0.54s total wall, 1792x 
Run:  [544/1096] find_string [Device=0 max_width=256 num_rows=32768 hit_rate=80 api=find target=column]
Pass: Cold: 0.347334ms GPU, 0.351786ms CPU, 0.87s total GPU, 0.93s total wall, 2512x 
Run:  [545/1096] find_string [Device=0 max_width=32 num_rows=262144 hit_rate=80 api=find target=column]
Pass: Cold: 0.187619ms GPU, 0.191347ms CPU, 0.50s total GPU, 0.57s total wall, 2672x 
Run:  [546/1096] find_string [Device=0 max_width=64 num_rows=262144 hit_rate=80 api=find target=column]
Pass: Cold: 0.401269ms GPU, 0.405497ms CPU, 0.50s total GPU, 0.53s total wall, 1248x 
Run:  [547/1096] find_string [Device=0 max_width=128 num_rows=262144 hit_rate=80 api=find target=column]
Pass: Cold: 1.962562ms GPU, 1.967077ms CPU, 3.80s total GPU, 3.85s total wall, 1936x 
Run:  [548/1096] find_string [Device=0 max_width=256 num_rows=262144 hit_rate=80 api=find target=column]
Pass: Cold: 2.518596ms GPU, 2.523211ms CPU, 2.78s total GPU, 2.81s total wall, 1104x 
Run:  [549/1096] find_string [Device=0 max_width=32 num_rows=2097152 hit_rate=80 api=find target=column]
Pass: Cold: 1.259565ms GPU, 1.263577ms CPU, 1.67s total GPU, 1.71s total wall, 1328x 
Run:  [550/1096] find_string [Device=0 max_width=64 num_rows=2097152 hit_rate=80 api=find target=column]
Pass: Cold: 2.473537ms GPU, 2.477800ms CPU, 3.64s total GPU, 3.68s total wall, 1472x 
Run:  [551/1096] find_string [Device=0 max_width=128 num_rows=2097152 hit_rate=80 api=find target=column]
Pass: Cold: 15.507047ms GPU, 15.511407ms CPU, 10.17s total GPU, 10.19s total wall, 656x 
Run:  [552/1096] find_string [Device=0 max_width=256 num_rows=2097152 hit_rate=80 api=find target=column]
Pass: Cold: 19.837163ms GPU, 19.841688ms CPU, 10.47s total GPU, 10.49s total wall, 528x 
Run:  [553/1096] find_string [Device=0 max_width=32 num_rows=32768 hit_rate=20 api=contains target=column]
Pass: Cold: 0.046287ms GPU, 0.050099ms CPU, 0.50s total GPU, 0.90s total wall, 10816x 
Run:  [554/1096] find_string [Device=0 max_width=64 num_rows=32768 hit_rate=20 api=contains target=column]
Pass: Cold: 0.074245ms GPU, 0.077998ms CPU, 0.50s total GPU, 0.72s total wall, 6736x 
Run:  [555/1096] find_string [Device=0 max_width=128 num_rows=32768 hit_rate=20 api=contains target=column]
Pass: Cold: 0.151684ms GPU, 0.155443ms CPU, 0.50s total GPU, 0.58s total wall, 3312x 
Run:  [556/1096] find_string [Device=0 max_width=256 num_rows=32768 hit_rate=20 api=contains target=column]
Pass: Cold: 0.261526ms GPU, 0.265282ms CPU, 0.50s total GPU, 0.54s total wall, 1920x 
Run:  [557/1096] find_string [Device=0 max_width=32 num_rows=262144 hit_rate=20 api=contains target=column]
Pass: Cold: 0.128027ms GPU, 0.131928ms CPU, 0.50s total GPU, 0.60s total wall, 3920x 
Run:  [558/1096] find_string [Device=0 max_width=64 num_rows=262144 hit_rate=20 api=contains target=column]
Pass: Cold: 0.298133ms GPU, 0.302142ms CPU, 0.50s total GPU, 0.54s total wall, 1680x 
Run:  [559/1096] find_string [Device=0 max_width=128 num_rows=262144 hit_rate=20 api=contains target=column]
Pass: Cold: 0.995793ms GPU, 0.999841ms CPU, 2.18s total GPU, 2.24s total wall, 2192x 
Run:  [560/1096] find_string [Device=0 max_width=256 num_rows=262144 hit_rate=20 api=contains target=column]
Pass: Cold: 1.945690ms GPU, 1.949872ms CPU, 1.46s total GPU, 1.48s total wall, 752x 
Run:  [561/1096] find_string [Device=0 max_width=32 num_rows=2097152 hit_rate=20 api=contains target=column]
Pass: Cold: 0.871201ms GPU, 0.875435ms CPU, 1.83s total GPU, 1.88s total wall, 2096x 
Run:  [562/1096] find_string [Device=0 max_width=64 num_rows=2097152 hit_rate=20 api=contains target=column]
Pass: Cold: 2.119389ms GPU, 2.123420ms CPU, 3.63s total GPU, 3.67s total wall, 1712x 
Run:  [563/1096] find_string [Device=0 max_width=128 num_rows=2097152 hit_rate=20 api=contains target=column]
Pass: Cold: 7.372451ms GPU, 7.376598ms CPU, 6.25s total GPU, 6.27s total wall, 848x 
Run:  [564/1096] find_string [Device=0 max_width=256 num_rows=2097152 hit_rate=20 api=contains target=column]
Pass: Cold: 15.205307ms GPU, 15.209388ms CPU, 8.03s total GPU, 8.04s total wall, 528x 
Run:  [565/1096] find_string [Device=0 max_width=32 num_rows=32768 hit_rate=80 api=contains target=column]
Pass: Cold: 0.047469ms GPU, 0.051207ms CPU, 0.50s total GPU, 0.89s total wall, 10544x 
Run:  [566/1096] find_string [Device=0 max_width=64 num_rows=32768 hit_rate=80 api=contains target=column]
Pass: Cold: 0.073807ms GPU, 0.077497ms CPU, 0.50s total GPU, 0.72s total wall, 6784x 
Run:  [567/1096] find_string [Device=0 max_width=128 num_rows=32768 hit_rate=80 api=contains target=column]
Pass: Cold: 0.120469ms GPU, 0.124178ms CPU, 0.50s total GPU, 0.60s total wall, 4160x 
Run:  [568/1096] find_string [Device=0 max_width=256 num_rows=32768 hit_rate=80 api=contains target=column]
Pass: Cold: 0.173741ms GPU, 0.177472ms CPU, 0.50s total GPU, 0.57s total wall, 2880x 
Run:  [569/1096] find_string [Device=0 max_width=32 num_rows=262144 hit_rate=80 api=contains target=column]
Pass: Cold: 0.140942ms GPU, 0.144867ms CPU, 0.50s total GPU, 0.58s total wall, 3552x 
Run:  [570/1096] find_string [Device=0 max_width=64 num_rows=262144 hit_rate=80 api=contains target=column]
Pass: Cold: 0.249044ms GPU, 0.252875ms CPU, 0.55s total GPU, 0.60s total wall, 2208x 
Run:  [571/1096] find_string [Device=0 max_width=128 num_rows=262144 hit_rate=80 api=contains target=column]
Pass: Cold: 0.548471ms GPU, 0.552431ms CPU, 0.55s total GPU, 0.57s total wall, 1008x 
Run:  [572/1096] find_string [Device=0 max_width=256 num_rows=262144 hit_rate=80 api=contains target=column]
Pass: Cold: 0.833336ms GPU, 0.837334ms CPU, 0.56s total GPU, 0.57s total wall, 672x 
Run:  [573/1096] find_string [Device=0 max_width=32 num_rows=2097152 hit_rate=80 api=contains target=column]
Pass: Cold: 0.959322ms GPU, 0.963474ms CPU, 1.60s total GPU, 1.64s total wall, 1664x 
Run:  [574/1096] find_string [Device=0 max_width=64 num_rows=2097152 hit_rate=80 api=contains target=column]
Pass: Cold: 1.673900ms GPU, 1.677824ms CPU, 2.28s total GPU, 2.31s total wall, 1360x 
Run:  [575/1096] find_string [Device=0 max_width=128 num_rows=2097152 hit_rate=80 api=contains target=column]
Pass: Cold: 3.950053ms GPU, 3.954074ms CPU, 2.40s total GPU, 2.42s total wall, 608x 
Run:  [576/1096] find_string [Device=0 max_width=256 num_rows=2097152 hit_rate=80 api=contains target=column]
Pass: Cold: 6.225389ms GPU, 6.229569ms CPU, 5.08s total GPU, 5.10s total wall, 816x 
Run:  [577/1096] find_string [Device=0 max_width=32 num_rows=32768 hit_rate=20 api=starts_with target=column]
Pass: Cold: 0.037829ms GPU, 0.041634ms CPU, 0.50s total GPU, 1.01s total wall, 13232x 
Run:  [578/1096] find_string [Device=0 max_width=64 num_rows=32768 hit_rate=20 api=starts_with target=column]
Pass: Cold: 0.047908ms GPU, 0.051674ms CPU, 0.50s total GPU, 0.87s total wall, 10448x 
Run:  [579/1096] find_string [Device=0 max_width=128 num_rows=32768 hit_rate=20 api=starts_with target=column]
Pass: Cold: 0.050440ms GPU, 0.054186ms CPU, 0.50s total GPU, 0.83s total wall, 9920x 
Run:  [580/1096] find_string [Device=0 max_width=256 num_rows=32768 hit_rate=20 api=starts_with target=column]
Pass: Cold: 0.051724ms GPU, 0.055472ms CPU, 0.50s total GPU, 0.82s total wall, 9680x 
Run:  [581/1096] find_string [Device=0 max_width=32 num_rows=262144 hit_rate=20 api=starts_with target=column]
Pass: Cold: 0.088590ms GPU, 0.092363ms CPU, 0.50s total GPU, 0.64s total wall, 5648x 
Run:  [582/1096] find_string [Device=0 max_width=64 num_rows=262144 hit_rate=20 api=starts_with target=column]
Pass: Cold: 0.119360ms GPU, 0.123241ms CPU, 0.50s total GPU, 0.60s total wall, 4192x 
Run:  [583/1096] find_string [Device=0 max_width=128 num_rows=262144 hit_rate=20 api=starts_with target=column]
Pass: Cold: 0.126660ms GPU, 0.130493ms CPU, 0.50s total GPU, 0.59s total wall, 3952x 
Run:  [584/1096] find_string [Device=0 max_width=256 num_rows=262144 hit_rate=20 api=starts_with target=column]
Pass: Cold: 0.132915ms GPU, 0.136765ms CPU, 0.50s total GPU, 0.59s total wall, 3776x 
Run:  [585/1096] find_string [Device=0 max_width=32 num_rows=2097152 hit_rate=20 api=starts_with target=column]
Pass: Cold: 0.405551ms GPU, 0.409552ms CPU, 0.51s total GPU, 0.54s total wall, 1264x 
Run:  [586/1096] find_string [Device=0 max_width=64 num_rows=2097152 hit_rate=20 api=starts_with target=column]
Pass: Cold: 0.614810ms GPU, 0.618777ms CPU, 0.50s total GPU, 0.52s total wall, 814x 
Run:  [587/1096] find_string [Device=0 max_width=128 num_rows=2097152 hit_rate=20 api=starts_with target=column]
Pass: Cold: 0.669879ms GPU, 0.673850ms CPU, 1.18s total GPU, 1.22s total wall, 1760x 
Run:  [588/1096] find_string [Device=0 max_width=256 num_rows=2097152 hit_rate=20 api=starts_with target=column]
Pass: Cold: 0.715379ms GPU, 0.719389ms CPU, 0.50s total GPU, 0.52s total wall, 699x 
Run:  [589/1096] find_string [Device=0 max_width=32 num_rows=32768 hit_rate=80 api=starts_with target=column]
Pass: Cold: 0.038495ms GPU, 0.042284ms CPU, 0.50s total GPU, 1.00s total wall, 12992x 
Run:  [590/1096] find_string [Device=0 max_width=64 num_rows=32768 hit_rate=80 api=starts_with target=column]
Pass: Cold: 0.048489ms GPU, 0.052270ms CPU, 0.50s total GPU, 0.86s total wall, 10320x 
Run:  [591/1096] find_string [Device=0 max_width=128 num_rows=32768 hit_rate=80 api=starts_with target=column]
Pass: Cold: 0.052769ms GPU, 0.056526ms CPU, 0.51s total GPU, 0.82s total wall, 9664x 
Run:  [592/1096] find_string [Device=0 max_width=256 num_rows=32768 hit_rate=80 api=starts_with target=column]
Pass: Cold: 0.053408ms GPU, 0.057171ms CPU, 0.50s total GPU, 0.80s total wall, 9376x 
Run:  [593/1096] find_string [Device=0 max_width=32 num_rows=262144 hit_rate=80 api=starts_with target=column]
Pass: Cold: 0.092026ms GPU, 0.095897ms CPU, 0.50s total GPU, 0.63s total wall, 5440x 
Run:  [594/1096] find_string [Device=0 max_width=64 num_rows=262144 hit_rate=80 api=starts_with target=column]
Pass: Cold: 0.128629ms GPU, 0.132501ms CPU, 0.57s total GPU, 0.67s total wall, 4400x 
Run:  [595/1096] find_string [Device=0 max_width=128 num_rows=262144 hit_rate=80 api=starts_with target=column]
Pass: Cold: 0.134655ms GPU, 0.138517ms CPU, 0.50s total GPU, 0.59s total wall, 3728x 
Run:  [596/1096] find_string [Device=0 max_width=256 num_rows=262144 hit_rate=80 api=starts_with target=column]
Pass: Cold: 0.142311ms GPU, 0.146194ms CPU, 0.50s total GPU, 0.58s total wall, 3520x 
Run:  [597/1096] find_string [Device=0 max_width=32 num_rows=2097152 hit_rate=80 api=starts_with target=column]
Pass: Cold: 0.436396ms GPU, 0.440281ms CPU, 0.50s total GPU, 0.53s total wall, 1152x 
Run:  [598/1096] find_string [Device=0 max_width=64 num_rows=2097152 hit_rate=80 api=starts_with target=column]
Pass: Cold: 0.682434ms GPU, 0.686338ms CPU, 1.21s total GPU, 1.25s total wall, 1779x 
Run:  [599/1096] find_string [Device=0 max_width=128 num_rows=2097152 hit_rate=80 api=starts_with target=column]
Pass: Cold: 0.741205ms GPU, 0.745136ms CPU, 0.50s total GPU, 0.51s total wall, 675x 
Run:  [600/1096] find_string [Device=0 max_width=256 num_rows=2097152 hit_rate=80 api=starts_with target=column]
Pass: Cold: 0.797182ms GPU, 0.801079ms CPU, 0.80s total GPU, 0.82s total wall, 998x 
Run:  [601/1096] find_string [Device=0 max_width=32 num_rows=32768 hit_rate=20 api=ends_with target=column]
Pass: Cold: 0.038316ms GPU, 0.042109ms CPU, 0.50s total GPU, 1.00s total wall, 13056x 
Run:  [602/1096] find_string [Device=0 max_width=64 num_rows=32768 hit_rate=20 api=ends_with target=column]
Pass: Cold: 0.048636ms GPU, 0.052373ms CPU, 0.50s total GPU, 0.86s total wall, 10288x 
Run:  [603/1096] find_string [Device=0 max_width=128 num_rows=32768 hit_rate=20 api=ends_with target=column]
Pass: Cold: 0.053010ms GPU, 0.056688ms CPU, 0.50s total GPU, 0.80s total wall, 9440x 
Run:  [604/1096] find_string [Device=0 max_width=256 num_rows=32768 hit_rate=20 api=ends_with target=column]
Pass: Cold: 0.054106ms GPU, 0.057810ms CPU, 0.50s total GPU, 0.79s total wall, 9248x 
Run:  [605/1096] find_string [Device=0 max_width=32 num_rows=262144 hit_rate=20 api=ends_with target=column]
Pass: Cold: 0.090577ms GPU, 0.094279ms CPU, 0.50s total GPU, 0.64s total wall, 5536x 
Run:  [606/1096] find_string [Device=0 max_width=64 num_rows=262144 hit_rate=20 api=ends_with target=column]
Pass: Cold: 0.122664ms GPU, 0.126381ms CPU, 0.50s total GPU, 0.59s total wall, 4080x 
Run:  [607/1096] find_string [Device=0 max_width=128 num_rows=262144 hit_rate=20 api=ends_with target=column]
Pass: Cold: 0.135252ms GPU, 0.138963ms CPU, 0.50s total GPU, 0.59s total wall, 3712x 
Run:  [608/1096] find_string [Device=0 max_width=256 num_rows=262144 hit_rate=20 api=ends_with target=column]
Pass: Cold: 0.143022ms GPU, 0.146803ms CPU, 0.55s total GPU, 0.64s total wall, 3872x 
Run:  [609/1096] find_string [Device=0 max_width=32 num_rows=2097152 hit_rate=20 api=ends_with target=column]
Pass: Cold: 0.417701ms GPU, 0.421870ms CPU, 0.50s total GPU, 0.53s total wall, 1200x 
Run:  [610/1096] find_string [Device=0 max_width=64 num_rows=2097152 hit_rate=20 api=ends_with target=column]
Pass: Cold: 0.628416ms GPU, 0.632408ms CPU, 0.50s total GPU, 0.52s total wall, 796x 
Run:  [611/1096] find_string [Device=0 max_width=128 num_rows=2097152 hit_rate=20 api=ends_with target=column]
Pass: Cold: 0.706402ms GPU, 0.710434ms CPU, 0.50s total GPU, 0.52s total wall, 708x 
Run:  [612/1096] find_string [Device=0 max_width=256 num_rows=2097152 hit_rate=20 api=ends_with target=column]
Pass: Cold: 0.756685ms GPU, 0.760723ms CPU, 1.66s total GPU, 1.71s total wall, 2192x 
Run:  [613/1096] find_string [Device=0 max_width=32 num_rows=32768 hit_rate=80 api=ends_with target=column]
Pass: Cold: 0.039043ms GPU, 0.042817ms CPU, 0.50s total GPU, 0.99s total wall, 12816x 
Run:  [614/1096] find_string [Device=0 max_width=64 num_rows=32768 hit_rate=80 api=ends_with target=column]
Pass: Cold: 0.050754ms GPU, 0.054500ms CPU, 0.50s total GPU, 0.84s total wall, 9856x 
Run:  [615/1096] find_string [Device=0 max_width=128 num_rows=32768 hit_rate=80 api=ends_with target=column]
Pass: Cold: 0.059752ms GPU, 0.063503ms CPU, 0.50s total GPU, 0.72s total wall, 8368x 
Run:  [616/1096] find_string [Device=0 max_width=256 num_rows=32768 hit_rate=80 api=ends_with target=column]
Pass: Cold: 0.061461ms GPU, 0.065219ms CPU, 0.50s total GPU, 0.72s total wall, 8144x 
Run:  [617/1096] find_string [Device=0 max_width=32 num_rows=262144 hit_rate=80 api=ends_with target=column]
Pass: Cold: 0.093626ms GPU, 0.097439ms CPU, 0.50s total GPU, 0.63s total wall, 5344x 
Run:  [618/1096] find_string [Device=0 max_width=64 num_rows=262144 hit_rate=80 api=ends_with target=column]
Pass: Cold: 0.135810ms GPU, 0.139664ms CPU, 0.50s total GPU, 0.59s total wall, 3696x 
Run:  [619/1096] find_string [Device=0 max_width=128 num_rows=262144 hit_rate=80 api=ends_with target=column]
Pass: Cold: 0.176125ms GPU, 0.180089ms CPU, 0.50s total GPU, 0.57s total wall, 2848x 
Run:  [620/1096] find_string [Device=0 max_width=256 num_rows=262144 hit_rate=80 api=ends_with target=column]
Pass: Cold: 0.184862ms GPU, 0.188768ms CPU, 0.50s total GPU, 0.56s total wall, 2720x 
Run:  [621/1096] find_string [Device=0 max_width=32 num_rows=2097152 hit_rate=80 api=ends_with target=column]
Pass: Cold: 0.452075ms GPU, 0.456238ms CPU, 0.62s total GPU, 0.65s total wall, 1376x 
Run:  [622/1096] find_string [Device=0 max_width=64 num_rows=2097152 hit_rate=80 api=ends_with target=column]
Pass: Cold: 0.713612ms GPU, 0.717689ms CPU, 1.52s total GPU, 1.57s total wall, 2128x 
Run:  [623/1096] find_string [Device=0 max_width=128 num_rows=2097152 hit_rate=80 api=ends_with target=column]
Pass: Cold: 0.982425ms GPU, 0.986546ms CPU, 0.71s total GPU, 0.72s total wall, 720x 
Run:  [624/1096] find_string [Device=0 max_width=256 num_rows=2097152 hit_rate=80 api=ends_with target=column]
Pass: Cold: 1.044392ms GPU, 1.048565ms CPU, 0.77s total GPU, 0.79s total wall, 736x 
Run:  [625/1096] find_multiple [Device=0 api=find targets=10 row_width=32 num_rows=32768 hit_rate=20]
Pass: Cold: 0.154315ms GPU, 0.158193ms CPU, 0.50s total GPU, 0.61s total wall, 3248x 
Run:  [626/1096] find_multiple [Device=0 api=contains targets=10 row_width=32 num_rows=32768 hit_rate=20]
Pass: Cold: 0.169271ms GPU, 0.173105ms CPU, 0.50s total GPU, 0.60s total wall, 2960x 
Run:  [627/1096] find_multiple [Device=0 api=find targets=20 row_width=32 num_rows=32768 hit_rate=20]
Pass: Cold: 0.230313ms GPU, 0.234242ms CPU, 0.62s total GPU, 0.71s total wall, 2688x 
Run:  [628/1096] find_multiple [Device=0 api=contains targets=20 row_width=32 num_rows=32768 hit_rate=20]
Pass: Cold: 0.203760ms GPU, 0.207667ms CPU, 0.50s total GPU, 0.58s total wall, 2464x 
Run:  [629/1096] find_multiple [Device=0 api=find targets=40 row_width=32 num_rows=32768 hit_rate=20]
Pass: Cold: 0.393527ms GPU, 0.397498ms CPU, 0.99s total GPU, 1.07s total wall, 2512x 
Run:  [630/1096] find_multiple [Device=0 api=contains targets=40 row_width=32 num_rows=32768 hit_rate=20]
Pass: Cold: 0.288265ms GPU, 0.292170ms CPU, 0.71s total GPU, 0.79s total wall, 2464x 
Run:  [631/1096] find_multiple [Device=0 api=find targets=10 row_width=64 num_rows=32768 hit_rate=20]
Pass: Cold: 0.233739ms GPU, 0.237591ms CPU, 0.50s total GPU, 0.57s total wall, 2144x 
Run:  [632/1096] find_multiple [Device=0 api=contains targets=10 row_width=64 num_rows=32768 hit_rate=20]
Pass: Cold: 0.284539ms GPU, 0.288422ms CPU, 0.50s total GPU, 0.56s total wall, 1760x 
Run:  [633/1096] find_multiple [Device=0 api=find targets=20 row_width=64 num_rows=32768 hit_rate=20]
Pass: Cold: 0.372719ms GPU, 0.376663ms CPU, 0.91s total GPU, 1.00s total wall, 2448x 
Run:  [634/1096] find_multiple [Device=0 api=contains targets=20 row_width=64 num_rows=32768 hit_rate=20]
Pass: Cold: 0.391754ms GPU, 0.395648ms CPU, 0.79s total GPU, 0.85s total wall, 2016x 
Run:  [635/1096] find_multiple [Device=0 api=find targets=40 row_width=64 num_rows=32768 hit_rate=20]
Pass: Cold: 0.643436ms GPU, 0.647459ms CPU, 1.82s total GPU, 1.92s total wall, 2832x 
Run:  [636/1096] find_multiple [Device=0 api=contains targets=40 row_width=64 num_rows=32768 hit_rate=20]
Pass: Cold: 0.631196ms GPU, 0.635103ms CPU, 0.52s total GPU, 0.54s total wall, 816x 
Run:  [637/1096] find_multiple [Device=0 api=find targets=10 row_width=128 num_rows=32768 hit_rate=20]
Pass: Cold: 0.452864ms GPU, 0.456824ms CPU, 0.82s total GPU, 0.87s total wall, 1808x 
Run:  [638/1096] find_multiple [Device=0 api=contains targets=10 row_width=128 num_rows=32768 hit_rate=20]
Pass: Cold: 0.535708ms GPU, 0.539762ms CPU, 0.60s total GPU, 0.63s total wall, 1120x 
Run:  [639/1096] find_multiple [Device=0 api=find targets=20 row_width=128 num_rows=32768 hit_rate=20]
Pass: Cold: 0.680707ms GPU, 0.684733ms CPU, 1.25s total GPU, 1.31s total wall, 1840x 
Run:  [640/1096] find_multiple [Device=0 api=contains targets=20 row_width=128 num_rows=32768 hit_rate=20]
Pass: Cold: 0.786981ms GPU, 0.790991ms CPU, 0.59s total GPU, 0.61s total wall, 752x 
Run:  [641/1096] find_multiple [Device=0 api=find targets=40 row_width=128 num_rows=32768 hit_rate=20]
Pass: Cold: 1.168461ms GPU, 1.172488ms CPU, 2.58s total GPU, 2.65s total wall, 2208x 
Run:  [642/1096] find_multiple [Device=0 api=contains targets=40 row_width=128 num_rows=32768 hit_rate=20]
Pass: Cold: 2.245337ms GPU, 2.249529ms CPU, 4.02s total GPU, 4.09s total wall, 1792x 
Run:  [643/1096] find_multiple [Device=0 api=find targets=10 row_width=256 num_rows=32768 hit_rate=20]
Pass: Cold: 0.845142ms GPU, 0.849075ms CPU, 1.62s total GPU, 1.67s total wall, 1920x 
Run:  [644/1096] find_multiple [Device=0 api=contains targets=10 row_width=256 num_rows=32768 hit_rate=20]
Pass: Cold: 0.761126ms GPU, 0.765292ms CPU, 1.42s total GPU, 1.47s total wall, 1872x 
Run:  [645/1096] find_multiple [Device=0 api=find targets=20 row_width=256 num_rows=32768 hit_rate=20]
Pass: Cold: 1.275283ms GPU, 1.279337ms CPU, 2.45s total GPU, 2.51s total wall, 1920x 
Run:  [646/1096] find_multiple [Device=0 api=contains targets=20 row_width=256 num_rows=32768 hit_rate=20]
Pass: Cold: 1.064265ms GPU, 1.068535ms CPU, 2.15s total GPU, 2.20s total wall, 2016x 
Run:  [647/1096] find_multiple [Device=0 api=find targets=40 row_width=256 num_rows=32768 hit_rate=20]
Pass: Cold: 2.202049ms GPU, 2.206129ms CPU, 3.42s total GPU, 3.47s total wall, 1552x 
Run:  [648/1096] find_multiple [Device=0 api=contains targets=40 row_width=256 num_rows=32768 hit_rate=20]
Pass: Cold: 2.655359ms GPU, 2.659717ms CPU, 3.23s total GPU, 3.27s total wall, 1216x 
Run:  [649/1096] find_multiple [Device=0 api=find targets=10 row_width=32 num_rows=262144 hit_rate=20]
Pass: Cold: 0.926948ms GPU, 0.931141ms CPU, 1.76s total GPU, 1.83s total wall, 1904x 
Run:  [650/1096] find_multiple [Device=0 api=contains targets=10 row_width=32 num_rows=262144 hit_rate=20]
Pass: Cold: 0.575950ms GPU, 0.580145ms CPU, 0.79s total GPU, 0.83s total wall, 1376x 
Run:  [651/1096] find_multiple [Device=0 api=find targets=20 row_width=32 num_rows=262144 hit_rate=20]
Pass: Cold: 1.561527ms GPU, 1.565734ms CPU, 2.87s total GPU, 2.94s total wall, 1840x 
Run:  [652/1096] find_multiple [Device=0 api=contains targets=20 row_width=32 num_rows=262144 hit_rate=20]
Pass: Cold: 0.796618ms GPU, 0.800886ms CPU, 0.80s total GPU, 0.84s total wall, 1008x 
Run:  [653/1096] find_multiple [Device=0 api=find targets=40 row_width=32 num_rows=262144 hit_rate=20]
Pass: Cold: 2.880005ms GPU, 2.884203ms CPU, 2.07s total GPU, 2.10s total wall, 720x 
Run:  [654/1096] find_multiple [Device=0 api=contains targets=40 row_width=32 num_rows=262144 hit_rate=20]
Pass: Cold: 1.315871ms GPU, 1.320119ms CPU, 1.56s total GPU, 1.60s total wall, 1184x 
Run:  [655/1096] find_multiple [Device=0 api=find targets=10 row_width=64 num_rows=262144 hit_rate=20]
Pass: Cold: 1.562053ms GPU, 1.566239ms CPU, 2.05s total GPU, 2.09s total wall, 1312x 
Run:  [656/1096] find_multiple [Device=0 api=contains targets=10 row_width=64 num_rows=262144 hit_rate=20]
Pass: Cold: 1.125548ms GPU, 1.129901ms CPU, 0.76s total GPU, 0.77s total wall, 672x 
Run:  [657/1096] find_multiple [Device=0 api=find targets=20 row_width=64 num_rows=262144 hit_rate=20]
Pass: Cold: 2.684182ms GPU, 2.688334ms CPU, 2.23s total GPU, 2.26s total wall, 832x 
Run:  [658/1096] find_multiple [Device=0 api=contains targets=20 row_width=64 num_rows=262144 hit_rate=20]
Pass: Cold: 1.595258ms GPU, 1.599597ms CPU, 1.28s total GPU, 1.30s total wall, 800x 
Run:  [659/1096] find_multiple [Device=0 api=find targets=40 row_width=64 num_rows=262144 hit_rate=20]
Pass: Cold: 4.843488ms GPU, 4.847566ms CPU, 4.73s total GPU, 4.76s total wall, 976x 
Run:  [660/1096] find_multiple [Device=0 api=contains targets=40 row_width=64 num_rows=262144 hit_rate=20]
Pass: Cold: 2.675396ms GPU, 2.679777ms CPU, 2.95s total GPU, 2.99s total wall, 1104x 
Run:  [661/1096] find_multiple [Device=0 api=find targets=10 row_width=128 num_rows=262144 hit_rate=20]
Pass: Cold: 3.185629ms GPU, 3.189637ms CPU, 2.50s total GPU, 2.52s total wall, 784x 
Run:  [662/1096] find_multiple [Device=0 api=contains targets=10 row_width=128 num_rows=262144 hit_rate=20]
Pass: Cold: 3.518933ms GPU, 3.523466ms CPU, 3.83s total GPU, 3.86s total wall, 1088x 
Run:  [663/1096] find_multiple [Device=0 api=find targets=20 row_width=128 num_rows=262144 hit_rate=20]
Pass: Cold: 5.066539ms GPU, 5.070617ms CPU, 3.81s total GPU, 3.84s total wall, 752x 
Run:  [664/1096] find_multiple [Device=0 api=contains targets=20 row_width=128 num_rows=262144 hit_rate=20]
Pass: Cold: 5.206181ms GPU, 5.210719ms CPU, 6.58s total GPU, 6.62s total wall, 1264x 
Run:  [665/1096] find_multiple [Device=0 api=find targets=40 row_width=128 num_rows=262144 hit_rate=20]
Pass: Cold: 8.978432ms GPU, 8.982517ms CPU, 10.49s total GPU, 10.53s total wall, 1168x 
Run:  [666/1096] find_multiple [Device=0 api=contains targets=40 row_width=128 num_rows=262144 hit_rate=20]
Pass: Cold: 16.295244ms GPU, 16.299678ms CPU, 11.73s total GPU, 11.76s total wall, 720x 
Run:  [667/1096] find_multiple [Device=0 api=find targets=10 row_width=256 num_rows=262144 hit_rate=20]
Pass: Cold: 6.062253ms GPU, 6.066312ms CPU, 4.95s total GPU, 4.97s total wall, 816x 
Run:  [668/1096] find_multiple [Device=0 api=contains targets=10 row_width=256 num_rows=262144 hit_rate=20]
Pass: Cold: 5.314421ms GPU, 5.318948ms CPU, 3.32s total GPU, 3.33s total wall, 624x 
Run:  [669/1096] find_multiple [Device=0 api=find targets=20 row_width=256 num_rows=262144 hit_rate=20]
Pass: Cold: 9.643814ms GPU, 9.647961ms CPU, 5.25s total GPU, 5.26s total wall, 544x 
Run:  [670/1096] find_multiple [Device=0 api=contains targets=20 row_width=256 num_rows=262144 hit_rate=20]
Pass: Cold: 7.468899ms GPU, 7.473551ms CPU, 4.42s total GPU, 4.44s total wall, 592x 
Run:  [671/1096] find_multiple [Device=0 api=find targets=40 row_width=256 num_rows=262144 hit_rate=20]
Pass: Cold: 17.102927ms GPU, 17.106994ms CPU, 9.30s total GPU, 9.32s total wall, 544x 
Run:  [672/1096] find_multiple [Device=0 api=contains targets=40 row_width=256 num_rows=262144 hit_rate=20]
Warn: Current measurement timed out (15.01s) while over noise threshold (0.85% > 0.50%)
Pass: Cold: 19.529143ms GPU, 19.534269ms CPU, 14.98s total GPU, 15.01s total wall, 767x 
Run:  [673/1096] find_multiple [Device=0 api=find targets=10 row_width=32 num_rows=2097152 hit_rate=20]
Pass: Cold: 7.192434ms GPU, 7.196539ms CPU, 6.56s total GPU, 6.59s total wall, 912x 
Run:  [674/1096] find_multiple [Device=0 api=contains targets=10 row_width=32 num_rows=2097152 hit_rate=20]
Pass: Cold: 4.019810ms GPU, 4.024523ms CPU, 3.15s total GPU, 3.18s total wall, 784x 
Run:  [675/1096] find_multiple [Device=0 api=find targets=20 row_width=32 num_rows=2097152 hit_rate=20]
Pass: Cold: 12.428478ms GPU, 12.432553ms CPU, 6.56s total GPU, 6.58s total wall, 528x 
Run:  [676/1096] find_multiple [Device=0 api=contains targets=20 row_width=32 num_rows=2097152 hit_rate=20]
Pass: Cold: 5.688271ms GPU, 5.692872ms CPU, 3.19s total GPU, 3.20s total wall, 560x 
Run:  [677/1096] find_multiple [Device=0 api=find targets=40 row_width=32 num_rows=2097152 hit_rate=20]
Pass: Cold: 22.843190ms GPU, 22.847259ms CPU, 11.70s total GPU, 11.71s total wall, 512x 
Run:  [678/1096] find_multiple [Device=0 api=contains targets=40 row_width=32 num_rows=2097152 hit_rate=20]
Pass: Cold: 9.712207ms GPU, 9.717026ms CPU, 5.13s total GPU, 5.15s total wall, 528x 
Run:  [679/1096] find_multiple [Device=0 api=find targets=10 row_width=64 num_rows=2097152 hit_rate=20]
Pass: Cold: 12.194828ms GPU, 12.198949ms CPU, 7.22s total GPU, 7.24s total wall, 592x 
Run:  [680/1096] find_multiple [Device=0 api=contains targets=10 row_width=64 num_rows=2097152 hit_rate=20]
Pass: Cold: 8.021030ms GPU, 8.025823ms CPU, 4.62s total GPU, 4.64s total wall, 576x 
Run:  [681/1096] find_multiple [Device=0 api=find targets=20 row_width=64 num_rows=2097152 hit_rate=20]
Pass: Cold: 21.202004ms GPU, 21.206206ms CPU, 2.71s total GPU, 2.72s total wall, 128x 
Run:  [682/1096] find_multiple [Device=0 api=contains targets=20 row_width=64 num_rows=2097152 hit_rate=20]
Pass: Cold: 11.439518ms GPU, 11.444578ms CPU, 6.04s total GPU, 6.06s total wall, 528x 
Run:  [683/1096] find_multiple [Device=0 api=find targets=40 row_width=64 num_rows=2097152 hit_rate=20]
Pass: Cold: 38.560835ms GPU, 38.564634ms CPU, 3.08s total GPU, 3.09s total wall, 80x 
Run:  [684/1096] find_multiple [Device=0 api=contains targets=40 row_width=64 num_rows=2097152 hit_rate=20]
Pass: Cold: 19.484320ms GPU, 19.489582ms CPU, 10.29s total GPU, 10.31s total wall, 528x 
Run:  [685/1096] find_multiple [Device=0 api=find targets=10 row_width=128 num_rows=2097152 hit_rate=20]
Pass: Cold: 25.028021ms GPU, 25.031972ms CPU, 5.61s total GPU, 5.61s total wall, 224x 
Run:  [686/1096] find_multiple [Device=0 api=contains targets=10 row_width=128 num_rows=2097152 hit_rate=20]
Pass: Cold: 27.300133ms GPU, 27.304714ms CPU, 13.98s total GPU, 13.99s total wall, 512x 
Run:  [687/1096] find_multiple [Device=0 api=find targets=20 row_width=128 num_rows=2097152 hit_rate=20]
Pass: Cold: 39.862384ms GPU, 39.866235ms CPU, 3.19s total GPU, 3.19s total wall, 80x 
Run:  [688/1096] find_multiple [Device=0 api=contains targets=20 row_width=128 num_rows=2097152 hit_rate=20]
Warn: Current measurement timed out (15.01s) while over noise threshold (0.69% > 0.50%)
Pass: Cold: 40.539936ms GPU, 40.545440ms CPU, 15.00s total GPU, 15.01s total wall, 370x 
Run:  [689/1096] find_multiple [Device=0 api=find targets=40 row_width=128 num_rows=2097152 hit_rate=20]
Warn: Current measurement timed out (15.02s) while over noise threshold (0.57% > 0.50%)
Pass: Cold: 71.164262ms GPU, 71.168136ms CPU, 15.02s total GPU, 15.02s total wall, 211x 
Run:  [690/1096] find_multiple [Device=0 api=contains targets=40 row_width=128 num_rows=2097152 hit_rate=20]
Pass: Cold: 128.477551ms GPU, 128.484607ms CPU, 3.47s total GPU, 3.47s total wall, 27x 
Run:  [691/1096] find_multiple [Device=0 api=find targets=10 row_width=256 num_rows=2097152 hit_rate=20]
Warn: Current measurement timed out (15.00s) while over noise threshold (0.83% > 0.50%)
Pass: Cold: 47.749210ms GPU, 47.753068ms CPU, 14.99s total GPU, 15.00s total wall, 314x 
Run:  [692/1096] find_multiple [Device=0 api=contains targets=10 row_width=256 num_rows=2097152 hit_rate=20]
Warn: Current measurement timed out (15.04s) while over noise threshold (0.84% > 0.50%)
Pass: Cold: 41.502122ms GPU, 41.507748ms CPU, 15.02s total GPU, 15.04s total wall, 362x 
Run:  [693/1096] find_multiple [Device=0 api=find targets=20 row_width=256 num_rows=2097152 hit_rate=20]
Warn: Current measurement timed out (15.02s) while over noise threshold (0.67% > 0.50%)
Pass: Cold: 76.232627ms GPU, 76.236156ms CPU, 15.02s total GPU, 15.02s total wall, 197x 
Run:  [694/1096] find_multiple [Device=0 api=contains targets=20 row_width=256 num_rows=2097152 hit_rate=20]
Pass: Cold: 58.464959ms GPU, 58.470730ms CPU, 13.10s total GPU, 13.10s total wall, 224x 
Run:  [695/1096] find_multiple [Device=0 api=find targets=40 row_width=256 num_rows=2097152 hit_rate=20]
Pass: Cold: 135.413306ms GPU, 135.416536ms CPU, 1.49s total GPU, 1.49s total wall, 11x 
Run:  [696/1096] find_multiple [Device=0 api=contains targets=40 row_width=256 num_rows=2097152 hit_rate=20]
Pass: Cold: 154.265852ms GPU, 154.273568ms CPU, 1.70s total GPU, 1.70s total wall, 11x 
Run:  [697/1096] find_multiple [Device=0 api=find targets=10 row_width=32 num_rows=32768 hit_rate=80]
Pass: Cold: 0.146959ms GPU, 0.150800ms CPU, 0.50s total GPU, 0.62s total wall, 3408x 
Run:  [698/1096] find_multiple [Device=0 api=contains targets=10 row_width=32 num_rows=32768 hit_rate=80]
Pass: Cold: 0.164631ms GPU, 0.168486ms CPU, 0.50s total GPU, 0.60s total wall, 3040x 
Run:  [699/1096] find_multiple [Device=0 api=find targets=20 row_width=32 num_rows=32768 hit_rate=80]
Pass: Cold: 0.243744ms GPU, 0.247743ms CPU, 0.50s total GPU, 0.57s total wall, 2064x 
Run:  [700/1096] find_multiple [Device=0 api=contains targets=20 row_width=32 num_rows=32768 hit_rate=80]
Pass: Cold: 0.198648ms GPU, 0.202505ms CPU, 0.50s total GPU, 0.58s total wall, 2528x 
Run:  [701/1096] find_multiple [Device=0 api=find targets=40 row_width=32 num_rows=32768 hit_rate=80]
Pass: Cold: 0.444778ms GPU, 0.448827ms CPU, 1.02s total GPU, 1.09s total wall, 2288x 
Run:  [702/1096] find_multiple [Device=0 api=contains targets=40 row_width=32 num_rows=32768 hit_rate=80]
Pass: Cold: 0.283462ms GPU, 0.287354ms CPU, 0.73s total GPU, 0.82s total wall, 2592x 
Run:  [703/1096] find_multiple [Device=0 api=find targets=10 row_width=64 num_rows=32768 hit_rate=80]
Pass: Cold: 0.185311ms GPU, 0.189072ms CPU, 0.50s total GPU, 0.59s total wall, 2704x 
Run:  [704/1096] find_multiple [Device=0 api=contains targets=10 row_width=64 num_rows=32768 hit_rate=80]
Pass: Cold: 0.281309ms GPU, 0.285144ms CPU, 0.50s total GPU, 0.56s total wall, 1792x 
Run:  [705/1096] find_multiple [Device=0 api=find targets=20 row_width=64 num_rows=32768 hit_rate=80]
Pass: Cold: 0.285439ms GPU, 0.289448ms CPU, 0.71s total GPU, 0.79s total wall, 2480x 
Run:  [706/1096] find_multiple [Device=0 api=contains targets=20 row_width=64 num_rows=32768 hit_rate=80]
Pass: Cold: 0.387799ms GPU, 0.391710ms CPU, 0.60s total GPU, 0.65s total wall, 1552x 
Run:  [707/1096] find_multiple [Device=0 api=find targets=40 row_width=64 num_rows=32768 hit_rate=80]
Pass: Cold: 0.512817ms GPU, 0.516832ms CPU, 1.35s total GPU, 1.43s total wall, 2624x 
Run:  [708/1096] find_multiple [Device=0 api=contains targets=40 row_width=64 num_rows=32768 hit_rate=80]
Pass: Cold: 0.610967ms GPU, 0.614893ms CPU, 1.22s total GPU, 1.29s total wall, 2000x 
Run:  [709/1096] find_multiple [Device=0 api=find targets=10 row_width=128 num_rows=32768 hit_rate=80]
Pass: Cold: 0.287050ms GPU, 0.290818ms CPU, 0.50s total GPU, 0.55s total wall, 1744x 
Run:  [710/1096] find_multiple [Device=0 api=contains targets=10 row_width=128 num_rows=32768 hit_rate=80]
Pass: Cold: 0.559443ms GPU, 0.563503ms CPU, 1.07s total GPU, 1.12s total wall, 1920x 
Run:  [711/1096] find_multiple [Device=0 api=find targets=20 row_width=128 num_rows=32768 hit_rate=80]
Pass: Cold: 0.404895ms GPU, 0.408824ms CPU, 0.65s total GPU, 0.70s total wall, 1600x 
Run:  [712/1096] find_multiple [Device=0 api=contains targets=20 row_width=128 num_rows=32768 hit_rate=80]
Pass: Cold: 0.830108ms GPU, 0.834228ms CPU, 0.73s total GPU, 0.75s total wall, 880x 
Run:  [713/1096] find_multiple [Device=0 api=find targets=40 row_width=128 num_rows=32768 hit_rate=80]
Pass: Cold: 0.681148ms GPU, 0.685151ms CPU, 0.95s total GPU, 0.99s total wall, 1392x 
Run:  [714/1096] find_multiple [Device=0 api=contains targets=40 row_width=128 num_rows=32768 hit_rate=80]
Pass: Cold: 2.263873ms GPU, 2.268018ms CPU, 3.44s total GPU, 3.49s total wall, 1520x 
Run:  [715/1096] find_multiple [Device=0 api=find targets=10 row_width=256 num_rows=32768 hit_rate=80]
Pass: Cold: 0.400326ms GPU, 0.404087ms CPU, 0.51s total GPU, 0.54s total wall, 1264x 
Run:  [716/1096] find_multiple [Device=0 api=contains targets=10 row_width=256 num_rows=32768 hit_rate=80]
Pass: Cold: 0.822047ms GPU, 0.826369ms CPU, 1.18s total GPU, 1.22s total wall, 1440x 
Run:  [717/1096] find_multiple [Device=0 api=find targets=20 row_width=256 num_rows=32768 hit_rate=80]
Pass: Cold: 0.562365ms GPU, 0.566363ms CPU, 0.66s total GPU, 0.69s total wall, 1168x 
Run:  [718/1096] find_multiple [Device=0 api=contains targets=20 row_width=256 num_rows=32768 hit_rate=80]
Pass: Cold: 1.111829ms GPU, 1.116084ms CPU, 1.83s total GPU, 1.87s total wall, 1648x 
Run:  [719/1096] find_multiple [Device=0 api=find targets=40 row_width=256 num_rows=32768 hit_rate=80]
Pass: Cold: 0.942298ms GPU, 0.946374ms CPU, 0.93s total GPU, 0.97s total wall, 992x 
Run:  [720/1096] find_multiple [Device=0 api=contains targets=40 row_width=256 num_rows=32768 hit_rate=80]
Pass: Cold: 2.573573ms GPU, 2.577958ms CPU, 3.42s total GPU, 3.46s total wall, 1328x 
Run:  [721/1096] find_multiple [Device=0 api=find targets=10 row_width=32 num_rows=262144 hit_rate=80]
Pass: Cold: 0.875279ms GPU, 0.879440ms CPU, 1.08s total GPU, 1.12s total wall, 1232x 
Run:  [722/1096] find_multiple [Device=0 api=contains targets=10 row_width=32 num_rows=262144 hit_rate=80]
Pass: Cold: 0.524569ms GPU, 0.528758ms CPU, 0.86s total GPU, 0.90s total wall, 1632x 
Run:  [723/1096] find_multiple [Device=0 api=find targets=20 row_width=32 num_rows=262144 hit_rate=80]
Pass: Cold: 1.676024ms GPU, 1.680150ms CPU, 3.70s total GPU, 3.78s total wall, 2208x 
Run:  [724/1096] find_multiple [Device=0 api=contains targets=20 row_width=32 num_rows=262144 hit_rate=80]
Pass: Cold: 0.730002ms GPU, 0.734206ms CPU, 1.76s total GPU, 1.85s total wall, 2416x 
Run:  [725/1096] find_multiple [Device=0 api=find targets=40 row_width=32 num_rows=262144 hit_rate=80]
Pass: Cold: 3.308249ms GPU, 3.312344ms CPU, 5.08s total GPU, 5.13s total wall, 1536x 
Run:  [726/1096] find_multiple [Device=0 api=contains targets=40 row_width=32 num_rows=262144 hit_rate=80]
Pass: Cold: 1.195636ms GPU, 1.199822ms CPU, 2.39s total GPU, 2.46s total wall, 2000x 
Run:  [727/1096] find_multiple [Device=0 api=find targets=10 row_width=64 num_rows=262144 hit_rate=80]
Pass: Cold: 1.164828ms GPU, 1.168901ms CPU, 1.60s total GPU, 1.65s total wall, 1376x 
Run:  [728/1096] find_multiple [Device=0 api=contains targets=10 row_width=64 num_rows=262144 hit_rate=80]
Pass: Cold: 1.022485ms GPU, 1.026633ms CPU, 1.55s total GPU, 1.59s total wall, 1520x 
Run:  [729/1096] find_multiple [Device=0 api=find targets=20 row_width=64 num_rows=262144 hit_rate=80]
Pass: Cold: 1.983941ms GPU, 1.988098ms CPU, 2.76s total GPU, 2.81s total wall, 1392x 
Run:  [730/1096] find_multiple [Device=0 api=contains targets=20 row_width=64 num_rows=262144 hit_rate=80]
Pass: Cold: 1.424056ms GPU, 1.428211ms CPU, 2.83s total GPU, 2.88s total wall, 1984x 
Run:  [731/1096] find_multiple [Device=0 api=find targets=40 row_width=64 num_rows=262144 hit_rate=80]
Pass: Cold: 3.791315ms GPU, 3.795486ms CPU, 5.82s total GPU, 5.88s total wall, 1536x 
Run:  [732/1096] find_multiple [Device=0 api=contains targets=40 row_width=64 num_rows=262144 hit_rate=80]
Pass: Cold: 2.320674ms GPU, 2.324912ms CPU, 4.42s total GPU, 4.48s total wall, 1904x 
Run:  [733/1096] find_multiple [Device=0 api=find targets=10 row_width=128 num_rows=262144 hit_rate=80]
Pass: Cold: 1.857961ms GPU, 1.861845ms CPU, 1.34s total GPU, 1.36s total wall, 720x 
Run:  [734/1096] find_multiple [Device=0 api=contains targets=10 row_width=128 num_rows=262144 hit_rate=80]
Pass: Cold: 3.712596ms GPU, 3.717059ms CPU, 3.92s total GPU, 3.95s total wall, 1056x 
Run:  [735/1096] find_multiple [Device=0 api=find targets=20 row_width=128 num_rows=262144 hit_rate=80]
Pass: Cold: 2.792639ms GPU, 2.796711ms CPU, 0.50s total GPU, 0.51s total wall, 180x 
Run:  [736/1096] find_multiple [Device=0 api=contains targets=20 row_width=128 num_rows=262144 hit_rate=80]
Pass: Cold: 5.460776ms GPU, 5.465334ms CPU, 3.93s total GPU, 3.95s total wall, 720x 
Run:  [737/1096] find_multiple [Device=0 api=find targets=40 row_width=128 num_rows=262144 hit_rate=80]
Pass: Cold: 5.023577ms GPU, 5.027684ms CPU, 4.82s total GPU, 4.86s total wall, 960x 
Run:  [738/1096] find_multiple [Device=0 api=contains targets=40 row_width=128 num_rows=262144 hit_rate=80]
Pass: Cold: 16.487732ms GPU, 16.492703ms CPU, 11.61s total GPU, 11.63s total wall, 704x 
Run:  [739/1096] find_multiple [Device=0 api=find targets=10 row_width=256 num_rows=262144 hit_rate=80]
Pass: Cold: 2.556730ms GPU, 2.560637ms CPU, 1.60s total GPU, 1.61s total wall, 624x 
Run:  [740/1096] find_multiple [Device=0 api=contains targets=10 row_width=256 num_rows=262144 hit_rate=80]
Pass: Cold: 5.804122ms GPU, 5.808960ms CPU, 5.01s total GPU, 5.04s total wall, 864x 
Run:  [741/1096] find_multiple [Device=0 api=find targets=20 row_width=256 num_rows=262144 hit_rate=80]
Pass: Cold: 3.851615ms GPU, 3.855687ms CPU, 2.47s total GPU, 2.49s total wall, 640x 
Run:  [742/1096] find_multiple [Device=0 api=contains targets=20 row_width=256 num_rows=262144 hit_rate=80]
Pass: Cold: 7.836690ms GPU, 7.841327ms CPU, 4.89s total GPU, 4.91s total wall, 624x 
Run:  [743/1096] find_multiple [Device=0 api=find targets=40 row_width=256 num_rows=262144 hit_rate=80]
Pass: Cold: 6.882812ms GPU, 6.886837ms CPU, 3.96s total GPU, 3.98s total wall, 576x 
Run:  [744/1096] find_multiple [Device=0 api=contains targets=40 row_width=256 num_rows=262144 hit_rate=80]
Pass: Cold: 18.641270ms GPU, 18.646305ms CPU, 9.84s total GPU, 9.86s total wall, 528x 
Run:  [745/1096] find_multiple [Device=0 api=find targets=10 row_width=32 num_rows=2097152 hit_rate=80]
Pass: Cold: 6.958356ms GPU, 6.962542ms CPU, 4.90s total GPU, 4.92s total wall, 704x 
Run:  [746/1096] find_multiple [Device=0 api=contains targets=10 row_width=32 num_rows=2097152 hit_rate=80]
Pass: Cold: 3.556642ms GPU, 3.561341ms CPU, 2.05s total GPU, 2.07s total wall, 576x 
Run:  [747/1096] find_multiple [Device=0 api=find targets=20 row_width=32 num_rows=2097152 hit_rate=80]
Pass: Cold: 13.411127ms GPU, 13.415246ms CPU, 7.08s total GPU, 7.10s total wall, 528x 
Run:  [748/1096] find_multiple [Device=0 api=contains targets=20 row_width=32 num_rows=2097152 hit_rate=80]
Pass: Cold: 5.160530ms GPU, 5.165079ms CPU, 3.55s total GPU, 3.57s total wall, 688x 
Run:  [749/1096] find_multiple [Device=0 api=find targets=40 row_width=32 num_rows=2097152 hit_rate=80]
Pass: Cold: 26.489643ms GPU, 26.493670ms CPU, 14.41s total GPU, 14.43s total wall, 544x 
Run:  [750/1096] find_multiple [Device=0 api=contains targets=40 row_width=32 num_rows=2097152 hit_rate=80]
Pass: Cold: 8.804224ms GPU, 8.808944ms CPU, 7.04s total GPU, 7.07s total wall, 800x 
Run:  [751/1096] find_multiple [Device=0 api=find targets=10 row_width=64 num_rows=2097152 hit_rate=80]
Pass: Cold: 9.100268ms GPU, 9.104290ms CPU, 5.39s total GPU, 5.41s total wall, 592x 
Run:  [752/1096] find_multiple [Device=0 api=contains targets=10 row_width=64 num_rows=2097152 hit_rate=80]
Pass: Cold: 7.202792ms GPU, 7.207617ms CPU, 4.49s total GPU, 4.51s total wall, 624x 
Run:  [753/1096] find_multiple [Device=0 api=find targets=20 row_width=64 num_rows=2097152 hit_rate=80]
Pass: Cold: 15.819061ms GPU, 15.823162ms CPU, 8.35s total GPU, 8.37s total wall, 528x 
Run:  [754/1096] find_multiple [Device=0 api=contains targets=20 row_width=64 num_rows=2097152 hit_rate=80]
Pass: Cold: 10.147330ms GPU, 10.152242ms CPU, 7.79s total GPU, 7.82s total wall, 768x 
Run:  [755/1096] find_multiple [Device=0 api=find targets=40 row_width=64 num_rows=2097152 hit_rate=80]
Pass: Cold: 30.434232ms GPU, 30.438060ms CPU, 5.36s total GPU, 5.36s total wall, 176x 
Run:  [756/1096] find_multiple [Device=0 api=contains targets=40 row_width=64 num_rows=2097152 hit_rate=80]
Pass: Cold: 16.721981ms GPU, 16.727081ms CPU, 12.84s total GPU, 12.87s total wall, 768x 
Run:  [757/1096] find_multiple [Device=0 api=find targets=10 row_width=128 num_rows=2097152 hit_rate=80]
Pass: Cold: 14.513933ms GPU, 14.517885ms CPU, 7.66s total GPU, 7.68s total wall, 528x 
Run:  [758/1096] find_multiple [Device=0 api=contains targets=10 row_width=128 num_rows=2097152 hit_rate=80]
Warn: Current measurement timed out (15.00s) while over noise threshold (0.67% > 0.50%)
Pass: Cold: 29.038451ms GPU, 29.043993ms CPU, 14.98s total GPU, 15.00s total wall, 516x 
Run:  [759/1096] find_multiple [Device=0 api=find targets=20 row_width=128 num_rows=2097152 hit_rate=80]
Pass: Cold: 22.157409ms GPU, 22.161347ms CPU, 12.05s total GPU, 12.07s total wall, 544x 
Run:  [760/1096] find_multiple [Device=0 api=contains targets=20 row_width=128 num_rows=2097152 hit_rate=80]
Warn: Current measurement timed out (15.04s) while over noise threshold (0.70% > 0.50%)
Pass: Cold: 42.698888ms GPU, 42.704819ms CPU, 15.03s total GPU, 15.04s total wall, 352x 
Run:  [761/1096] find_multiple [Device=0 api=find targets=40 row_width=128 num_rows=2097152 hit_rate=80]
Pass: Cold: 39.882128ms GPU, 39.885891ms CPU, 7.66s total GPU, 7.66s total wall, 192x 
Run:  [762/1096] find_multiple [Device=0 api=contains targets=40 row_width=128 num_rows=2097152 hit_rate=80]
Pass: Cold: 130.220057ms GPU, 130.226417ms CPU, 1.43s total GPU, 1.43s total wall, 11x 
Run:  [763/1096] find_multiple [Device=0 api=find targets=10 row_width=256 num_rows=2097152 hit_rate=80]
Warn: Current measurement timed out (15.02s) while over noise threshold (0.92% > 0.50%)
Pass: Cold: 20.042200ms GPU, 20.046109ms CPU, 14.99s total GPU, 15.02s total wall, 748x 
Run:  [764/1096] find_multiple [Device=0 api=contains targets=10 row_width=256 num_rows=2097152 hit_rate=80]
Pass: Cold: 45.867386ms GPU, 45.873536ms CPU, 12.48s total GPU, 12.49s total wall, 272x 
Run:  [765/1096] find_multiple [Device=0 api=find targets=20 row_width=256 num_rows=2097152 hit_rate=80]
Pass: Cold: 30.348247ms GPU, 30.351849ms CPU, 0.52s total GPU, 0.52s total wall, 17x 
Run:  [766/1096] find_multiple [Device=0 api=contains targets=20 row_width=256 num_rows=2097152 hit_rate=80]
Pass: Cold: 61.711911ms GPU, 61.718969ms CPU, 0.68s total GPU, 0.68s total wall, 11x 
Run:  [767/1096] find_multiple [Device=0 api=find targets=40 row_width=256 num_rows=2097152 hit_rate=80]
Pass: Cold: 54.462514ms GPU, 54.466220ms CPU, 7.84s total GPU, 7.85s total wall, 144x 
Run:  [768/1096] find_multiple [Device=0 api=contains targets=40 row_width=256 num_rows=2097152 hit_rate=80]
Pass: Cold: 147.882688ms GPU, 147.888974ms CPU, 1.63s total GPU, 1.63s total wall, 11x 
Run:  [769/1096] strings_join [Device=0 min_width=0 max_width=32 num_rows=32768]
Pass: Cold: 0.102259ms GPU, 0.105969ms CPU, 0.50s total GPU, 0.67s total wall, 4896x 
Run:  [770/1096] strings_join [Device=0 min_width=0 max_width=64 num_rows=32768]
Pass: Cold: 0.137579ms GPU, 0.141258ms CPU, 0.50s total GPU, 0.62s total wall, 3648x 
Run:  [771/1096] strings_join [Device=0 min_width=0 max_width=128 num_rows=32768]
Pass: Cold: 0.195036ms GPU, 0.198746ms CPU, 0.50s total GPU, 0.59s total wall, 2576x 
Run:  [772/1096] strings_join [Device=0 min_width=0 max_width=256 num_rows=32768]
Pass: Cold: 0.252875ms GPU, 0.256574ms CPU, 0.55s total GPU, 0.62s total wall, 2176x 
Run:  [773/1096] strings_join [Device=0 min_width=0 max_width=32 num_rows=262144]
Pass: Cold: 0.230516ms GPU, 0.234326ms CPU, 0.50s total GPU, 0.57s total wall, 2176x 
Run:  [774/1096] strings_join [Device=0 min_width=0 max_width=64 num_rows=262144]
Pass: Cold: 0.505290ms GPU, 0.509180ms CPU, 0.61s total GPU, 0.64s total wall, 1200x 
Run:  [775/1096] strings_join [Device=0 min_width=0 max_width=128 num_rows=262144]
Pass: Cold: 0.750007ms GPU, 0.754283ms CPU, 0.92s total GPU, 0.96s total wall, 1232x 
Run:  [776/1096] strings_join [Device=0 min_width=0 max_width=256 num_rows=262144]
Pass: Cold: 1.130688ms GPU, 1.134919ms CPU, 1.45s total GPU, 1.49s total wall, 1280x 
Run:  [777/1096] strings_join [Device=0 min_width=0 max_width=32 num_rows=2097152]
Pass: Cold: 1.484964ms GPU, 1.489082ms CPU, 2.30s total GPU, 2.36s total wall, 1552x 
Run:  [778/1096] strings_join [Device=0 min_width=0 max_width=64 num_rows=2097152]
Pass: Cold: 3.671105ms GPU, 3.675111ms CPU, 3.47s total GPU, 3.50s total wall, 944x 
Run:  [779/1096] strings_join [Device=0 min_width=0 max_width=128 num_rows=2097152]
Pass: Cold: 5.507076ms GPU, 5.511632ms CPU, 9.34s total GPU, 9.40s total wall, 1696x 
Run:  [780/1096] strings_join [Device=0 min_width=0 max_width=256 num_rows=2097152]
Pass: Cold: 8.607830ms GPU, 8.612319ms CPU, 4.96s total GPU, 4.98s total wall, 576x 
Run:  [781/1096] lengths [Device=0 min_width=0 max_width=32 num_rows=32768]
Pass: Cold: 0.043941ms GPU, 0.047636ms CPU, 0.50s total GPU, 0.93s total wall, 11392x 
Run:  [782/1096] lengths [Device=0 min_width=0 max_width=64 num_rows=32768]
Pass: Cold: 0.048159ms GPU, 0.051810ms CPU, 0.50s total GPU, 0.88s total wall, 10384x 
Run:  [783/1096] lengths [Device=0 min_width=0 max_width=128 num_rows=32768]
Pass: Cold: 0.064267ms GPU, 0.067937ms CPU, 0.50s total GPU, 0.77s total wall, 7792x 
Run:  [784/1096] lengths [Device=0 min_width=0 max_width=256 num_rows=32768]
Pass: Cold: 0.086389ms GPU, 0.090384ms CPU, 0.50s total GPU, 0.64s total wall, 5792x 
Run:  [785/1096] lengths [Device=0 min_width=0 max_width=32 num_rows=262144]
Pass: Cold: 0.074493ms GPU, 0.078160ms CPU, 0.50s total GPU, 0.69s total wall, 6720x 
Run:  [786/1096] lengths [Device=0 min_width=0 max_width=64 num_rows=262144]
Pass: Cold: 0.100021ms GPU, 0.103729ms CPU, 0.50s total GPU, 0.63s total wall, 5008x 
Run:  [787/1096] lengths [Device=0 min_width=0 max_width=128 num_rows=262144]
Pass: Cold: 0.204104ms GPU, 0.207894ms CPU, 0.50s total GPU, 0.56s total wall, 2464x 
Run:  [788/1096] lengths [Device=0 min_width=0 max_width=256 num_rows=262144]
Pass: Cold: 0.501386ms GPU, 0.505623ms CPU, 1.22s total GPU, 1.28s total wall, 2432x 
Run:  [789/1096] lengths [Device=0 min_width=0 max_width=32 num_rows=2097152]
Pass: Cold: 0.313496ms GPU, 0.317630ms CPU, 0.50s total GPU, 0.54s total wall, 1600x 
Run:  [790/1096] lengths [Device=0 min_width=0 max_width=64 num_rows=2097152]
Pass: Cold: 0.576327ms GPU, 0.580395ms CPU, 0.90s total GPU, 0.94s total wall, 1568x 
Run:  [791/1096] lengths [Device=0 min_width=0 max_width=128 num_rows=2097152]
Pass: Cold: 1.403370ms GPU, 1.407407ms CPU, 1.98s total GPU, 2.01s total wall, 1408x 
Run:  [792/1096] lengths [Device=0 min_width=0 max_width=256 num_rows=2097152]
Pass: Cold: 3.875065ms GPU, 3.879715ms CPU, 5.21s total GPU, 5.24s total wall, 1344x 
Run:  [793/1096] strings_like [Device=0 row_width=32 num_rows=32768 hit_rate=10]
Pass: Cold: 0.099922ms GPU, 0.103669ms CPU, 0.50s total GPU, 0.67s total wall, 5008x 
Run:  [794/1096] strings_like [Device=0 row_width=64 num_rows=32768 hit_rate=10]
Pass: Cold: 0.159865ms GPU, 0.163573ms CPU, 0.50s total GPU, 0.60s total wall, 3136x 
Run:  [795/1096] strings_like [Device=0 row_width=128 num_rows=32768 hit_rate=10]
Pass: Cold: 0.330770ms GPU, 0.334439ms CPU, 0.51s total GPU, 0.54s total wall, 1536x 
Run:  [796/1096] strings_like [Device=0 row_width=256 num_rows=32768 hit_rate=10]
Pass: Cold: 0.617295ms GPU, 0.621106ms CPU, 0.50s total GPU, 0.52s total wall, 816x 
Run:  [797/1096] strings_like [Device=0 row_width=32 num_rows=262144 hit_rate=10]
Pass: Cold: 0.342371ms GPU, 0.346307ms CPU, 0.73s total GPU, 0.79s total wall, 2144x 
Run:  [798/1096] strings_like [Device=0 row_width=64 num_rows=262144 hit_rate=10]
Pass: Cold: 0.675139ms GPU, 0.679160ms CPU, 0.58s total GPU, 0.60s total wall, 864x 
Run:  [799/1096] strings_like [Device=0 row_width=128 num_rows=262144 hit_rate=10]
Pass: Cold: 2.263282ms GPU, 2.267453ms CPU, 2.64s total GPU, 2.67s total wall, 1168x 
Run:  [800/1096] strings_like [Device=0 row_width=256 num_rows=262144 hit_rate=10]
Pass: Cold: 5.135550ms GPU, 5.139960ms CPU, 3.45s total GPU, 3.47s total wall, 672x 
Run:  [801/1096] strings_like [Device=0 row_width=32 num_rows=2097152 hit_rate=10]
Pass: Cold: 2.428649ms GPU, 2.432703ms CPU, 4.59s total GPU, 4.63s total wall, 1888x 
Run:  [802/1096] strings_like [Device=0 row_width=64 num_rows=2097152 hit_rate=10]
Pass: Cold: 4.907406ms GPU, 4.911444ms CPU, 2.67s total GPU, 2.68s total wall, 544x 
Run:  [803/1096] strings_like [Device=0 row_width=128 num_rows=2097152 hit_rate=10]
Pass: Cold: 17.745962ms GPU, 17.750135ms CPU, 13.06s total GPU, 13.08s total wall, 736x 
Run:  [804/1096] strings_like [Device=0 row_width=256 num_rows=2097152 hit_rate=10]
Warn: Current measurement timed out (15.03s) while over noise threshold (0.84% > 0.50%)
Pass: Cold: 39.427272ms GPU, 39.431474ms CPU, 15.02s total GPU, 15.03s total wall, 381x 
Run:  [805/1096] strings_like [Device=0 row_width=32 num_rows=32768 hit_rate=25]
Pass: Cold: 0.101084ms GPU, 0.104822ms CPU, 0.50s total GPU, 0.67s total wall, 4960x 
Run:  [806/1096] strings_like [Device=0 row_width=64 num_rows=32768 hit_rate=25]
Pass: Cold: 0.161272ms GPU, 0.164996ms CPU, 0.50s total GPU, 0.60s total wall, 3104x 
Run:  [807/1096] strings_like [Device=0 row_width=128 num_rows=32768 hit_rate=25]
Pass: Cold: 0.329881ms GPU, 0.333538ms CPU, 0.50s total GPU, 0.54s total wall, 1520x 
Run:  [808/1096] strings_like [Device=0 row_width=256 num_rows=32768 hit_rate=25]
Pass: Cold: 0.647818ms GPU, 0.651595ms CPU, 1.16s total GPU, 1.20s total wall, 1792x 
Run:  [809/1096] strings_like [Device=0 row_width=32 num_rows=262144 hit_rate=25]
Pass: Cold: 0.343900ms GPU, 0.347835ms CPU, 0.84s total GPU, 0.89s total wall, 2432x 
Run:  [810/1096] strings_like [Device=0 row_width=64 num_rows=262144 hit_rate=25]
Pass: Cold: 0.689315ms GPU, 0.693306ms CPU, 0.71s total GPU, 0.73s total wall, 1024x 
Run:  [811/1096] strings_like [Device=0 row_width=128 num_rows=262144 hit_rate=25]
Pass: Cold: 2.585050ms GPU, 2.589318ms CPU, 4.38s total GPU, 4.43s total wall, 1696x 
Run:  [812/1096] strings_like [Device=0 row_width=256 num_rows=262144 hit_rate=25]
Pass: Cold: 5.638533ms GPU, 5.642921ms CPU, 3.70s total GPU, 3.72s total wall, 656x 
Run:  [813/1096] strings_like [Device=0 row_width=32 num_rows=2097152 hit_rate=25]
Pass: Cold: 2.449902ms GPU, 2.454003ms CPU, 4.51s total GPU, 4.55s total wall, 1840x 
Run:  [814/1096] strings_like [Device=0 row_width=64 num_rows=2097152 hit_rate=25]
Pass: Cold: 5.037924ms GPU, 5.042037ms CPU, 3.39s total GPU, 3.40s total wall, 672x 
Run:  [815/1096] strings_like [Device=0 row_width=128 num_rows=2097152 hit_rate=25]
Pass: Cold: 19.768107ms GPU, 19.772305ms CPU, 12.34s total GPU, 12.35s total wall, 624x 
Run:  [816/1096] strings_like [Device=0 row_width=256 num_rows=2097152 hit_rate=25]
Pass: Cold: 42.218393ms GPU, 42.222612ms CPU, 3.38s total GPU, 3.38s total wall, 80x 
Run:  [817/1096] strings_like [Device=0 row_width=32 num_rows=32768 hit_rate=70]
Pass: Cold: 0.095367ms GPU, 0.099072ms CPU, 0.50s total GPU, 0.67s total wall, 5248x 
Run:  [818/1096] strings_like [Device=0 row_width=64 num_rows=32768 hit_rate=70]
Pass: Cold: 0.158359ms GPU, 0.162058ms CPU, 0.50s total GPU, 0.60s total wall, 3168x 
Run:  [819/1096] strings_like [Device=0 row_width=128 num_rows=32768 hit_rate=70]
Pass: Cold: 0.412261ms GPU, 0.416048ms CPU, 0.99s total GPU, 1.04s total wall, 2400x 
Run:  [820/1096] strings_like [Device=0 row_width=256 num_rows=32768 hit_rate=70]
Pass: Cold: 0.770163ms GPU, 0.773929ms CPU, 0.50s total GPU, 0.51s total wall, 650x 
Run:  [821/1096] strings_like [Device=0 row_width=32 num_rows=262144 hit_rate=70]
Pass: Cold: 0.288687ms GPU, 0.292611ms CPU, 0.56s total GPU, 0.61s total wall, 1952x 
Run:  [822/1096] strings_like [Device=0 row_width=64 num_rows=262144 hit_rate=70]
Pass: Cold: 0.720642ms GPU, 0.724646ms CPU, 0.93s total GPU, 0.96s total wall, 1296x 
Run:  [823/1096] strings_like [Device=0 row_width=128 num_rows=262144 hit_rate=70]
Pass: Cold: 6.305495ms GPU, 6.309503ms CPU, 3.63s total GPU, 3.65s total wall, 576x 
Run:  [824/1096] strings_like [Device=0 row_width=256 num_rows=262144 hit_rate=70]
Pass: Cold: 14.232727ms GPU, 14.236738ms CPU, 4.55s total GPU, 4.56s total wall, 320x 
Run:  [825/1096] strings_like [Device=0 row_width=32 num_rows=2097152 hit_rate=70]
Pass: Cold: 1.992968ms GPU, 1.997019ms CPU, 1.18s total GPU, 1.19s total wall, 592x 
Run:  [826/1096] strings_like [Device=0 row_width=64 num_rows=2097152 hit_rate=70]
Pass: Cold: 5.253140ms GPU, 5.257163ms CPU, 5.72s total GPU, 5.74s total wall, 1088x 
Run:  [827/1096] strings_like [Device=0 row_width=128 num_rows=2097152 hit_rate=70]
Pass: Cold: 48.925378ms GPU, 48.929161ms CPU, 11.74s total GPU, 11.75s total wall, 240x 
Run:  [828/1096] strings_like [Device=0 row_width=256 num_rows=2097152 hit_rate=70]
Pass: Cold: 113.583681ms GPU, 113.586961ms CPU, 12.72s total GPU, 12.72s total wall, 112x 
Run:  [829/1096] strings_like [Device=0 row_width=32 num_rows=32768 hit_rate=100]
Pass: Cold: 0.088251ms GPU, 0.091990ms CPU, 0.50s total GPU, 0.69s total wall, 5680x 
Run:  [830/1096] strings_like [Device=0 row_width=64 num_rows=32768 hit_rate=100]
Pass: Cold: 0.161623ms GPU, 0.165312ms CPU, 0.50s total GPU, 0.60s total wall, 3104x 
Run:  [831/1096] strings_like [Device=0 row_width=128 num_rows=32768 hit_rate=100]
Pass: Cold: 0.443259ms GPU, 0.447007ms CPU, 0.50s total GPU, 0.53s total wall, 1136x 
Run:  [832/1096] strings_like [Device=0 row_width=256 num_rows=32768 hit_rate=100]
Pass: Cold: 0.832666ms GPU, 0.836461ms CPU, 0.56s total GPU, 0.58s total wall, 678x 
Run:  [833/1096] strings_like [Device=0 row_width=32 num_rows=262144 hit_rate=100]
Pass: Cold: 0.276800ms GPU, 0.280736ms CPU, 0.81s total GPU, 0.88s total wall, 2912x 
Run:  [834/1096] strings_like [Device=0 row_width=64 num_rows=262144 hit_rate=100]
Pass: Cold: 0.766113ms GPU, 0.770064ms CPU, 0.94s total GPU, 0.97s total wall, 1232x 
Run:  [835/1096] strings_like [Device=0 row_width=128 num_rows=262144 hit_rate=100]
Pass: Cold: 8.014034ms GPU, 8.017968ms CPU, 4.23s total GPU, 4.24s total wall, 528x 
Run:  [836/1096] strings_like [Device=0 row_width=256 num_rows=262144 hit_rate=100]
Pass: Cold: 17.656688ms GPU, 17.660596ms CPU, 9.61s total GPU, 9.62s total wall, 544x 
Run:  [837/1096] strings_like [Device=0 row_width=32 num_rows=2097152 hit_rate=100]
Pass: Cold: 1.927734ms GPU, 1.931816ms CPU, 2.13s total GPU, 2.15s total wall, 1104x 
Run:  [838/1096] strings_like [Device=0 row_width=64 num_rows=2097152 hit_rate=100]
Pass: Cold: 5.674497ms GPU, 5.678505ms CPU, 5.81s total GPU, 5.83s total wall, 1024x 
Run:  [839/1096] strings_like [Device=0 row_width=128 num_rows=2097152 hit_rate=100]
Warn: Current measurement timed out (15.05s) while over noise threshold (1.25% > 0.50%)
Pass: Cold: 58.779687ms GPU, 58.783267ms CPU, 15.05s total GPU, 15.05s total wall, 256x 
Run:  [840/1096] strings_like [Device=0 row_width=256 num_rows=2097152 hit_rate=100]
Warn: Current measurement timed out (15.04s) while over noise threshold (1.26% > 0.50%)
Pass: Cold: 146.002137ms GPU, 146.004969ms CPU, 15.04s total GPU, 15.04s total wall, 103x 
Run:  [841/1096] make_strings_column_batch [Device=0 num_rows=100000 batch_size=10]
Pass: Cold: 1.042641ms GPU, 1.046969ms CPU, 1.00s total GPU, 1.03s total wall, 960x 
Run:  [842/1096] make_strings_column_batch [Device=0 num_rows=500000 batch_size=10]
Pass: Cold: 4.272585ms GPU, 4.277320ms CPU, 8.07s total GPU, 8.13s total wall, 1888x 
Run:  [843/1096] make_strings_column_batch [Device=0 num_rows=1000000 batch_size=10]
Pass: Cold: 8.169399ms GPU, 8.174195ms CPU, 8.10s total GPU, 8.14s total wall, 992x 
Run:  [844/1096] make_strings_column_batch [Device=0 num_rows=2000000 batch_size=10]
Pass: Cold: 16.026137ms GPU, 16.031414ms CPU, 11.28s total GPU, 11.31s total wall, 704x 
Run:  [845/1096] make_strings_column_batch [Device=0 num_rows=100000 batch_size=20]
Pass: Cold: 2.073704ms GPU, 2.078065ms CPU, 3.85s total GPU, 3.91s total wall, 1856x 
Run:  [846/1096] make_strings_column_batch [Device=0 num_rows=500000 batch_size=20]
Pass: Cold: 8.581949ms GPU, 8.586753ms CPU, 11.26s total GPU, 11.31s total wall, 1312x 
Run:  [847/1096] make_strings_column_batch [Device=0 num_rows=1000000 batch_size=20]
Warn: Current measurement timed out (15.00s) while over noise threshold (0.80% > 0.50%)
Pass: Cold: 16.394057ms GPU, 16.399272ms CPU, 14.97s total GPU, 15.00s total wall, 913x 
Run:  [848/1096] make_strings_column_batch [Device=0 num_rows=2000000 batch_size=20]
Warn: Current measurement timed out (15.01s) while over noise threshold (0.97% > 0.50%)
Pass: Cold: 32.240253ms GPU, 32.246202ms CPU, 14.99s total GPU, 15.01s total wall, 465x 
Run:  [849/1096] make_strings_column_batch [Device=0 num_rows=100000 batch_size=50]
Pass: Cold: 5.131619ms GPU, 5.136109ms CPU, 6.98s total GPU, 7.03s total wall, 1360x 
Run:  [850/1096] make_strings_column_batch [Device=0 num_rows=500000 batch_size=50]
Pass: Cold: 21.421549ms GPU, 21.427073ms CPU, 13.02s total GPU, 13.05s total wall, 608x 
Run:  [851/1096] make_strings_column_batch [Device=0 num_rows=1000000 batch_size=50]
Warn: Current measurement timed out (15.04s) while over noise threshold (0.98% > 0.50%)
Pass: Cold: 41.039191ms GPU, 41.045182ms CPU, 15.02s total GPU, 15.04s total wall, 366x 
Run:  [852/1096] make_strings_column_batch [Device=0 num_rows=2000000 batch_size=50]
Pass: Cold: 80.643078ms GPU, 80.649976ms CPU, 0.89s total GPU, 0.89s total wall, 11x 
Run:  [853/1096] make_strings_column_batch [Device=0 num_rows=100000 batch_size=100]
Pass: Cold: 10.169538ms GPU, 10.174417ms CPU, 11.55s total GPU, 11.59s total wall, 1136x 
Run:  [854/1096] make_strings_column_batch [Device=0 num_rows=500000 batch_size=100]
Warn: Current measurement timed out (15.02s) while over noise threshold (0.76% > 0.50%)
Pass: Cold: 42.990850ms GPU, 42.996578ms CPU, 15.00s total GPU, 15.02s total wall, 349x 
Run:  [855/1096] make_strings_column_batch [Device=0 num_rows=1000000 batch_size=100]
Pass: Cold: 82.433939ms GPU, 82.441478ms CPU, 2.06s total GPU, 2.06s total wall, 25x 
Run:  [856/1096] make_strings_column_batch [Device=0 num_rows=2000000 batch_size=100]
Pass: Cold: 162.385264ms GPU, 162.393202ms CPU, 1.79s total GPU, 1.79s total wall, 11x 
Run:  [857/1096] repeat [Device=0 min_width=0 max_width=32 min_repeat=0 max_repeat=16 num_rows=32768 api=scalar]
Pass: Cold: 0.280934ms GPU, 0.285088ms CPU, 0.75s total GPU, 0.83s total wall, 2656x 
Run:  [858/1096] repeat [Device=0 min_width=0 max_width=64 min_repeat=0 max_repeat=16 num_rows=32768 api=scalar]
Pass: Cold: 0.806477ms GPU, 0.810681ms CPU, 1.02s total GPU, 1.06s total wall, 1264x 
Run:  [859/1096] repeat [Device=0 min_width=0 max_width=128 min_repeat=0 max_repeat=16 num_rows=32768 api=scalar]
Pass: Cold: 2.030314ms GPU, 2.034569ms CPU, 1.27s total GPU, 1.29s total wall, 624x 
Run:  [860/1096] repeat [Device=0 min_width=0 max_width=256 min_repeat=0 max_repeat=16 num_rows=32768 api=scalar]
Pass: Cold: 6.039865ms GPU, 6.044156ms CPU, 0.77s total GPU, 0.78s total wall, 128x 
Run:  [861/1096] repeat [Device=0 min_width=0 max_width=32 min_repeat=0 max_repeat=16 num_rows=262144 api=scalar]
Pass: Cold: 2.022942ms GPU, 2.027337ms CPU, 1.46s total GPU, 1.48s total wall, 720x 
Run:  [862/1096] repeat [Device=0 min_width=0 max_width=64 min_repeat=0 max_repeat=16 num_rows=262144 api=scalar]
Pass: Cold: 6.144775ms GPU, 6.149151ms CPU, 4.92s total GPU, 4.94s total wall, 800x 
Run:  [863/1096] repeat [Device=0 min_width=0 max_width=128 min_repeat=0 max_repeat=16 num_rows=262144 api=scalar]
Pass: Cold: 15.807093ms GPU, 15.811961ms CPU, 8.60s total GPU, 8.62s total wall, 544x 
Run:  [864/1096] repeat [Device=0 min_width=0 max_width=256 min_repeat=0 max_repeat=16 num_rows=262144 api=scalar]
Pass: Cold: 43.954571ms GPU, 43.959942ms CPU, 0.53s total GPU, 0.53s total wall, 12x 
Run:  [865/1096] repeat [Device=0 min_width=0 max_width=32 min_repeat=0 max_repeat=16 num_rows=2097152 api=scalar]
Pass: Cold: 16.051666ms GPU, 16.056551ms CPU, 9.25s total GPU, 9.27s total wall, 576x 
Run:  [866/1096] repeat [Device=0 min_width=0 max_width=64 min_repeat=0 max_repeat=16 num_rows=2097152 api=scalar]
Pass: Cold: 48.930299ms GPU, 48.935368ms CPU, 7.83s total GPU, 7.84s total wall, 160x 
Run:  [867/1096] repeat [Device=0 min_width=0 max_width=128 min_repeat=0 max_repeat=16 num_rows=2097152 api=scalar]
Pass: Cold: 126.100995ms GPU, 126.106254ms CPU, 1.39s total GPU, 1.39s total wall, 11x 
Run:  [868/1096] repeat [Device=0 min_width=0 max_width=256 min_repeat=0 max_repeat=16 num_rows=2097152 api=scalar]
Pass: Cold: 346.525005ms GPU, 346.529032ms CPU, 3.81s total GPU, 3.81s total wall, 11x 
Run:  [869/1096] repeat [Device=0 min_width=0 max_width=32 min_repeat=0 max_repeat=16 num_rows=32768 api=column]
Pass: Cold: 0.397951ms GPU, 0.402200ms CPU, 0.69s total GPU, 0.75s total wall, 1744x 
Run:  [870/1096] repeat [Device=0 min_width=0 max_width=64 min_repeat=0 max_repeat=16 num_rows=32768 api=column]
Pass: Cold: 1.370429ms GPU, 1.374630ms CPU, 0.72s total GPU, 0.74s total wall, 528x 
Run:  [871/1096] repeat [Device=0 min_width=0 max_width=128 min_repeat=0 max_repeat=16 num_rows=32768 api=column]
Pass: Cold: 5.956559ms GPU, 5.960758ms CPU, 1.33s total GPU, 1.34s total wall, 224x 
Run:  [872/1096] repeat [Device=0 min_width=0 max_width=256 min_repeat=0 max_repeat=16 num_rows=32768 api=column]
Pass: Cold: 19.929446ms GPU, 19.933421ms CPU, 0.52s total GPU, 0.52s total wall, 26x 
Run:  [873/1096] repeat [Device=0 min_width=0 max_width=32 min_repeat=0 max_repeat=16 num_rows=262144 api=column]
Pass: Cold: 2.616030ms GPU, 2.620550ms CPU, 5.48s total GPU, 5.56s total wall, 2096x 
Run:  [874/1096] repeat [Device=0 min_width=0 max_width=64 min_repeat=0 max_repeat=16 num_rows=262144 api=column]
Pass: Cold: 11.365739ms GPU, 11.370022ms CPU, 6.18s total GPU, 6.20s total wall, 544x 
Run:  [875/1096] repeat [Device=0 min_width=0 max_width=128 min_repeat=0 max_repeat=16 num_rows=262144 api=column]
Pass: Cold: 45.650245ms GPU, 45.653938ms CPU, 0.91s total GPU, 0.91s total wall, 20x 
Run:  [876/1096] repeat [Device=0 min_width=0 max_width=256 min_repeat=0 max_repeat=16 num_rows=262144 api=column]
Pass: Cold: 143.414321ms GPU, 143.417374ms CPU, 1.58s total GPU, 1.58s total wall, 11x 
Run:  [877/1096] repeat [Device=0 min_width=0 max_width=32 min_repeat=0 max_repeat=16 num_rows=2097152 api=column]
Warn: Current measurement timed out (15.02s) while over noise threshold (1.04% > 0.50%)
Pass: Cold: 20.205604ms GPU, 20.210070ms CPU, 14.99s total GPU, 15.02s total wall, 742x 
Run:  [878/1096] repeat [Device=0 min_width=0 max_width=64 min_repeat=0 max_repeat=16 num_rows=2097152 api=column]
Pass: Cold: 75.168126ms GPU, 75.171742ms CPU, 0.83s total GPU, 0.83s total wall, 11x 
Run:  [879/1096] repeat [Device=0 min_width=0 max_width=128 min_repeat=0 max_repeat=16 num_rows=2097152 api=column]
Pass: Cold: 312.057057ms GPU, 312.059092ms CPU, 3.43s total GPU, 3.43s total wall, 11x 
Run:  [880/1096] repeat [Device=0 min_width=0 max_width=256 min_repeat=0 max_repeat=16 num_rows=2097152 api=column]
Pass: Cold: 971.128756ms GPU, 971.124171ms CPU, 10.68s total GPU, 10.68s total wall, 11x 
Run:  [881/1096] replace [Device=0 min_width=0 max_width=32 num_rows=32768 api=scalar]
Pass: Cold: 0.092199ms GPU, 0.096053ms CPU, 0.50s total GPU, 0.68s total wall, 5424x 
Run:  [882/1096] replace [Device=0 min_width=0 max_width=64 num_rows=32768 api=scalar]
Pass: Cold: 0.150425ms GPU, 0.154393ms CPU, 0.50s total GPU, 0.61s total wall, 3328x 
Run:  [883/1096] replace [Device=0 min_width=0 max_width=128 num_rows=32768 api=scalar]
Pass: Cold: 0.278142ms GPU, 0.282098ms CPU, 0.50s total GPU, 0.56s total wall, 1808x 
Run:  [884/1096] replace [Device=0 min_width=0 max_width=256 num_rows=32768 api=scalar]
Pass: Cold: 0.779451ms GPU, 0.783705ms CPU, 0.71s total GPU, 0.74s total wall, 912x 
Run:  [885/1096] replace [Device=0 min_width=0 max_width=32 num_rows=262144 api=scalar]
Pass: Cold: 0.295875ms GPU, 0.300141ms CPU, 0.50s total GPU, 0.56s total wall, 1696x 
Run:  [886/1096] replace [Device=0 min_width=0 max_width=64 num_rows=262144 api=scalar]
Pass: Cold: 0.683942ms GPU, 0.688226ms CPU, 0.81s total GPU, 0.85s total wall, 1184x 
Run:  [887/1096] replace [Device=0 min_width=0 max_width=128 num_rows=262144 api=scalar]
Pass: Cold: 1.727829ms GPU, 1.732273ms CPU, 1.05s total GPU, 1.07s total wall, 608x 
Run:  [888/1096] replace [Device=0 min_width=0 max_width=256 num_rows=262144 api=scalar]
Pass: Cold: 5.518528ms GPU, 5.523328ms CPU, 4.50s total GPU, 4.53s total wall, 816x 
Run:  [889/1096] replace [Device=0 min_width=0 max_width=32 num_rows=2097152 api=scalar]
Pass: Cold: 2.150173ms GPU, 2.154848ms CPU, 2.82s total GPU, 2.87s total wall, 1312x 
Run:  [890/1096] replace [Device=0 min_width=0 max_width=64 num_rows=2097152 api=scalar]
Pass: Cold: 5.229448ms GPU, 5.234016ms CPU, 4.35s total GPU, 4.38s total wall, 832x 
Run:  [891/1096] replace [Device=0 min_width=0 max_width=128 num_rows=2097152 api=scalar]
Pass: Cold: 13.597046ms GPU, 13.601539ms CPU, 8.05s total GPU, 8.07s total wall, 592x 
Run:  [892/1096] replace [Device=0 min_width=0 max_width=256 num_rows=2097152 api=scalar]
Warn: Current measurement timed out (15.02s) while over noise threshold (1.06% > 0.50%)
Pass: Cold: 43.636169ms GPU, 43.641267ms CPU, 15.01s total GPU, 15.02s total wall, 344x 
Run:  [893/1096] replace [Device=0 min_width=0 max_width=32 num_rows=32768 api=multi]
Pass: Cold: 0.137208ms GPU, 0.141133ms CPU, 0.50s total GPU, 0.62s total wall, 3648x 
Run:  [894/1096] replace [Device=0 min_width=0 max_width=64 num_rows=32768 api=multi]
Pass: Cold: 0.208761ms GPU, 0.212671ms CPU, 0.50s total GPU, 0.58s total wall, 2400x 
Run:  [895/1096] replace [Device=0 min_width=0 max_width=128 num_rows=32768 api=multi]
Pass: Cold: 0.388879ms GPU, 0.392910ms CPU, 0.76s total GPU, 0.82s total wall, 1952x 
Run:  [896/1096] replace [Device=0 min_width=0 max_width=256 num_rows=32768 api=multi]
Pass: Cold: 1.011864ms GPU, 1.016118ms CPU, 1.57s total GPU, 1.62s total wall, 1552x 
Run:  [897/1096] replace [Device=0 min_width=0 max_width=32 num_rows=262144 api=multi]
Pass: Cold: 0.463124ms GPU, 0.467376ms CPU, 0.62s total GPU, 0.66s total wall, 1328x 
Run:  [898/1096] replace [Device=0 min_width=0 max_width=64 num_rows=262144 api=multi]
Pass: Cold: 0.976452ms GPU, 0.980852ms CPU, 0.67s total GPU, 0.69s total wall, 688x 
Run:  [899/1096] replace [Device=0 min_width=0 max_width=128 num_rows=262144 api=multi]
Pass: Cold: 2.386522ms GPU, 2.391156ms CPU, 1.72s total GPU, 1.74s total wall, 720x 
Run:  [900/1096] replace [Device=0 min_width=0 max_width=256 num_rows=262144 api=multi]
Pass: Cold: 7.287708ms GPU, 7.292458ms CPU, 4.78s total GPU, 4.80s total wall, 656x 
Run:  [901/1096] replace [Device=0 min_width=0 max_width=32 num_rows=2097152 api=multi]
Pass: Cold: 3.365814ms GPU, 3.370492ms CPU, 4.85s total GPU, 4.90s total wall, 1440x 
Run:  [902/1096] replace [Device=0 min_width=0 max_width=64 num_rows=2097152 api=multi]
Pass: Cold: 7.401527ms GPU, 7.406289ms CPU, 3.20s total GPU, 3.21s total wall, 432x 
Run:  [903/1096] replace [Device=0 min_width=0 max_width=128 num_rows=2097152 api=multi]
Pass: Cold: 18.196433ms GPU, 18.201534ms CPU, 10.19s total GPU, 10.21s total wall, 560x 
Run:  [904/1096] replace [Device=0 min_width=0 max_width=256 num_rows=2097152 api=multi]
Pass: Cold: 55.327917ms GPU, 55.333855ms CPU, 5.31s total GPU, 5.32s total wall, 96x 
Run:  [905/1096] replace [Device=0 min_width=0 max_width=32 num_rows=32768 api=slice]
Pass: Cold: 0.076251ms GPU, 0.080160ms CPU, 0.50s total GPU, 0.73s total wall, 6560x 
Run:  [906/1096] replace [Device=0 min_width=0 max_width=64 num_rows=32768 api=slice]
Pass: Cold: 0.115404ms GPU, 0.119258ms CPU, 0.50s total GPU, 0.64s total wall, 4336x 
Run:  [907/1096] replace [Device=0 min_width=0 max_width=128 num_rows=32768 api=slice]
Pass: Cold: 0.215607ms GPU, 0.219751ms CPU, 0.50s total GPU, 0.58s total wall, 2320x 
Run:  [908/1096] replace [Device=0 min_width=0 max_width=256 num_rows=32768 api=slice]
Pass: Cold: 0.714912ms GPU, 0.719080ms CPU, 0.50s total GPU, 0.53s total wall, 704x 
Run:  [909/1096] replace [Device=0 min_width=0 max_width=32 num_rows=262144 api=slice]
Pass: Cold: 0.253343ms GPU, 0.257528ms CPU, 0.50s total GPU, 0.57s total wall, 1984x 
Run:  [910/1096] replace [Device=0 min_width=0 max_width=64 num_rows=262144 api=slice]
Pass: Cold: 0.573950ms GPU, 0.578337ms CPU, 0.51s total GPU, 0.53s total wall, 880x 
Run:  [911/1096] replace [Device=0 min_width=0 max_width=128 num_rows=262144 api=slice]
Pass: Cold: 1.379699ms GPU, 1.384047ms CPU, 1.21s total GPU, 1.24s total wall, 880x 
Run:  [912/1096] replace [Device=0 min_width=0 max_width=256 num_rows=262144 api=slice]
Pass: Cold: 9.535988ms GPU, 9.540908ms CPU, 5.19s total GPU, 5.21s total wall, 544x 
Run:  [913/1096] replace [Device=0 min_width=0 max_width=32 num_rows=2097152 api=slice]
Pass: Cold: 1.886454ms GPU, 1.891144ms CPU, 3.80s total GPU, 3.88s total wall, 2016x 
Run:  [914/1096] replace [Device=0 min_width=0 max_width=64 num_rows=2097152 api=slice]
Pass: Cold: 4.380574ms GPU, 4.385280ms CPU, 5.61s total GPU, 5.65s total wall, 1280x 
Run:  [915/1096] replace [Device=0 min_width=0 max_width=128 num_rows=2097152 api=slice]
Pass: Cold: 10.826854ms GPU, 10.831740ms CPU, 5.72s total GPU, 5.74s total wall, 528x 
Run:  [916/1096] replace [Device=0 min_width=0 max_width=256 num_rows=2097152 api=slice]
Pass: Cold: 75.544459ms GPU, 75.550305ms CPU, 0.83s total GPU, 0.83s total wall, 11x 
Run:  [917/1096] replace_re [Device=0 min_width=0 max_width=32 num_rows=32768 type=replace]
Pass: Cold: 1.146361ms GPU, 1.150504ms CPU, 1.83s total GPU, 1.89s total wall, 1600x 
Run:  [918/1096] replace_re [Device=0 min_width=0 max_width=64 num_rows=32768 type=replace]
Pass: Cold: 2.442591ms GPU, 2.446818ms CPU, 1.56s total GPU, 1.58s total wall, 640x 
Run:  [919/1096] replace_re [Device=0 min_width=0 max_width=128 num_rows=32768 type=replace]
Pass: Cold: 5.414453ms GPU, 5.418801ms CPU, 3.47s total GPU, 3.49s total wall, 640x 
Run:  [920/1096] replace_re [Device=0 min_width=0 max_width=256 num_rows=32768 type=replace]
Pass: Cold: 12.756462ms GPU, 12.760979ms CPU, 7.14s total GPU, 7.16s total wall, 560x 
Run:  [921/1096] replace_re [Device=0 min_width=0 max_width=32 num_rows=262144 type=replace]
Pass: Cold: 6.457478ms GPU, 6.462135ms CPU, 7.34s total GPU, 7.38s total wall, 1136x 
Run:  [922/1096] replace_re [Device=0 min_width=0 max_width=64 num_rows=262144 type=replace]
Pass: Cold: 13.732712ms GPU, 13.737501ms CPU, 4.17s total GPU, 4.19s total wall, 304x 
Run:  [923/1096] replace_re [Device=0 min_width=0 max_width=128 num_rows=262144 type=replace]
Warn: Current measurement timed out (15.03s) while over noise threshold (0.84% > 0.50%)
Pass: Cold: 30.877856ms GPU, 30.882919ms CPU, 15.01s total GPU, 15.03s total wall, 486x 
Run:  [924/1096] replace_re [Device=0 min_width=0 max_width=256 num_rows=262144 type=replace]
Warn: Current measurement timed out (15.03s) while over noise threshold (0.58% > 0.50%)
Pass: Cold: 73.992689ms GPU, 73.997613ms CPU, 15.02s total GPU, 15.03s total wall, 203x 
Run:  [925/1096] replace_re [Device=0 min_width=0 max_width=32 num_rows=2097152 type=replace]
Pass: Cold: 49.742152ms GPU, 49.747111ms CPU, 14.33s total GPU, 14.34s total wall, 288x 
Run:  [926/1096] replace_re [Device=0 min_width=0 max_width=64 num_rows=2097152 type=replace]
Pass: Cold: 104.987276ms GPU, 104.993313ms CPU, 1.15s total GPU, 1.16s total wall, 11x 
Run:  [927/1096] replace_re [Device=0 min_width=0 max_width=128 num_rows=2097152 type=replace]
Pass: Cold: 234.616258ms GPU, 234.621875ms CPU, 2.58s total GPU, 2.58s total wall, 11x 
Run:  [928/1096] replace_re [Device=0 min_width=0 max_width=256 num_rows=2097152 type=replace]
Pass: Cold: 563.426025ms GPU, 563.428485ms CPU, 6.20s total GPU, 6.20s total wall, 11x 
Run:  [929/1096] replace_re [Device=0 min_width=0 max_width=32 num_rows=32768 type=backref]
Pass: Cold: 1.496061ms GPU, 1.500198ms CPU, 2.23s total GPU, 2.28s total wall, 1488x 
Run:  [930/1096] replace_re [Device=0 min_width=0 max_width=64 num_rows=32768 type=backref]
Pass: Cold: 3.071230ms GPU, 3.075545ms CPU, 1.62s total GPU, 1.64s total wall, 528x 
Run:  [931/1096] replace_re [Device=0 min_width=0 max_width=128 num_rows=32768 type=backref]
Pass: Cold: 6.689146ms GPU, 6.693526ms CPU, 0.96s total GPU, 0.97s total wall, 144x 
Run:  [932/1096] replace_re [Device=0 min_width=0 max_width=256 num_rows=32768 type=backref]
Pass: Cold: 15.417676ms GPU, 15.422281ms CPU, 1.73s total GPU, 1.73s total wall, 112x 
Run:  [933/1096] replace_re [Device=0 min_width=0 max_width=32 num_rows=262144 type=backref]
Pass: Cold: 8.519858ms GPU, 8.524518ms CPU, 8.45s total GPU, 8.49s total wall, 992x 
Run:  [934/1096] replace_re [Device=0 min_width=0 max_width=64 num_rows=262144 type=backref]
Pass: Cold: 17.538840ms GPU, 17.543303ms CPU, 5.33s total GPU, 5.34s total wall, 304x 
Run:  [935/1096] replace_re [Device=0 min_width=0 max_width=128 num_rows=262144 type=backref]
Pass: Cold: 38.057020ms GPU, 38.061491ms CPU, 3.04s total GPU, 3.05s total wall, 80x 
Run:  [936/1096] replace_re [Device=0 min_width=0 max_width=256 num_rows=262144 type=backref]
Pass: Cold: 89.124783ms GPU, 89.130605ms CPU, 8.56s total GPU, 8.56s total wall, 96x 
Run:  [937/1096] replace_re [Device=0 min_width=0 max_width=32 num_rows=2097152 type=backref]
Warn: Current measurement timed out (15.04s) while over noise threshold (0.88% > 0.50%)
Pass: Cold: 65.644497ms GPU, 65.649972ms CPU, 15.03s total GPU, 15.04s total wall, 229x 
Run:  [938/1096] replace_re [Device=0 min_width=0 max_width=64 num_rows=2097152 type=backref]
Pass: Cold: 134.723702ms GPU, 134.729547ms CPU, 1.48s total GPU, 1.48s total wall, 11x 
Run:  [939/1096] replace_re [Device=0 min_width=0 max_width=128 num_rows=2097152 type=backref]
Pass: Cold: 290.213834ms GPU, 290.219942ms CPU, 3.19s total GPU, 3.19s total wall, 11x 
Run:  [940/1096] replace_re [Device=0 min_width=0 max_width=256 num_rows=2097152 type=backref]
Pass: Cold: 680.750144ms GPU, 680.755096ms CPU, 7.49s total GPU, 7.49s total wall, 11x 
Run:  [941/1096] reverse [Device=0 min_width=0 max_width=32 num_rows=32768]
Pass: Cold: 0.087769ms GPU, 0.091518ms CPU, 0.50s total GPU, 0.69s total wall, 5712x 
Run:  [942/1096] reverse [Device=0 min_width=0 max_width=64 num_rows=32768]
Pass: Cold: 0.130030ms GPU, 0.133737ms CPU, 0.50s total GPU, 0.63s total wall, 3856x 
Run:  [943/1096] reverse [Device=0 min_width=0 max_width=128 num_rows=32768]
Pass: Cold: 0.240942ms GPU, 0.244679ms CPU, 0.64s total GPU, 0.73s total wall, 2672x 
Run:  [944/1096] reverse [Device=0 min_width=0 max_width=256 num_rows=32768]
Pass: Cold: 0.684010ms GPU, 0.687843ms CPU, 0.88s total GPU, 0.92s total wall, 1280x 
Run:  [945/1096] reverse [Device=0 min_width=0 max_width=32 num_rows=262144]
Pass: Cold: 0.253723ms GPU, 0.257733ms CPU, 0.58s total GPU, 0.66s total wall, 2304x 
Run:  [946/1096] reverse [Device=0 min_width=0 max_width=64 num_rows=262144]
Pass: Cold: 0.594099ms GPU, 0.598169ms CPU, 0.94s total GPU, 0.99s total wall, 1584x 
Run:  [947/1096] reverse [Device=0 min_width=0 max_width=128 num_rows=262144]
Pass: Cold: 2.463282ms GPU, 2.467405ms CPU, 1.34s total GPU, 1.36s total wall, 544x 
Run:  [948/1096] reverse [Device=0 min_width=0 max_width=256 num_rows=262144]
Pass: Cold: 27.069601ms GPU, 27.073389ms CPU, 0.62s total GPU, 0.62s total wall, 23x 
Run:  [949/1096] reverse [Device=0 min_width=0 max_width=32 num_rows=2097152]
Pass: Cold: 1.728462ms GPU, 1.732920ms CPU, 4.56s total GPU, 4.66s total wall, 2640x 
Run:  [950/1096] reverse [Device=0 min_width=0 max_width=64 num_rows=2097152]
Pass: Cold: 4.469602ms GPU, 4.473907ms CPU, 3.43s total GPU, 3.46s total wall, 768x 
Run:  [951/1096] reverse [Device=0 min_width=0 max_width=128 num_rows=2097152]
Pass: Cold: 14.898992ms GPU, 14.903336ms CPU, 7.87s total GPU, 7.89s total wall, 528x 
Run:  [952/1096] reverse [Device=0 min_width=0 max_width=256 num_rows=2097152]
Pass: Cold: 226.029046ms GPU, 226.031465ms CPU, 2.49s total GPU, 2.49s total wall, 11x 
Run:  [953/1096] slice [Device=0 row_width=32 num_rows=32768 type=position]
Pass: Cold: 0.162138ms GPU, 0.166012ms CPU, 0.50s total GPU, 0.60s total wall, 3088x 
Run:  [954/1096] slice [Device=0 row_width=64 num_rows=32768 type=position]
Pass: Cold: 0.172778ms GPU, 0.176681ms CPU, 0.50s total GPU, 0.59s total wall, 2896x 
Run:  [955/1096] slice [Device=0 row_width=128 num_rows=32768 type=position]
Pass: Cold: 0.197675ms GPU, 0.201542ms CPU, 0.50s total GPU, 0.58s total wall, 2544x 
Run:  [956/1096] slice [Device=0 row_width=256 num_rows=32768 type=position]
Pass: Cold: 0.288021ms GPU, 0.291895ms CPU, 0.50s total GPU, 0.55s total wall, 1744x 
Run:  [957/1096] slice [Device=0 row_width=32 num_rows=262144 type=position]
Pass: Cold: 0.309631ms GPU, 0.313516ms CPU, 0.53s total GPU, 0.57s total wall, 1712x 
Run:  [958/1096] slice [Device=0 row_width=64 num_rows=262144 type=position]
Pass: Cold: 0.372108ms GPU, 0.375976ms CPU, 0.50s total GPU, 0.53s total wall, 1344x 
Run:  [959/1096] slice [Device=0 row_width=128 num_rows=262144 type=position]
Pass: Cold: 0.586144ms GPU, 0.590205ms CPU, 0.51s total GPU, 0.53s total wall, 864x 
Run:  [960/1096] slice [Device=0 row_width=256 num_rows=262144 type=position]
Pass: Cold: 2.171876ms GPU, 2.176024ms CPU, 2.78s total GPU, 2.82s total wall, 1280x 
Run:  [961/1096] slice [Device=0 row_width=32 num_rows=2097152 type=position]
Pass: Cold: 1.387019ms GPU, 1.391306ms CPU, 0.75s total GPU, 0.77s total wall, 544x 
Run:  [962/1096] slice [Device=0 row_width=64 num_rows=2097152 type=position]
Pass: Cold: 2.004874ms GPU, 2.009263ms CPU, 4.20s total GPU, 4.26s total wall, 2096x 
Run:  [963/1096] slice [Device=0 row_width=128 num_rows=2097152 type=position]
Pass: Cold: 3.761145ms GPU, 3.765512ms CPU, 3.13s total GPU, 3.15s total wall, 832x 
Run:  [964/1096] slice [Device=0 row_width=256 num_rows=2097152 type=position]
Pass: Cold: 16.639197ms GPU, 16.643395ms CPU, 9.85s total GPU, 9.87s total wall, 592x 
Run:  [965/1096] slice [Device=0 row_width=32 num_rows=32768 type=multi]
Pass: Cold: 0.107300ms GPU, 0.111150ms CPU, 0.50s total GPU, 0.66s total wall, 4672x 
Run:  [966/1096] slice [Device=0 row_width=64 num_rows=32768 type=multi]
Pass: Cold: 0.116572ms GPU, 0.120377ms CPU, 0.50s total GPU, 0.64s total wall, 4304x 
Run:  [967/1096] slice [Device=0 row_width=128 num_rows=32768 type=multi]
Pass: Cold: 0.144281ms GPU, 0.148096ms CPU, 0.50s total GPU, 0.61s total wall, 3472x 
Run:  [968/1096] slice [Device=0 row_width=256 num_rows=32768 type=multi]
Pass: Cold: 0.234921ms GPU, 0.238814ms CPU, 0.63s total GPU, 0.70s total wall, 2672x 
Run:  [969/1096] slice [Device=0 row_width=32 num_rows=262144 type=multi]
Pass: Cold: 0.263710ms GPU, 0.267542ms CPU, 0.50s total GPU, 0.55s total wall, 1904x 
Run:  [970/1096] slice [Device=0 row_width=64 num_rows=262144 type=multi]
Pass: Cold: 0.331209ms GPU, 0.335271ms CPU, 0.50s total GPU, 0.54s total wall, 1520x 
Run:  [971/1096] slice [Device=0 row_width=128 num_rows=262144 type=multi]
Pass: Cold: 0.553448ms GPU, 0.557551ms CPU, 0.61s total GPU, 0.64s total wall, 1104x 
Run:  [972/1096] slice [Device=0 row_width=256 num_rows=262144 type=multi]
Pass: Cold: 2.248437ms GPU, 2.252604ms CPU, 1.33s total GPU, 1.35s total wall, 592x 
Run:  [973/1096] slice [Device=0 row_width=32 num_rows=2097152 type=multi]
Pass: Cold: 1.407053ms GPU, 1.411324ms CPU, 0.57s total GPU, 0.58s total wall, 404x 
Run:  [974/1096] slice [Device=0 row_width=64 num_rows=2097152 type=multi]
Pass: Cold: 2.003296ms GPU, 2.007891ms CPU, 1.99s total GPU, 2.01s total wall, 992x 
Run:  [975/1096] slice [Device=0 row_width=128 num_rows=2097152 type=multi]
Pass: Cold: 3.815106ms GPU, 3.819503ms CPU, 3.54s total GPU, 3.57s total wall, 928x 
Run:  [976/1096] slice [Device=0 row_width=256 num_rows=2097152 type=multi]
Pass: Cold: 17.516306ms GPU, 17.520498ms CPU, 9.81s total GPU, 9.82s total wall, 560x 
Run:  [977/1096] split [Device=0 min_width=0 max_width=32 num_rows=32768 type=split]
Pass: Cold: 0.397372ms GPU, 0.401152ms CPU, 0.51s total GPU, 0.55s total wall, 1280x 
Run:  [978/1096] split [Device=0 min_width=0 max_width=64 num_rows=32768 type=split]
Pass: Cold: 0.556673ms GPU, 0.560456ms CPU, 1.26s total GPU, 1.33s total wall, 2256x 
Run:  [979/1096] split [Device=0 min_width=0 max_width=128 num_rows=32768 type=split]
Pass: Cold: 0.701143ms GPU, 0.704902ms CPU, 0.63s total GPU, 0.66s total wall, 896x 
Run:  [980/1096] split [Device=0 min_width=0 max_width=256 num_rows=32768 type=split]
Pass: Cold: 1.043479ms GPU, 1.047268ms CPU, 2.20s total GPU, 2.27s total wall, 2112x 
Run:  [981/1096] split [Device=0 min_width=0 max_width=32 num_rows=262144 type=split]
Pass: Cold: 0.860699ms GPU, 0.864571ms CPU, 1.78s total GPU, 1.84s total wall, 2064x 
Run:  [982/1096] split [Device=0 min_width=0 max_width=64 num_rows=262144 type=split]
Pass: Cold: 1.369690ms GPU, 1.373559ms CPU, 2.54s total GPU, 2.60s total wall, 1856x 
Run:  [983/1096] split [Device=0 min_width=0 max_width=128 num_rows=262144 type=split]
Pass: Cold: 2.168922ms GPU, 2.173097ms CPU, 3.89s total GPU, 3.95s total wall, 1792x 
Run:  [984/1096] split [Device=0 min_width=0 max_width=256 num_rows=262144 type=split]
Pass: Cold: 3.780985ms GPU, 3.785180ms CPU, 4.30s total GPU, 4.33s total wall, 1136x 
Run:  [985/1096] split [Device=0 min_width=0 max_width=32 num_rows=2097152 type=split]
Pass: Cold: 5.224647ms GPU, 5.228947ms CPU, 5.60s total GPU, 5.63s total wall, 1072x 
Run:  [986/1096] split [Device=0 min_width=0 max_width=64 num_rows=2097152 type=split]
Pass: Cold: 8.704407ms GPU, 8.708654ms CPU, 5.29s total GPU, 5.31s total wall, 608x 
Run:  [987/1096] split [Device=0 min_width=0 max_width=128 num_rows=2097152 type=split]
Pass: Cold: 14.778682ms GPU, 14.782971ms CPU, 8.28s total GPU, 8.29s total wall, 560x 
Run:  [988/1096] split [Device=0 min_width=0 max_width=256 num_rows=2097152 type=split]
Warn: Current measurement timed out (15.02s) while over noise threshold (0.73% > 0.50%)
Pass: Cold: 26.600983ms GPU, 26.605261ms CPU, 15.00s total GPU, 15.02s total wall, 564x 
Run:  [989/1096] split [Device=0 min_width=0 max_width=32 num_rows=32768 type=split_ws]
Pass: Cold: 0.293255ms GPU, 0.297120ms CPU, 0.77s total GPU, 0.86s total wall, 2640x 
Run:  [990/1096] split [Device=0 min_width=0 max_width=64 num_rows=32768 type=split_ws]
Pass: Cold: 0.394232ms GPU, 0.398007ms CPU, 0.50s total GPU, 0.54s total wall, 1280x 
Run:  [991/1096] split [Device=0 min_width=0 max_width=128 num_rows=32768 type=split_ws]
Pass: Cold: 0.640438ms GPU, 0.644177ms CPU, 0.57s total GPU, 0.60s total wall, 896x 
Run:  [992/1096] split [Device=0 min_width=0 max_width=256 num_rows=32768 type=split_ws]
Pass: Cold: 0.963913ms GPU, 0.967696ms CPU, 2.41s total GPU, 2.48s total wall, 2496x 
Run:  [993/1096] split [Device=0 min_width=0 max_width=32 num_rows=262144 type=split_ws]
Pass: Cold: 0.767662ms GPU, 0.771870ms CPU, 0.91s total GPU, 0.94s total wall, 1184x 
Run:  [994/1096] split [Device=0 min_width=0 max_width=64 num_rows=262144 type=split_ws]
Pass: Cold: 1.159321ms GPU, 1.163600ms CPU, 0.72s total GPU, 0.74s total wall, 624x 
Run:  [995/1096] split [Device=0 min_width=0 max_width=128 num_rows=262144 type=split_ws]
Pass: Cold: 2.057813ms GPU, 2.062067ms CPU, 2.44s total GPU, 2.46s total wall, 1184x 
Run:  [996/1096] split [Device=0 min_width=0 max_width=256 num_rows=262144 type=split_ws]
Pass: Cold: 4.188852ms GPU, 4.193106ms CPU, 4.16s total GPU, 4.18s total wall, 992x 
Run:  [997/1096] split [Device=0 min_width=0 max_width=32 num_rows=2097152 type=split_ws]
Pass: Cold: 4.469852ms GPU, 4.474122ms CPU, 0.50s total GPU, 0.50s total wall, 112x 
Run:  [998/1096] split [Device=0 min_width=0 max_width=64 num_rows=2097152 type=split_ws]
Pass: Cold: 7.069713ms GPU, 7.073958ms CPU, 0.50s total GPU, 0.50s total wall, 71x 
Run:  [999/1096] split [Device=0 min_width=0 max_width=128 num_rows=2097152 type=split_ws]
Pass: Cold: 13.106482ms GPU, 13.110688ms CPU, 8.81s total GPU, 8.82s total wall, 672x 
Run:  [1000/1096] split [Device=0 min_width=0 max_width=256 num_rows=2097152 type=split_ws]
Pass: Cold: 28.119099ms GPU, 28.123345ms CPU, 3.60s total GPU, 3.60s total wall, 128x 
Run:  [1001/1096] split [Device=0 min_width=0 max_width=32 num_rows=32768 type=record]
Pass: Cold: 0.287200ms GPU, 0.291506ms CPU, 0.59s total GPU, 0.66s total wall, 2048x 
Run:  [1002/1096] split [Device=0 min_width=0 max_width=64 num_rows=32768 type=record]
Pass: Cold: 0.329303ms GPU, 0.333561ms CPU, 0.55s total GPU, 0.61s total wall, 1680x 
Run:  [1003/1096] split [Device=0 min_width=0 max_width=128 num_rows=32768 type=record]
Pass: Cold: 0.400886ms GPU, 0.405109ms CPU, 0.65s total GPU, 0.70s total wall, 1616x 
Run:  [1004/1096] split [Device=0 min_width=0 max_width=256 num_rows=32768 type=record]
Pass: Cold: 0.538816ms GPU, 0.543021ms CPU, 0.50s total GPU, 0.53s total wall, 928x 
Run:  [1005/1096] split [Device=0 min_width=0 max_width=32 num_rows=262144 type=record]
Pass: Cold: 0.667125ms GPU, 0.671457ms CPU, 1.36s total GPU, 1.42s total wall, 2032x 
Run:  [1006/1096] split [Device=0 min_width=0 max_width=64 num_rows=262144 type=record]
Pass: Cold: 0.977575ms GPU, 0.981953ms CPU, 2.52s total GPU, 2.60s total wall, 2576x 
Run:  [1007/1096] split [Device=0 min_width=0 max_width=128 num_rows=262144 type=record]
Pass: Cold: 1.625327ms GPU, 1.629857ms CPU, 1.51s total GPU, 1.54s total wall, 928x 
Run:  [1008/1096] split [Device=0 min_width=0 max_width=256 num_rows=262144 type=record]
Pass: Cold: 2.851458ms GPU, 2.856086ms CPU, 2.83s total GPU, 2.86s total wall, 992x 
Run:  [1009/1096] split [Device=0 min_width=0 max_width=32 num_rows=2097152 type=record]
Pass: Cold: 4.097739ms GPU, 4.102389ms CPU, 3.61s total GPU, 3.63s total wall, 880x 
Run:  [1010/1096] split [Device=0 min_width=0 max_width=64 num_rows=2097152 type=record]
Pass: Cold: 6.679624ms GPU, 6.684276ms CPU, 6.63s total GPU, 6.66s total wall, 992x 
Run:  [1011/1096] split [Device=0 min_width=0 max_width=128 num_rows=2097152 type=record]
Pass: Cold: 11.720688ms GPU, 11.725343ms CPU, 6.38s total GPU, 6.39s total wall, 544x 
Run:  [1012/1096] split [Device=0 min_width=0 max_width=256 num_rows=2097152 type=record]
Pass: Cold: 21.613619ms GPU, 21.618145ms CPU, 11.41s total GPU, 11.43s total wall, 528x 
Run:  [1013/1096] split [Device=0 min_width=0 max_width=32 num_rows=32768 type=record_ws]
Pass: Cold: 0.222218ms GPU, 0.226388ms CPU, 0.52s total GPU, 0.60s total wall, 2352x 
Run:  [1014/1096] split [Device=0 min_width=0 max_width=64 num_rows=32768 type=record_ws]
Pass: Cold: 0.274191ms GPU, 0.278351ms CPU, 0.50s total GPU, 0.56s total wall, 1824x 
Run:  [1015/1096] split [Device=0 min_width=0 max_width=128 num_rows=32768 type=record_ws]
Pass: Cold: 0.420868ms GPU, 0.425040ms CPU, 0.51s total GPU, 0.54s total wall, 1200x 
Run:  [1016/1096] split [Device=0 min_width=0 max_width=256 num_rows=32768 type=record_ws]
Pass: Cold: 0.782525ms GPU, 0.786731ms CPU, 0.50s total GPU, 0.52s total wall, 640x 
Run:  [1017/1096] split [Device=0 min_width=0 max_width=32 num_rows=262144 type=record_ws]
Pass: Cold: 0.505420ms GPU, 0.509660ms CPU, 0.97s total GPU, 1.03s total wall, 1920x 
Run:  [1018/1096] split [Device=0 min_width=0 max_width=64 num_rows=262144 type=record_ws]
Pass: Cold: 0.799857ms GPU, 0.804378ms CPU, 0.86s total GPU, 0.89s total wall, 1072x 
Run:  [1019/1096] split [Device=0 min_width=0 max_width=128 num_rows=262144 type=record_ws]
Pass: Cold: 1.655872ms GPU, 1.660426ms CPU, 2.41s total GPU, 2.46s total wall, 1456x 
Run:  [1020/1096] split [Device=0 min_width=0 max_width=256 num_rows=262144 type=record_ws]
Pass: Cold: 4.158781ms GPU, 4.163400ms CPU, 3.13s total GPU, 3.15s total wall, 752x 
Run:  [1021/1096] split [Device=0 min_width=0 max_width=32 num_rows=2097152 type=record_ws]
Pass: Cold: 2.996736ms GPU, 3.001598ms CPU, 3.74s total GPU, 3.78s total wall, 1248x 
Run:  [1022/1096] split [Device=0 min_width=0 max_width=64 num_rows=2097152 type=record_ws]
Pass: Cold: 5.235473ms GPU, 5.240308ms CPU, 4.19s total GPU, 4.21s total wall, 800x 
Run:  [1023/1096] split [Device=0 min_width=0 max_width=128 num_rows=2097152 type=record_ws]
Pass: Cold: 11.814852ms GPU, 11.819764ms CPU, 8.32s total GPU, 8.34s total wall, 704x 
Run:  [1024/1096] split [Device=0 min_width=0 max_width=256 num_rows=2097152 type=record_ws]
Warn: Current measurement timed out (15.03s) while over noise threshold (0.77% > 0.50%)
Pass: Cold: 29.722064ms GPU, 29.726792ms CPU, 15.01s total GPU, 15.03s total wall, 505x 
Run:  [1025/1096] split_re [Device=0 min_width=0 max_width=32 num_rows=32768]
Pass: Cold: 0.958657ms GPU, 0.962914ms CPU, 2.09s total GPU, 2.16s total wall, 2176x 
Run:  [1026/1096] split_re [Device=0 min_width=0 max_width=64 num_rows=32768]
Pass: Cold: 1.932635ms GPU, 1.936957ms CPU, 1.14s total GPU, 1.16s total wall, 592x 
Run:  [1027/1096] split_re [Device=0 min_width=0 max_width=128 num_rows=32768]
Pass: Cold: 4.260416ms GPU, 4.264746ms CPU, 3.20s total GPU, 3.23s total wall, 752x 
Run:  [1028/1096] split_re [Device=0 min_width=0 max_width=256 num_rows=32768]
Pass: Cold: 9.990661ms GPU, 9.994810ms CPU, 1.12s total GPU, 1.12s total wall, 112x 
Run:  [1029/1096] split_re [Device=0 min_width=0 max_width=32 num_rows=262144]
Pass: Cold: 5.688580ms GPU, 5.693236ms CPU, 8.10s total GPU, 8.14s total wall, 1424x 
Run:  [1030/1096] split_re [Device=0 min_width=0 max_width=64 num_rows=262144]
Pass: Cold: 12.019888ms GPU, 12.024426ms CPU, 7.50s total GPU, 7.52s total wall, 624x 
Run:  [1031/1096] split_re [Device=0 min_width=0 max_width=128 num_rows=262144]
Warn: Current measurement timed out (15.02s) while over noise threshold (0.68% > 0.50%)
Pass: Cold: 27.945314ms GPU, 27.949882ms CPU, 15.01s total GPU, 15.02s total wall, 537x 
Run:  [1032/1096] split_re [Device=0 min_width=0 max_width=256 num_rows=262144]
Pass: Cold: 68.793871ms GPU, 68.797872ms CPU, 0.76s total GPU, 0.76s total wall, 11x 
Run:  [1033/1096] split_re [Device=0 min_width=0 max_width=32 num_rows=2097152]
Warn: Current measurement timed out (15.01s) while over noise threshold (0.59% > 0.50%)
Pass: Cold: 42.847704ms GPU, 42.852048ms CPU, 15.00s total GPU, 15.01s total wall, 350x 
Run:  [1034/1096] split_re [Device=0 min_width=0 max_width=64 num_rows=2097152]
Pass: Cold: 91.624243ms GPU, 91.628451ms CPU, 13.19s total GPU, 13.20s total wall, 144x 
Run:  [1035/1096] split_re [Device=0 min_width=0 max_width=128 num_rows=2097152]
Pass: Cold: 209.492663ms GPU, 209.496112ms CPU, 2.51s total GPU, 2.51s total wall, 12x 
Run:  [1036/1096] split_re [Device=0 min_width=0 max_width=256 num_rows=2097152]
Pass: Cold: 516.635137ms GPU, 516.635833ms CPU, 5.68s total GPU, 5.68s total wall, 11x 
Run:  [1037/1096] translate [Device=0 min_width=0 max_width=32 num_rows=32768 entries=5]
Pass: Cold: 0.114088ms GPU, 0.117996ms CPU, 0.50s total GPU, 0.65s total wall, 4384x 
Run:  [1038/1096] translate [Device=0 min_width=0 max_width=64 num_rows=32768 entries=5]
Pass: Cold: 0.188616ms GPU, 0.192564ms CPU, 0.50s total GPU, 0.59s total wall, 2656x 
Run:  [1039/1096] translate [Device=0 min_width=0 max_width=128 num_rows=32768 entries=5]
Pass: Cold: 0.401542ms GPU, 0.405604ms CPU, 1.03s total GPU, 1.11s total wall, 2560x 
Run:  [1040/1096] translate [Device=0 min_width=0 max_width=256 num_rows=32768 entries=5]
Pass: Cold: 3.241577ms GPU, 3.245945ms CPU, 2.02s total GPU, 2.04s total wall, 624x 
Run:  [1041/1096] translate [Device=0 min_width=0 max_width=32 num_rows=262144 entries=5]
Pass: Cold: 0.492892ms GPU, 0.497219ms CPU, 1.06s total GPU, 1.14s total wall, 2160x 
Run:  [1042/1096] translate [Device=0 min_width=0 max_width=64 num_rows=262144 entries=5]
Pass: Cold: 1.000831ms GPU, 1.005312ms CPU, 0.75s total GPU, 0.78s total wall, 752x 
Run:  [1043/1096] translate [Device=0 min_width=0 max_width=128 num_rows=262144 entries=5]
Pass: Cold: 3.027960ms GPU, 3.032598ms CPU, 1.99s total GPU, 2.01s total wall, 656x 
Run:  [1044/1096] translate [Device=0 min_width=0 max_width=256 num_rows=262144 entries=5]
Pass: Cold: 28.048314ms GPU, 28.054161ms CPU, 0.50s total GPU, 0.51s total wall, 18x 
Run:  [1045/1096] translate [Device=0 min_width=0 max_width=32 num_rows=2097152 entries=5]
Pass: Cold: 3.778165ms GPU, 3.782877ms CPU, 6.77s total GPU, 6.84s total wall, 1792x 
Run:  [1046/1096] translate [Device=0 min_width=0 max_width=64 num_rows=2097152 entries=5]
Pass: Cold: 7.685443ms GPU, 7.690385ms CPU, 6.39s total GPU, 6.43s total wall, 832x 
Run:  [1047/1096] translate [Device=0 min_width=0 max_width=128 num_rows=2097152 entries=5]
Warn: Current measurement timed out (15.01s) while over noise threshold (1.17% > 0.50%)
Pass: Cold: 20.081422ms GPU, 20.086694ms CPU, 14.98s total GPU, 15.01s total wall, 746x 
Run:  [1048/1096] translate [Device=0 min_width=0 max_width=256 num_rows=2097152 entries=5]
Pass: Cold: 228.197619ms GPU, 228.204782ms CPU, 2.51s total GPU, 2.51s total wall, 11x 
Run:  [1049/1096] translate [Device=0 min_width=0 max_width=32 num_rows=32768 entries=25]
Pass: Cold: 0.144065ms GPU, 0.148013ms CPU, 0.50s total GPU, 0.61s total wall, 3472x 
Run:  [1050/1096] translate [Device=0 min_width=0 max_width=64 num_rows=32768 entries=25]
Pass: Cold: 0.249975ms GPU, 0.253873ms CPU, 0.50s total GPU, 0.57s total wall, 2016x 
Run:  [1051/1096] translate [Device=0 min_width=0 max_width=128 num_rows=32768 entries=25]
Pass: Cold: 0.509460ms GPU, 0.513537ms CPU, 0.95s total GPU, 1.01s total wall, 1856x 
Run:  [1052/1096] translate [Device=0 min_width=0 max_width=256 num_rows=32768 entries=25]
Pass: Cold: 3.396188ms GPU, 3.400528ms CPU, 1.79s total GPU, 1.81s total wall, 528x 
Run:  [1053/1096] translate [Device=0 min_width=0 max_width=32 num_rows=262144 entries=25]
Pass: Cold: 0.699890ms GPU, 0.704190ms CPU, 1.72s total GPU, 1.81s total wall, 2464x 
Run:  [1054/1096] translate [Device=0 min_width=0 max_width=64 num_rows=262144 entries=25]
Pass: Cold: 1.358982ms GPU, 1.363428ms CPU, 1.17s total GPU, 1.20s total wall, 864x 
Run:  [1055/1096] translate [Device=0 min_width=0 max_width=128 num_rows=262144 entries=25]
Pass: Cold: 3.620866ms GPU, 3.625402ms CPU, 2.90s total GPU, 2.92s total wall, 800x 
Run:  [1056/1096] translate [Device=0 min_width=0 max_width=256 num_rows=262144 entries=25]
Pass: Cold: 28.388935ms GPU, 28.393523ms CPU, 0.51s total GPU, 0.51s total wall, 18x 
Run:  [1057/1096] translate [Device=0 min_width=0 max_width=32 num_rows=2097152 entries=25]
Pass: Cold: 5.377834ms GPU, 5.382375ms CPU, 4.56s total GPU, 4.59s total wall, 848x 
Run:  [1058/1096] translate [Device=0 min_width=0 max_width=64 num_rows=2097152 entries=25]
Pass: Cold: 10.593697ms GPU, 10.598327ms CPU, 9.83s total GPU, 9.87s total wall, 928x 
Run:  [1059/1096] translate [Device=0 min_width=0 max_width=128 num_rows=2097152 entries=25]
Pass: Cold: 25.586917ms GPU, 25.592001ms CPU, 13.51s total GPU, 13.53s total wall, 528x 
Run:  [1060/1096] translate [Device=0 min_width=0 max_width=256 num_rows=2097152 entries=25]
Pass: Cold: 230.108343ms GPU, 230.114077ms CPU, 2.53s total GPU, 2.53s total wall, 11x 
Run:  [1061/1096] translate [Device=0 min_width=0 max_width=32 num_rows=32768 entries=50]
Pass: Cold: 0.157081ms GPU, 0.160939ms CPU, 0.50s total GPU, 0.60s total wall, 3184x 
Run:  [1062/1096] translate [Device=0 min_width=0 max_width=64 num_rows=32768 entries=50]
Pass: Cold: 0.277128ms GPU, 0.281094ms CPU, 0.55s total GPU, 0.62s total wall, 2000x 
Run:  [1063/1096] translate [Device=0 min_width=0 max_width=128 num_rows=32768 entries=50]
Pass: Cold: 0.563863ms GPU, 0.567939ms CPU, 0.96s total GPU, 1.01s total wall, 1696x 
Run:  [1064/1096] translate [Device=0 min_width=0 max_width=256 num_rows=32768 entries=50]
Pass: Cold: 3.459644ms GPU, 3.464019ms CPU, 1.83s total GPU, 1.84s total wall, 528x 
Run:  [1065/1096] translate [Device=0 min_width=0 max_width=32 num_rows=262144 entries=50]
Pass: Cold: 0.805169ms GPU, 0.809472ms CPU, 1.02s total GPU, 1.06s total wall, 1264x 
Run:  [1066/1096] translate [Device=0 min_width=0 max_width=64 num_rows=262144 entries=50]
Pass: Cold: 1.555456ms GPU, 1.559874ms CPU, 1.54s total GPU, 1.58s total wall, 992x 
Run:  [1067/1096] translate [Device=0 min_width=0 max_width=128 num_rows=262144 entries=50]
Pass: Cold: 3.955293ms GPU, 3.959954ms CPU, 4.43s total GPU, 4.47s total wall, 1120x 
Run:  [1068/1096] translate [Device=0 min_width=0 max_width=256 num_rows=262144 entries=50]
Pass: Cold: 28.457811ms GPU, 28.463041ms CPU, 0.57s total GPU, 0.57s total wall, 20x 
Run:  [1069/1096] translate [Device=0 min_width=0 max_width=32 num_rows=2097152 entries=50]
Pass: Cold: 6.103198ms GPU, 6.107838ms CPU, 7.62s total GPU, 7.66s total wall, 1248x 
Run:  [1070/1096] translate [Device=0 min_width=0 max_width=64 num_rows=2097152 entries=50]
Pass: Cold: 12.042536ms GPU, 12.047310ms CPU, 6.94s total GPU, 6.96s total wall, 576x 
Run:  [1071/1096] translate [Device=0 min_width=0 max_width=128 num_rows=2097152 entries=50]
Pass: Cold: 28.374766ms GPU, 28.380075ms CPU, 14.07s total GPU, 14.09s total wall, 496x 
Run:  [1072/1096] translate [Device=0 min_width=0 max_width=256 num_rows=2097152 entries=50]
Pass: Cold: 229.945204ms GPU, 229.951664ms CPU, 2.53s total GPU, 2.53s total wall, 11x 
Run:  [1073/1096] url_decode [Device=0 row_width=32 num_rows=32768 esc_seq_pct=10]
Pass: Cold: 0.154220ms GPU, 0.158200ms CPU, 0.50s total GPU, 0.61s total wall, 3248x 
Run:  [1074/1096] url_decode [Device=0 row_width=64 num_rows=32768 esc_seq_pct=10]
Pass: Cold: 0.220934ms GPU, 0.224992ms CPU, 0.50s total GPU, 0.58s total wall, 2272x 
Run:  [1075/1096] url_decode [Device=0 row_width=128 num_rows=32768 esc_seq_pct=10]
Pass: Cold: 0.375965ms GPU, 0.380250ms CPU, 0.73s total GPU, 0.79s total wall, 1936x 
Run:  [1076/1096] url_decode [Device=0 row_width=256 num_rows=32768 esc_seq_pct=10]
Pass: Cold: 0.655090ms GPU, 0.659478ms CPU, 0.85s total GPU, 0.89s total wall, 1296x 
Run:  [1077/1096] url_decode [Device=0 row_width=32 num_rows=262144 esc_seq_pct=10]
Pass: Cold: 1.126014ms GPU, 1.130370ms CPU, 1.42s total GPU, 1.46s total wall, 1264x 
Run:  [1078/1096] url_decode [Device=0 row_width=64 num_rows=262144 esc_seq_pct=10]
Pass: Cold: 1.679276ms GPU, 1.683689ms CPU, 1.50s total GPU, 1.53s total wall, 896x 
Run:  [1079/1096] url_decode [Device=0 row_width=128 num_rows=262144 esc_seq_pct=10]
Pass: Cold: 2.906353ms GPU, 2.911004ms CPU, 3.91s total GPU, 3.95s total wall, 1344x 
Run:  [1080/1096] url_decode [Device=0 row_width=256 num_rows=262144 esc_seq_pct=10]
Pass: Cold: 5.188551ms GPU, 5.193386ms CPU, 3.07s total GPU, 3.09s total wall, 592x 
Run:  [1081/1096] url_decode [Device=0 row_width=32 num_rows=2097152 esc_seq_pct=10]
Pass: Cold: 8.632934ms GPU, 8.637749ms CPU, 9.39s total GPU, 9.43s total wall, 1088x 
Run:  [1082/1096] url_decode [Device=0 row_width=64 num_rows=2097152 esc_seq_pct=10]
Pass: Cold: 13.313616ms GPU, 13.318554ms CPU, 7.88s total GPU, 7.90s total wall, 592x 
Run:  [1083/1096] url_decode [Device=0 row_width=128 num_rows=2097152 esc_seq_pct=10]
Warn: Current measurement timed out (15.00s) while over noise threshold (1.19% > 0.50%)
Pass: Cold: 23.007663ms GPU, 23.012740ms CPU, 14.98s total GPU, 15.00s total wall, 651x 
Run:  [1084/1096] url_decode [Device=0 row_width=256 num_rows=2097152 esc_seq_pct=10]
Warn: Current measurement timed out (15.04s) while over noise threshold (1.02% > 0.50%)
Pass: Cold: 41.382538ms GPU, 41.387563ms CPU, 15.02s total GPU, 15.04s total wall, 363x 
Run:  [1085/1096] url_decode [Device=0 row_width=32 num_rows=32768 esc_seq_pct=50]
Pass: Cold: 0.157990ms GPU, 0.162040ms CPU, 0.50s total GPU, 0.60s total wall, 3168x 
Run:  [1086/1096] url_decode [Device=0 row_width=64 num_rows=32768 esc_seq_pct=50]
Pass: Cold: 0.222852ms GPU, 0.226980ms CPU, 0.51s total GPU, 0.58s total wall, 2288x 
Run:  [1087/1096] url_decode [Device=0 row_width=128 num_rows=32768 esc_seq_pct=50]
Pass: Cold: 0.378105ms GPU, 0.382380ms CPU, 0.80s total GPU, 0.87s total wall, 2128x 
Run:  [1088/1096] url_decode [Device=0 row_width=256 num_rows=32768 esc_seq_pct=50]
Pass: Cold: 0.664995ms GPU, 0.669364ms CPU, 1.30s total GPU, 1.36s total wall, 1952x 
Run:  [1089/1096] url_decode [Device=0 row_width=32 num_rows=262144 esc_seq_pct=50]
Pass: Cold: 1.132546ms GPU, 1.136865ms CPU, 1.45s total GPU, 1.49s total wall, 1280x 
Run:  [1090/1096] url_decode [Device=0 row_width=64 num_rows=262144 esc_seq_pct=50]
Pass: Cold: 1.699034ms GPU, 1.703469ms CPU, 1.03s total GPU, 1.05s total wall, 608x 
Run:  [1091/1096] url_decode [Device=0 row_width=128 num_rows=262144 esc_seq_pct=50]
Pass: Cold: 2.940850ms GPU, 2.945474ms CPU, 2.49s total GPU, 2.52s total wall, 848x 
Run:  [1092/1096] url_decode [Device=0 row_width=256 num_rows=262144 esc_seq_pct=50]
Pass: Cold: 5.277584ms GPU, 5.282464ms CPU, 3.29s total GPU, 3.31s total wall, 624x 
Run:  [1093/1096] url_decode [Device=0 row_width=32 num_rows=2097152 esc_seq_pct=50]
Pass: Cold: 8.731895ms GPU, 8.736674ms CPU, 4.47s total GPU, 4.49s total wall, 512x 
Run:  [1094/1096] url_decode [Device=0 row_width=64 num_rows=2097152 esc_seq_pct=50]
Pass: Cold: 13.498534ms GPU, 13.503337ms CPU, 7.13s total GPU, 7.14s total wall, 528x 
Run:  [1095/1096] url_decode [Device=0 row_width=128 num_rows=2097152 esc_seq_pct=50]
Pass: Cold: 23.356065ms GPU, 23.361236ms CPU, 9.72s total GPU, 9.73s total wall, 416x 
Run:  [1096/1096] url_decode [Device=0 row_width=256 num_rows=2097152 esc_seq_pct=50]
Warn: Current measurement timed out (15.01s) while over noise threshold (1.07% > 0.50%)
Pass: Cold: 42.121374ms GPU, 42.126718ms CPU, 15.00s total GPU, 15.01s total wall, 356x 
```

# Benchmark Results

## case

### [0] Tesla T4

| min_width | max_width | num_rows | encoding | chars_size | Samples |  CPU Time  | Noise  |  GPU Time  | Noise  | Elem/s  | GlobalMem BW | BWUtil |
|-----------|-----------|----------|----------|------------|---------|------------|--------|------------|--------|---------|--------------|--------|
|         0 |        32 |    32768 |    ascii |     519372 |   4512x | 115.250 us | 24.52% | 111.019 us | 23.78% |  4.678G |   9.356 GB/s |  2.92% |
|         0 |        64 |    32768 |    ascii |    1037761 |   3328x | 154.432 us |  3.68% | 150.625 us |  2.65% |  6.890G |  13.779 GB/s |  4.31% |
|         0 |       128 |    32768 |    ascii |    2076062 |   1712x | 328.043 us |  2.17% | 324.089 us |  1.77% |  6.406G |  12.812 GB/s |  4.00% |
|         0 |       256 |    32768 |    ascii |    4150972 |   2480x | 206.276 us |  4.40% | 202.623 us |  4.00% | 20.486G |  40.972 GB/s | 12.80% |
|         0 |        32 |   262144 |    ascii |    4171801 |   2288x | 334.488 us |  3.40% | 330.369 us |  3.15% | 12.628G |  25.255 GB/s |  7.89% |
|         0 |        64 |   262144 |    ascii |    8336782 |    752x | 763.227 us |  1.37% | 758.896 us |  1.23% | 10.985G |  21.971 GB/s |  6.86% |
|         0 |       128 |   262144 |    ascii |   16674882 |   1648x | 576.008 us |  1.66% | 572.183 us |  1.50% | 29.143G |  58.285 GB/s | 18.21% |
|         0 |       256 |   262144 |    ascii |   33340708 |   2176x |   1.069 ms |  1.15% |   1.065 ms |  1.09% | 31.308G |  62.617 GB/s | 19.56% |
|         0 |        32 |  2097152 |    ascii |   33432466 |   1264x |   2.470 ms |  2.33% |   2.465 ms |  2.32% | 13.562G |  27.125 GB/s |  8.47% |
|         0 |        64 |  2097152 |    ascii |   66809992 |    544x |   5.808 ms |  2.03% |   5.803 ms |  2.03% | 11.512G |  23.025 GB/s |  7.19% |
|         0 |       128 |  2097152 |    ascii |  133633397 |    752x |   4.102 ms |  0.94% |   4.098 ms |  0.93% | 32.607G |  65.215 GB/s | 20.38% |
|         0 |       256 |  2097152 |    ascii |  267204509 |    704x |   8.063 ms |  0.57% |   8.059 ms |  0.57% | 33.154G |  66.308 GB/s | 20.72% |
|         0 |        32 |    32768 |     utf8 |     519372 |   5552x |  94.087 us |  6.03% |  90.281 us |  4.24% |  5.753G |  11.506 GB/s |  3.59% |
|         0 |        64 |    32768 |     utf8 |    1037761 |   3216x | 160.041 us |  3.08% | 156.228 us |  1.82% |  6.643G |  13.285 GB/s |  4.15% |
|         0 |       128 |    32768 |     utf8 |    2076062 |   1504x | 337.719 us |  2.51% | 333.774 us |  2.19% |  6.220G |  12.440 GB/s |  3.89% |
|         0 |       256 |    32768 |     utf8 |    4150972 |   1456x | 692.611 us |  1.88% | 688.553 us |  1.78% |  6.029G |  12.057 GB/s |  3.77% |
|         0 |        32 |   262144 |     utf8 |    4171801 |   1456x | 350.277 us |  2.15% | 346.147 us |  1.78% | 12.052G |  24.104 GB/s |  7.53% |
|         0 |        64 |   262144 |     utf8 |    8336782 |   1168x | 783.600 us |  2.77% | 779.332 us |  2.71% | 10.697G |  21.395 GB/s |  6.68% |
|         0 |       128 |   262144 |     utf8 |   16674882 |    848x |   2.960 ms |  0.96% |   2.955 ms |  0.95% |  5.642G |  11.284 GB/s |  3.53% |
|         0 |       256 |   262144 |     utf8 |   33340708 |    720x |   5.069 ms |  1.02% |   5.065 ms |  1.01% |  6.583G |  13.165 GB/s |  4.11% |
|         0 |        32 |  2097152 |     utf8 |   33432466 |   1168x |   2.591 ms |  1.60% |   2.586 ms |  1.58% | 12.927G |  25.855 GB/s |  8.08% |
|         0 |        64 |  2097152 |     utf8 |   66809992 |    752x |   5.969 ms |  1.21% |   5.964 ms |  1.21% | 11.202G |  22.405 GB/s |  7.00% |
|         0 |       128 |  2097152 |     utf8 |  133633397 |    160x |  23.366 ms |  3.00% |  23.361 ms |  3.00% |  5.720G |  11.441 GB/s |  3.57% |
|         0 |       256 |  2097152 |     utf8 |  267204509 |     13x |  39.849 ms |  0.47% |  39.842 ms |  0.48% |  6.707G |  13.413 GB/s |  4.19% |

## char_types

### [0] Tesla T4

| min_width | max_width | num_rows |  api   | Samples |  CPU Time  | Noise  |  GPU Time  | Noise | GlobalMem BW | BWUtil  |
|-----------|-----------|----------|--------|---------|------------|--------|------------|-------|--------------|---------|
|         0 |        32 |    32768 |    all |  15536x |  35.881 us | 13.16% |  32.198 us | 6.24% |  17.034 GB/s |   5.32% |
|         0 |        64 |    32768 |    all |  14240x |  38.806 us | 14.51% |  35.129 us | 9.84% |  30.302 GB/s |   9.47% |
|         0 |       128 |    32768 |    all |  13120x |  41.794 us | 11.11% |  38.131 us | 5.46% |  54.942 GB/s |  17.17% |
|         0 |       256 |    32768 |    all |  11456x |  47.315 us | 11.19% |  43.648 us | 7.29% |  95.242 GB/s |  29.76% |
|         0 |        32 |   262144 |    all |   8624x |  61.697 us |  7.31% |  58.019 us | 3.52% |  75.418 GB/s |  23.56% |
|         0 |        64 |   262144 |    all |   6528x |  80.375 us |  5.69% |  76.644 us | 2.88% | 110.802 GB/s |  34.62% |
|         0 |       128 |   262144 |    all |   4912x | 105.768 us |  5.09% | 102.024 us | 3.49% | 163.824 GB/s |  51.18% |
|         0 |       256 |   262144 |    all |   4352x | 118.820 us |  3.93% | 115.083 us | 2.16% | 288.175 GB/s |  90.04% |
|         0 |        32 |  2097152 |    all |   2368x | 215.343 us |  2.16% | 211.504 us | 1.11% | 165.369 GB/s |  51.67% |
|         0 |        64 |  2097152 |    all |   1504x | 338.659 us |  1.35% | 334.815 us | 0.70% | 202.704 GB/s |  63.33% |
|         0 |       128 |  2097152 |    all |   1584x | 534.452 us |  1.02% | 530.535 us | 0.69% | 251.776 GB/s |  78.66% |
|         0 |       256 |  2097152 |    all |    791x | 636.403 us |  0.72% | 632.473 us | 0.36% | 419.060 GB/s | 130.93% |
|         0 |        32 |    32768 | filter |   4560x | 113.683 us |  5.09% | 109.814 us | 3.52% |   9.392 GB/s |   2.93% |
|         0 |        64 |    32768 | filter |   2848x | 179.853 us |  4.51% | 176.018 us | 3.89% |  11.723 GB/s |   3.66% |
|         0 |       128 |    32768 | filter |   2064x | 391.715 us |  2.77% | 387.770 us | 2.56% |  10.636 GB/s |   3.32% |
|         0 |       256 |    32768 | filter |    195x |   3.327 ms |  0.52% |   3.323 ms | 0.50% |   2.482 GB/s |   0.78% |
|         0 |        32 |   262144 | filter |   2656x | 437.370 us |  3.10% | 433.195 us | 2.92% |  18.992 GB/s |   5.93% |
|         0 |        64 |   262144 | filter |    752x | 914.015 us |  2.08% | 909.729 us | 2.03% |  18.093 GB/s |   5.65% |
|         0 |       128 |   262144 | filter |    848x |   2.810 ms |  1.03% |   2.806 ms | 1.01% |  11.728 GB/s |   3.66% |
|         0 |       256 |   262144 | filter |     17x |  29.482 ms |  0.44% |  29.477 ms | 0.43% |   2.232 GB/s |   0.70% |
|         0 |        32 |  2097152 | filter |   2048x |   3.307 ms |  2.21% |   3.302 ms | 2.21% |  19.912 GB/s |   6.22% |
|         0 |        64 |  2097152 | filter |    592x |   6.919 ms |  1.34% |   6.915 ms | 1.34% |  19.024 GB/s |   5.94% |
|         0 |       128 |  2097152 | filter |    464x |  19.234 ms |  2.10% |  19.228 ms | 2.10% |  13.676 GB/s |   4.27% |
|         0 |       256 |  2097152 | filter |     11x | 233.792 ms |  0.14% | 233.786 ms | 0.14% |   2.249 GB/s |   0.70% |

## concat

### [0] Tesla T4

| row_width | num_rows | Samples |  CPU Time  | Noise |  GPU Time  | Noise | GlobalMem BW | BWUtil |
|-----------|----------|---------|------------|-------|------------|-------|--------------|--------|
|        32 |    32768 |   3824x | 135.060 us | 5.35% | 130.904 us | 4.29% |  16.310 GB/s |  5.10% |
|        64 |    32768 |   2432x | 216.360 us | 3.50% | 212.226 us | 2.90% |  19.809 GB/s |  6.19% |
|       128 |    32768 |    336x |   1.498 ms | 1.95% |   1.493 ms | 1.93% |   5.585 GB/s |  1.74% |
|       256 |    32768 |     73x |   6.892 ms | 0.41% |   6.888 ms | 0.41% |   2.412 GB/s |  0.75% |
|        32 |   262144 |   1616x | 528.089 us | 2.35% | 523.767 us | 2.19% |  32.506 GB/s | 10.16% |
|        64 |   262144 |    784x |   1.152 ms | 1.55% |   1.148 ms | 1.50% |  29.201 GB/s |  9.12% |
|       128 |   262144 |    992x |  14.072 ms | 0.93% |  14.068 ms | 0.93% |   4.728 GB/s |  1.48% |
|       256 |   262144 |     11x |  61.441 ms | 0.34% |  61.438 ms | 0.34% |   2.157 GB/s |  0.67% |
|        32 |  2097152 |   1952x |   3.875 ms | 1.58% |   3.871 ms | 1.57% |  35.175 GB/s | 10.99% |
|        64 |  2097152 |    528x |   8.807 ms | 1.01% |   8.803 ms | 1.01% |  30.452 GB/s |  9.51% |
|       128 |  2097152 |     39x | 105.388 ms | 0.50% | 105.384 ms | 0.50% |   5.047 GB/s |  1.58% |
|       256 |  2097152 |     11x | 489.746 ms | 0.23% | 489.745 ms | 0.23% |   2.163 GB/s |  0.68% |

## contains

### [0] Tesla T4

| row_width | num_rows | hit_rate | pattern | chars_size | Samples |  CPU Time  | Noise |  GPU Time  | Noise |  Elem/s  | GlobalMem BW | BWUtil |
|-----------|----------|----------|---------|------------|---------|------------|-------|------------|-------|----------|--------------|--------|
|        32 |    32768 |       50 |       0 |     929199 |   2896x | 236.630 us | 3.40% | 232.627 us | 2.87% |   3.994G |   4.558 GB/s |  1.42% |
|        64 |    32768 |       50 |       0 |    1858398 |   1952x | 320.772 us | 2.04% | 316.793 us | 1.60% |   5.866G |   6.280 GB/s |  1.96% |
|       128 |    32768 |       50 |       0 |    3716796 |   1200x | 425.793 us | 1.28% | 421.757 us | 0.83% |   8.813G |   9.123 GB/s |  2.85% |
|       256 |    32768 |       50 |       0 |    7433592 |   1120x | 455.559 us | 1.17% | 451.573 us | 0.77% |  16.462G |  16.752 GB/s |  5.23% |
|        32 |   262144 |       50 |       0 |    7440101 |   1456x |   2.028 ms | 1.20% |   2.024 ms | 1.17% |   3.677G |   4.195 GB/s |  1.31% |
|        64 |   262144 |       50 |       0 |   14880202 |    544x |   2.895 ms | 0.93% |   2.891 ms | 0.91% |   5.148G |   5.511 GB/s |  1.72% |
|       128 |   262144 |       50 |       0 |   29760404 |    528x |   3.862 ms | 0.66% |   3.858 ms | 0.65% |   7.714G |   7.986 GB/s |  2.50% |
|       256 |   262144 |       50 |       0 |   59520808 |    147x |   4.215 ms | 0.51% |   4.211 ms | 0.50% |  14.135G |  14.384 GB/s |  4.49% |
|        32 |  2097152 |       50 |       0 |   59430294 |    976x |  13.764 ms | 1.00% |  13.759 ms | 1.00% |   4.319G |   4.929 GB/s |  1.54% |
|        64 |  2097152 |       50 |       0 |  118860588 |     27x |  18.556 ms | 0.39% |  18.550 ms | 0.38% |   6.407G |   6.860 GB/s |  2.14% |
|       128 |  2097152 |       50 |       0 |  237721176 |     19x |  26.415 ms | 0.27% |  26.410 ms | 0.27% |   9.001G |   9.319 GB/s |  2.91% |
|       256 |  2097152 |       50 |       0 |  475442352 |     17x |  30.008 ms | 0.23% |  30.002 ms | 0.23% |  15.847G |  16.126 GB/s |  5.04% |
|        32 |    32768 |      100 |       0 |    1048576 |   3104x | 165.907 us | 3.27% | 161.817 us | 1.97% |   6.480G |   7.290 GB/s |  2.28% |
|        64 |    32768 |      100 |       0 |    2097152 |   2080x | 245.111 us | 2.11% | 241.103 us | 1.25% |   8.698G |   9.242 GB/s |  2.89% |
|       128 |    32768 |      100 |       0 |    4194304 |   1296x | 392.971 us | 1.39% | 388.947 us | 0.90% |  10.784G |  11.121 GB/s |  3.47% |
|       256 |    32768 |      100 |       0 |    8388608 |   1184x | 430.030 us | 1.21% | 425.992 us | 0.74% |  19.692G |  20.000 GB/s |  6.25% |
|        32 |   262144 |      100 |       0 |    8388608 |   2080x |   1.337 ms | 1.23% |   1.333 ms | 1.17% |   6.295G |   7.082 GB/s |  2.21% |
|        64 |   262144 |      100 |       0 |   16777216 |    400x |   2.289 ms | 0.69% |   2.285 ms | 0.66% |   7.342G |   7.801 GB/s |  2.44% |
|       128 |   262144 |      100 |       0 |   33554432 |    143x |   3.523 ms | 0.31% |   3.519 ms | 0.28% |   9.535G |   9.833 GB/s |  3.07% |
|       256 |   262144 |      100 |       0 |   67108864 |    132x |   3.797 ms | 0.26% |   3.792 ms | 0.24% |  17.696G |  17.972 GB/s |  5.62% |
|        32 |  2097152 |      100 |       0 |   67108864 |   1392x |   9.287 ms | 1.25% |   9.282 ms | 1.25% |   7.230G |   8.133 GB/s |  2.54% |
|        64 |  2097152 |      100 |       0 |  134217728 |     35x |  16.474 ms | 0.50% |  16.470 ms | 0.50% |   8.149G |   8.659 GB/s |  2.71% |
|       128 |  2097152 |      100 |       0 |  268435456 |     18x |  28.078 ms | 0.13% |  28.072 ms | 0.13% |   9.562G |   9.861 GB/s |  3.08% |
|       256 |  2097152 |      100 |       0 |  536870912 |     17x |  30.305 ms | 0.12% |  30.300 ms | 0.12% |  17.718G |  17.995 GB/s |  5.62% |
|        32 |    32768 |       50 |       1 |     929199 |   1072x |   1.391 ms | 0.95% |   1.386 ms | 0.89% | 670.300M | 764.852 MB/s |  0.24% |
|        64 |    32768 |       50 |       1 |    1858398 |    528x |   3.767 ms | 0.56% |   3.762 ms | 0.54% | 493.938M | 528.775 MB/s |  0.17% |
|       128 |    32768 |       50 |       1 |    3716796 |     54x |   9.279 ms | 0.34% |   9.274 ms | 0.34% | 400.762M | 414.895 MB/s |  0.13% |
|       256 |    32768 |       50 |       1 |    7433592 |     28x |  19.837 ms | 0.50% |  19.832 ms | 0.50% | 374.829M | 381.438 MB/s |  0.12% |
|        32 |   262144 |       50 |       1 |    7440101 |    512x |  13.861 ms | 0.69% |  13.856 ms | 0.69% | 536.965M | 612.643 MB/s |  0.19% |
|        64 |   262144 |       50 |       1 |   14880202 |     14x |  38.183 ms | 0.50% |  38.176 ms | 0.50% | 389.777M | 417.243 MB/s |  0.13% |
|       128 |   262144 |       50 |       1 |   29760404 |     11x |  96.774 ms | 0.36% |  96.767 ms | 0.36% | 307.548M | 318.384 MB/s |  0.10% |
|       256 |   262144 |       50 |       1 |   59520808 |     11x | 200.291 ms | 0.36% | 200.284 ms | 0.36% | 297.182M | 302.417 MB/s |  0.09% |
|        32 |  2097152 |       50 |       1 |   59430294 |     11x |  93.649 ms | 0.46% |  93.643 ms | 0.46% | 634.649M | 724.230 MB/s |  0.23% |
|        64 |  2097152 |       50 |       1 |  118860588 |     11x | 272.015 ms | 0.29% | 272.008 ms | 0.29% | 436.974M | 467.813 MB/s |  0.15% |
|       128 |  2097152 |       50 |       1 |  237721176 |     11x | 705.205 ms | 0.24% | 705.200 ms | 0.24% | 337.098M | 348.993 MB/s |  0.11% |
|       256 |  2097152 |       50 |       1 |  475442352 |     10x |    1.503 s | 0.22% |    1.503 s | 0.22% | 316.326M | 321.907 MB/s |  0.10% |
|        32 |    32768 |      100 |       1 |    1048576 |    976x | 806.112 us | 2.78% | 801.748 us | 2.71% |   1.308G |   1.471 GB/s |  0.46% |
|        64 |    32768 |      100 |       1 |    2097152 |    240x |   2.090 ms | 0.53% |   2.085 ms | 0.48% |   1.006G |   1.069 GB/s |  0.33% |
|       128 |    32768 |      100 |       1 |    4194304 |     90x |   5.612 ms | 0.27% |   5.607 ms | 0.25% | 748.024M | 771.400 MB/s |  0.24% |
|       256 |    32768 |      100 |       1 |    8388608 |     43x |  11.794 ms | 0.20% |  11.789 ms | 0.20% | 711.567M | 722.685 MB/s |  0.23% |
|        32 |   262144 |      100 |       1 |    8388608 |   1072x |   7.249 ms | 0.74% |   7.244 ms | 0.74% |   1.158G |   1.303 GB/s |  0.41% |
|        64 |   262144 |      100 |       1 |   16777216 |     28x |  20.697 ms | 0.50% |  20.692 ms | 0.50% | 810.789M | 861.463 MB/s |  0.27% |
|       128 |   262144 |      100 |       1 |   33554432 |     11x |  56.875 ms | 0.23% |  56.869 ms | 0.23% | 590.033M | 608.472 MB/s |  0.19% |
|       256 |   262144 |      100 |       1 |   67108864 |     11x | 121.711 ms | 0.32% | 121.705 ms | 0.32% | 551.408M | 560.024 MB/s |  0.17% |
|        32 |  2097152 |      100 |       1 |   67108864 |    141x |  52.873 ms | 0.50% |  52.867 ms | 0.50% |   1.269G |   1.428 GB/s |  0.45% |
|        64 |  2097152 |      100 |       1 |  134217728 |     11x | 148.178 ms | 0.18% | 148.171 ms | 0.18% | 905.830M | 962.444 MB/s |  0.30% |
|       128 |  2097152 |      100 |       1 |  268435456 |     11x | 437.968 ms | 0.21% | 437.962 ms | 0.21% | 612.920M | 632.074 MB/s |  0.20% |
|       256 |  2097152 |      100 |       1 |  536870912 |     11x | 954.755 ms | 0.07% | 954.752 ms | 0.07% | 562.314M | 571.101 MB/s |  0.18% |
|        32 |    32768 |       50 |       2 |     929199 |   3920x | 131.718 us | 3.66% | 127.750 us | 1.88% |   7.274G |   8.300 GB/s |  2.59% |
|        64 |    32768 |       50 |       2 |    1858398 |   2176x | 234.851 us | 2.33% | 230.845 us | 1.52% |   8.050G |   8.618 GB/s |  2.69% |
|       128 |    32768 |       50 |       2 |    3716796 |   1168x | 432.615 us | 1.19% | 428.566 us | 0.68% |   8.673G |   8.978 GB/s |  2.81% |
|       256 |    32768 |       50 |       2 |    7433592 |   1232x | 683.108 us | 0.91% | 679.030 us | 0.68% |  10.947G |  11.140 GB/s |  3.48% |
|        32 |   262144 |       50 |       2 |    7440101 |    464x |   1.124 ms | 0.70% |   1.119 ms | 0.56% |   6.647G |   7.584 GB/s |  2.37% |
|        64 |   262144 |       50 |       2 |   14880202 |    464x |   1.917 ms | 0.72% |   1.913 ms | 0.69% |   7.779G |   8.327 GB/s |  2.60% |
|       128 |   262144 |       50 |       2 |   29760404 |    880x |   3.231 ms | 0.71% |   3.226 ms | 0.70% |   9.224G |   9.549 GB/s |  2.98% |
|       256 |   262144 |       50 |       2 |   59520808 |    640x |   5.233 ms | 0.71% |   5.229 ms | 0.71% |  11.383G |  11.583 GB/s |  3.62% |
|        32 |  2097152 |       50 |       2 |   59430294 |     64x |   7.895 ms | 0.34% |   7.890 ms | 0.33% |   7.532G |   8.595 GB/s |  2.69% |
|        64 |  2097152 |       50 |       2 |  118860588 |    400x |  12.595 ms | 0.59% |  12.590 ms | 0.59% |   9.441G |  10.107 GB/s |  3.16% |
|       128 |  2097152 |       50 |       2 |  237721176 |     23x |  21.771 ms | 0.39% |  21.766 ms | 0.39% |  10.922G |  11.307 GB/s |  3.53% |
|       256 |  2097152 |       50 |       2 |  475442352 |    128x |  36.093 ms | 0.53% |  36.087 ms | 0.53% |  13.175G |  13.407 GB/s |  4.19% |
|        32 |    32768 |      100 |       2 |    1048576 |   4208x | 123.185 us | 4.53% | 119.154 us | 2.91% |   8.800G |   9.900 GB/s |  3.09% |
|        64 |    32768 |      100 |       2 |    2097152 |   2704x | 189.456 us | 2.42% | 185.491 us | 1.10% |  11.306G |  12.013 GB/s |  3.75% |
|       128 |    32768 |      100 |       2 |    4194304 |   1680x | 303.370 us | 1.70% | 299.386 us | 0.95% |  14.010G |  14.448 GB/s |  4.51% |
|       256 |    32768 |      100 |       2 |    8388608 |   1552x | 326.377 us | 1.50% | 322.392 us | 0.84% |  26.020G |  26.427 GB/s |  8.26% |
|        32 |   262144 |      100 |       2 |    8388608 |   1248x | 939.514 us | 0.96% | 935.012 us | 0.82% |   8.972G |  10.093 GB/s |  3.15% |
|        64 |   262144 |      100 |       2 |   16777216 |    297x |   1.692 ms | 0.45% |   1.688 ms | 0.38% |   9.939G |  10.560 GB/s |  3.30% |
|       128 |   262144 |      100 |       2 |   33554432 |    195x |   2.570 ms | 0.32% |   2.566 ms | 0.27% |  13.077G |  13.485 GB/s |  4.21% |
|       256 |   262144 |      100 |       2 |   67108864 |    184x |   2.730 ms | 0.27% |   2.725 ms | 0.22% |  24.624G |  25.008 GB/s |  7.81% |
|        32 |  2097152 |      100 |       2 |   67108864 |   1216x |   6.682 ms | 0.79% |   6.677 ms | 0.79% |  10.050G |  11.306 GB/s |  3.53% |
|        64 |  2097152 |      100 |       2 |  134217728 |     39x |  13.008 ms | 0.19% |  13.003 ms | 0.19% |  10.322G |  10.967 GB/s |  3.43% |
|       128 |  2097152 |      100 |       2 |  268435456 |     25x |  20.216 ms | 0.08% |  20.212 ms | 0.07% |  13.281G |  13.696 GB/s |  4.28% |
|       256 |  2097152 |      100 |       2 |  536870912 |     24x |  21.576 ms | 0.13% |  21.571 ms | 0.12% |  24.889G |  25.278 GB/s |  7.90% |

## datetime

### [0] Tesla T4

|      DataType      | dir  | num_rows | Samples |  CPU Time  | Noise |  GPU Time  | Noise | GlobalMem BW | BWUtil |
|--------------------|------|----------|---------|------------|-------|------------|-------|--------------|--------|
|  cudf::timestamp_D |   to |    65536 |  10320x |  52.180 us | 9.30% |  48.478 us | 5.18% |  30.873 GB/s |  9.65% |
|  cudf::timestamp_D | from |    65536 |   5248x |  99.217 us | 4.89% |  95.365 us | 2.63% |  15.694 GB/s |  4.90% |
|  cudf::timestamp_D |   to |   262144 |   6320x |  83.044 us | 7.36% |  79.304 us | 5.57% |  75.586 GB/s | 23.62% |
|  cudf::timestamp_D | from |   262144 |   2160x | 262.399 us | 3.26% | 258.260 us | 2.82% |  23.210 GB/s |  7.25% |
|  cudf::timestamp_D |   to |  1048576 |   2304x | 223.935 us | 3.91% | 219.717 us | 3.37% | 109.148 GB/s | 34.10% |
|  cudf::timestamp_D | from |  1048576 |   1920x | 987.337 us | 1.26% | 982.995 us | 1.17% |  24.396 GB/s |  7.62% |
|  cudf::timestamp_D |   to |  4194304 |   2640x | 843.734 us | 2.85% | 839.297 us | 2.79% | 114.273 GB/s | 35.70% |
|  cudf::timestamp_D | from |  4194304 |   1648x |   3.872 ms | 1.34% |   3.868 ms | 1.33% |  24.797 GB/s |  7.75% |
|  cudf::timestamp_s |   to |    65536 |  10224x |  52.616 us | 9.09% |  48.905 us | 4.84% |  35.964 GB/s | 11.24% |
|  cudf::timestamp_s | from |    65536 |   5120x | 101.783 us | 4.59% |  97.878 us | 2.18% |  17.969 GB/s |  5.61% |
|  cudf::timestamp_s |   to |   262144 |   6000x |  87.185 us | 5.83% |  83.366 us | 3.58% |  84.482 GB/s | 26.40% |
|  cudf::timestamp_s | from |   262144 |   2000x | 285.898 us | 3.17% | 281.760 us | 2.79% |  24.996 GB/s |  7.81% |
|  cudf::timestamp_s |   to |  1048576 |   2128x | 240.230 us | 3.28% | 236.031 us | 2.72% | 119.374 GB/s | 37.30% |
|  cudf::timestamp_s | from |  1048576 |   1184x |   1.080 ms | 1.10% |   1.076 ms | 1.02% |  26.183 GB/s |  8.18% |
|  cudf::timestamp_s |   to |  4194304 |   1904x | 910.831 us | 2.46% | 906.378 us | 2.41% | 124.326 GB/s | 38.84% |
|  cudf::timestamp_s | from |  4194304 |   1840x |   4.242 ms | 1.42% |   4.238 ms | 1.41% |  26.590 GB/s |  8.31% |
| cudf::timestamp_ms |   to |    65536 |   7088x |  74.363 us | 6.55% |  70.653 us | 3.74% |  24.893 GB/s |  7.78% |
| cudf::timestamp_ms | from |    65536 |   5088x | 102.483 us | 4.65% |  98.571 us | 2.35% |  17.843 GB/s |  5.57% |
| cudf::timestamp_ms |   to |   262144 |   2944x | 174.860 us | 2.96% | 171.140 us | 1.98% |  41.153 GB/s | 12.86% |
| cudf::timestamp_ms | from |   262144 |   2416x | 291.041 us | 3.03% | 286.917 us | 2.65% |  24.547 GB/s |  7.67% |
| cudf::timestamp_ms |   to |  1048576 |    928x | 546.591 us | 1.14% | 542.617 us | 0.87% |  51.926 GB/s | 16.22% |
| cudf::timestamp_ms | from |  1048576 |   1568x |   1.091 ms | 1.55% |   1.086 ms | 1.50% |  25.933 GB/s |  8.10% |
| cudf::timestamp_ms |   to |  4194304 |    246x |   2.041 ms | 0.53% |   2.037 ms | 0.49% |  55.312 GB/s | 17.28% |
| cudf::timestamp_ms | from |  4194304 |    784x |   4.293 ms | 1.42% |   4.288 ms | 1.42% |  26.278 GB/s |  8.21% |
| cudf::timestamp_us |   to |    65536 |   6960x |  75.715 us | 6.23% |  71.999 us | 3.40% |  24.428 GB/s |  7.63% |
| cudf::timestamp_us | from |    65536 |   5072x | 102.517 us | 5.09% |  98.596 us | 3.05% |  17.838 GB/s |  5.57% |
| cudf::timestamp_us |   to |   262144 |   2928x | 174.955 us | 2.76% | 171.232 us | 1.67% |  41.131 GB/s | 12.85% |
| cudf::timestamp_us | from |   262144 |   2496x | 291.399 us | 3.26% | 287.261 us | 2.89% |  24.517 GB/s |  7.66% |
| cudf::timestamp_us |   to |  1048576 |   1008x | 548.088 us | 1.17% | 544.162 us | 0.92% |  51.778 GB/s | 16.18% |
| cudf::timestamp_us | from |  1048576 |   2144x |   1.094 ms | 1.99% |   1.090 ms | 1.95% |  25.847 GB/s |  8.08% |
| cudf::timestamp_us |   to |  4194304 |    246x |   2.041 ms | 0.53% |   2.037 ms | 0.50% |  55.315 GB/s | 17.28% |
| cudf::timestamp_us | from |  4194304 |    704x |   4.303 ms | 1.41% |   4.298 ms | 1.40% |  26.218 GB/s |  8.19% |
| cudf::timestamp_ns |   to |    65536 |   7136x |  73.947 us | 6.60% |  70.215 us | 3.82% |  25.049 GB/s |  7.83% |
| cudf::timestamp_ns | from |    65536 |   5104x | 101.861 us | 4.68% |  98.019 us | 2.49% |  17.943 GB/s |  5.61% |
| cudf::timestamp_ns |   to |   262144 |   2944x | 174.691 us | 3.18% | 170.955 us | 2.29% |  41.197 GB/s | 12.87% |
| cudf::timestamp_ns | from |   262144 |   2576x | 291.867 us | 3.19% | 287.715 us | 2.78% |  24.479 GB/s |  7.65% |
| cudf::timestamp_ns |   to |  1048576 |    928x | 547.377 us | 1.10% | 543.450 us | 0.82% |  51.846 GB/s | 16.20% |
| cudf::timestamp_ns | from |  1048576 |   1712x |   1.095 ms | 1.68% |   1.090 ms | 1.63% |  25.840 GB/s |  8.07% |
| cudf::timestamp_ns |   to |  4194304 |    246x |   2.039 ms | 0.51% |   2.035 ms | 0.47% |  55.371 GB/s | 17.30% |
| cudf::timestamp_ns | from |  4194304 |    912x |   4.310 ms | 1.41% |   4.305 ms | 1.40% |  26.175 GB/s |  8.18% |

## duration

### [0] Tesla T4

|     DataType      | dir  | num_rows | Samples |  CPU Time  | Noise  |  GPU Time  | Noise  | GlobalMem BW | BWUtil |
|-------------------|------|----------|---------|------------|--------|------------|--------|--------------|--------|
|  cudf::duration_D |   to |     1024 |  11600x |  46.854 us | 12.36% |  43.149 us |  8.70% | 488.238 MB/s |  0.15% |
|  cudf::duration_D | from |     1024 |  10912x |  49.612 us | 11.51% |  45.840 us |  7.97% | 446.770 MB/s |  0.14% |
|  cudf::duration_D |   to |    32768 |  11216x |  48.300 us | 10.15% |  44.613 us |  5.70% |  15.083 GB/s |  4.71% |
|  cudf::duration_D | from |    32768 |   8336x |  63.851 us |  9.56% |  60.047 us |  7.11% |  10.914 GB/s |  3.41% |
|  cudf::duration_D |   to |  1048576 |   2992x | 215.322 us |  4.41% | 211.170 us |  3.89% | 102.117 GB/s | 31.91% |
|  cudf::duration_D | from |  1048576 |   1232x | 647.664 us |  1.46% | 643.398 us |  1.29% |  32.595 GB/s | 10.18% |
|  cudf::duration_D |   to | 33554432 |   1312x |   6.486 ms |  1.60% |   6.482 ms |  1.60% | 106.441 GB/s | 33.26% |
|  cudf::duration_D | from | 33554432 |    608x |  19.886 ms |  1.00% |  19.881 ms |  1.00% |  33.755 GB/s | 10.55% |
|  cudf::duration_s |   to |     1024 |  11872x |  45.867 us | 10.32% |  42.171 us |  5.24% | 596.694 MB/s |  0.19% |
|  cudf::duration_s | from |     1024 |  10624x |  50.891 us | 12.52% |  47.090 us |  9.51% | 521.895 MB/s |  0.16% |
|  cudf::duration_s |   to |    32768 |  11040x |  49.039 us |  9.59% |  45.357 us |  5.00% |  17.726 GB/s |  5.54% |
|  cudf::duration_s | from |    32768 |   8064x |  65.902 us | 10.11% |  62.060 us |  7.90% |  12.672 GB/s |  3.96% |
|  cudf::duration_s |   to |  1048576 |   2992x | 214.507 us |  4.15% | 210.336 us |  3.58% | 122.463 GB/s | 38.26% |
|  cudf::duration_s | from |  1048576 |   1536x | 677.946 us |  2.00% | 673.679 us |  1.89% |  37.356 GB/s | 11.67% |
|  cudf::duration_s |   to | 33554432 |   1184x |   6.568 ms |  1.69% |   6.563 ms |  1.69% | 125.568 GB/s | 39.23% |
|  cudf::duration_s | from | 33554432 |    144x |  21.054 ms |  1.76% |  21.049 ms |  1.76% |  38.259 GB/s | 11.95% |
| cudf::duration_ms |   to |     1024 |  11024x |  49.147 us | 10.12% |  45.418 us |  5.66% | 643.421 MB/s |  0.20% |
| cudf::duration_ms | from |     1024 |  10272x |  52.493 us | 15.59% |  48.710 us | 13.44% | 504.533 MB/s |  0.16% |
| cudf::duration_ms |   to |    32768 |  10448x |  51.603 us |  9.02% |  47.917 us |  4.57% |  19.486 GB/s |  6.09% |
| cudf::duration_ms | from |    32768 |   7248x |  72.904 us |  9.23% |  69.073 us |  7.27% |  11.386 GB/s |  3.56% |
| cudf::duration_ms |   to |  1048576 |   3056x | 258.488 us |  4.97% | 254.277 us |  4.64% | 117.664 GB/s | 36.76% |
| cudf::duration_ms | from |  1048576 |   2112x | 900.371 us |  1.85% | 896.122 us |  1.79% |  28.083 GB/s |  8.77% |
| cudf::duration_ms |   to | 33554432 |   1488x |   7.956 ms |  1.75% |   7.951 ms |  1.74% | 120.390 GB/s | 37.61% |
| cudf::duration_ms | from | 33554432 |    528x |  27.968 ms |  0.77% |  27.963 ms |  0.77% |  28.799 GB/s |  9.00% |
| cudf::duration_us |   to |     1024 |  11328x |  49.451 us | 12.70% |  45.718 us |  9.58% | 705.962 MB/s |  0.22% |
| cudf::duration_us | from |     1024 |  10064x |  53.514 us | 11.97% |  49.709 us |  9.11% | 494.395 MB/s |  0.15% |
| cudf::duration_us |   to |    32768 |  10384x |  51.837 us |  9.22% |  48.152 us |  5.03% |  21.422 GB/s |  6.69% |
| cudf::duration_us | from |    32768 |   6672x |  78.852 us |  8.49% |  74.992 us |  6.64% |  10.487 GB/s |  3.28% |
| cudf::duration_us |   to |  1048576 |   2864x | 276.778 us |  4.81% | 272.565 us |  4.53% | 121.250 GB/s | 37.88% |
| cudf::duration_us | from |  1048576 |   2624x |   1.098 ms |  2.32% |   1.094 ms |  2.28% |  23.005 GB/s |  7.19% |
| cudf::duration_us |   to | 33554432 |   1750x |   8.544 ms |  1.76% |   8.540 ms |  1.76% | 123.812 GB/s | 38.68% |
| cudf::duration_us | from | 33554432 |    439x |  34.164 ms |  0.58% |  34.159 ms |  0.58% |  23.575 GB/s |  7.37% |
| cudf::duration_ns |   to |     1024 |  11280x |  48.039 us | 10.06% |  44.370 us |  5.57% | 796.094 MB/s |  0.25% |
| cudf::duration_ns | from |     1024 |  10048x |  53.571 us | 11.26% |  49.765 us |  8.18% | 493.843 MB/s |  0.15% |
| cudf::duration_ns |   to |    32768 |  10384x |  51.852 us | 11.39% |  48.170 us |  8.30% |  23.438 GB/s |  7.32% |
| cudf::duration_ns | from |    32768 |   6112x |  85.700 us |  7.41% |  81.867 us |  5.70% |   9.606 GB/s |  3.00% |
| cudf::duration_ns |   to |  1048576 |   2752x | 289.940 us |  4.61% | 285.692 us |  4.33% | 126.615 GB/s | 39.56% |
| cudf::duration_ns | from |  1048576 |   2624x |   1.321 ms |  2.12% |   1.317 ms |  2.09% |  19.105 GB/s |  5.97% |
| cudf::duration_ns |   to | 33554432 |   1632x |   9.036 ms |  2.24% |   9.031 ms |  2.24% | 128.142 GB/s | 40.04% |
| cudf::duration_ns | from | 33554432 |    363x |  41.311 ms |  0.80% |  41.305 ms |  0.80% |  19.496 GB/s |  6.09% |

## fixed_point

### [0] Tesla T4

| DataType  | dir  | num_rows | Samples |  CPU Time  | Noise  |  GPU Time  | Noise | GlobalMem BW | BWUtil |
|-----------|------|----------|---------|------------|--------|------------|-------|--------------|--------|
| decimal32 |   to |    65536 |   4224x | 122.363 us |  5.25% | 118.379 us | 3.93% |   7.968 GB/s |  2.49% |
| decimal32 | from |    65536 |  12352x |  44.202 us | 11.11% |  40.517 us | 6.17% |  23.279 GB/s |  7.27% |
| decimal32 |   to |   262144 |   2672x | 386.461 us |  2.84% | 382.295 us | 2.61% |   9.876 GB/s |  3.09% |
| decimal32 | from |   262144 |   7552x |  70.017 us |  7.07% |  66.263 us | 4.14% |  56.978 GB/s | 17.80% |
| decimal32 |   to |  1048576 |   2192x |   1.503 ms |  1.80% |   1.498 ms | 1.77% |  10.079 GB/s |  3.15% |
| decimal32 | from |  1048576 |   2560x | 200.052 us |  2.67% | 195.894 us | 1.57% |  77.100 GB/s | 24.09% |
| decimal32 |   to |  4194304 |    576x |   5.930 ms |  1.18% |   5.925 ms | 1.18% |  10.200 GB/s |  3.19% |
| decimal32 | from |  4194304 |   1632x | 773.413 us |  3.03% | 769.025 us | 2.96% |  78.584 GB/s | 24.55% |
| decimal64 |   to |    65536 |   2896x | 199.666 us |  5.47% | 195.628 us | 5.01% |   9.297 GB/s |  2.90% |
| decimal64 | from |    65536 |   9456x |  56.597 us |  8.42% |  52.883 us | 4.50% |  34.391 GB/s | 10.75% |
| decimal64 |   to |   262144 |   2800x | 683.022 us |  2.65% | 678.765 us | 2.56% |  10.728 GB/s |  3.35% |
| decimal64 | from |   262144 |   4496x | 115.480 us |  5.85% | 111.503 us | 4.61% |  65.303 GB/s | 20.40% |
| decimal64 |   to |  1048576 |   1168x |   2.667 ms |  1.21% |   2.662 ms | 1.19% |  10.944 GB/s |  3.42% |
| decimal64 | from |  1048576 |   2464x | 391.271 us |  2.10% | 387.034 us | 1.77% |  75.279 GB/s | 23.52% |
| decimal64 |   to |  4194304 |    608x |  10.615 ms |  1.04% |  10.610 ms | 1.03% |  10.986 GB/s |  3.43% |
| decimal64 | from |  4194304 |   1984x |   1.507 ms |  1.99% |   1.503 ms | 1.97% |  77.556 GB/s | 24.23% |

## numeric

### [0] Tesla T4

| NumericType | dir  | num_rows | Samples |  CPU Time  | Noise  |  GPU Time  | Noise | GlobalMem BW | BWUtil |
|-------------|------|----------|---------|------------|--------|------------|-------|--------------|--------|
|         F32 |   to |    65536 |   5296x |  98.343 us |  8.74% |  94.441 us | 7.56% |  13.373 GB/s |  4.18% |
|         F32 | from |    65536 |   6768x |  77.677 us |  5.70% |  74.004 us | 2.78% |  17.066 GB/s |  5.33% |
|         F32 |   to |   262144 |   2560x | 221.538 us |  2.44% | 217.321 us | 1.40% |  23.269 GB/s |  7.27% |
|         F32 | from |   262144 |   2960x | 173.100 us |  3.00% | 169.404 us | 2.05% |  29.850 GB/s |  9.33% |
|         F32 |   to |  1048576 |   1120x | 771.782 us |  3.34% | 767.751 us | 3.29% |  26.349 GB/s |  8.23% |
|         F32 | from |  1048576 |   2224x | 592.028 us |  1.77% | 588.249 us | 1.64% |  34.389 GB/s | 10.74% |
|         F32 |   to |  4194304 |   1696x |   3.023 ms |  0.93% |   3.019 ms | 0.92% |  26.800 GB/s |  8.37% |
|         F32 | from |  4194304 |   1456x |   2.271 ms |  1.26% |   2.267 ms | 1.25% |  35.688 GB/s | 11.15% |
|         F64 |   to |    65536 |   5472x |  95.409 us |  5.93% |  91.494 us | 3.98% |  17.362 GB/s |  5.42% |
|         F64 | from |    65536 |   6800x |  77.301 us |  6.49% |  73.572 us | 3.99% |  21.591 GB/s |  6.75% |
|         F64 |   to |   262144 |   2336x | 226.795 us |  2.58% | 222.812 us | 1.84% |  28.552 GB/s |  8.92% |
|         F64 | from |   262144 |   2992x | 171.383 us |  3.12% | 167.631 us | 2.13% |  37.951 GB/s | 11.86% |
|         F64 |   to |  1048576 |   1344x | 804.750 us |  5.38% | 800.618 us | 5.35% |  31.786 GB/s |  9.93% |
|         F64 | from |  1048576 |   2336x | 590.050 us |  1.41% | 586.294 us | 1.25% |  43.405 GB/s | 13.56% |
|         F64 |   to |  4194304 |   1392x |   3.062 ms |  1.08% |   3.058 ms | 1.07% |  33.283 GB/s | 10.40% |
|         F64 | from |  4194304 |   1904x |   2.281 ms |  1.07% |   2.277 ms | 1.06% |  44.689 GB/s | 13.96% |
|         I32 |   to |    65536 |   8544x |  62.404 us |  8.49% |  58.549 us | 5.21% |  14.783 GB/s |  4.62% |
|         I32 | from |    65536 |  14912x |  37.259 us | 12.78% |  33.560 us | 6.32% |  25.791 GB/s |  8.06% |
|         I32 |   to |   262144 |   5344x |  97.529 us |  4.80% |  93.599 us | 2.30% |  37.040 GB/s | 11.57% |
|         I32 | from |   262144 |  10592x |  54.097 us |  9.04% |  50.385 us | 5.08% |  68.809 GB/s | 21.50% |
|         I32 |   to |  1048576 |   2480x | 311.310 us |  4.40% | 307.070 us | 4.15% |  45.162 GB/s | 14.11% |
|         I32 | from |  1048576 |   4496x | 115.234 us |  4.26% | 111.223 us | 2.16% | 124.684 GB/s | 38.96% |
|         I32 |   to |  4194304 |   2048x |   1.195 ms |  3.02% |   1.190 ms | 3.00% |  46.588 GB/s | 14.56% |
|         I32 | from |  4194304 |   1648x | 367.357 us |  1.38% | 363.075 us | 0.71% | 152.750 GB/s | 47.72% |
|         I64 |   to |    65536 |   5728x |  91.299 us |  6.18% |  87.424 us | 4.18% |  20.116 GB/s |  6.28% |
|         I64 | from |    65536 |  13056x |  42.050 us | 11.87% |  38.303 us | 6.50% |  45.914 GB/s | 14.35% |
|         I64 |   to |   262144 |   2880x | 235.883 us |  3.82% | 231.726 us | 3.32% |  30.393 GB/s |  9.50% |
|         I64 | from |   262144 |   7408x |  71.312 us |  6.45% |  67.564 us | 3.23% | 104.240 GB/s | 32.57% |
|         I64 |   to |  1048576 |   2624x | 891.309 us |  3.60% | 886.882 us | 3.56% |  31.765 GB/s |  9.92% |
|         I64 | from |  1048576 |   2912x | 176.407 us |  2.86% | 172.173 us | 1.41% | 163.626 GB/s | 51.12% |
|         I64 |   to |  4194304 |    608x |   3.493 ms |  1.28% |   3.488 ms | 1.27% |  32.300 GB/s | 10.09% |
|         I64 | from |  4194304 |   1792x | 650.913 us |  2.35% | 646.268 us | 2.24% | 174.335 GB/s | 54.47% |
|          U8 |   to |    65536 |  10864x |  49.872 us | 13.15% |  46.053 us | 9.98% |   4.035 GB/s |  1.26% |
|          U8 | from |    65536 |  16320x |  34.408 us | 14.21% |  30.678 us | 7.17% |   6.057 GB/s |  1.89% |
|          U8 |   to |   262144 |   9280x |  57.743 us | 10.41% |  53.905 us | 7.51% |  13.825 GB/s |  4.32% |
|          U8 | from |   262144 |  12784x |  42.895 us | 11.23% |  39.141 us | 5.54% |  19.040 GB/s |  5.95% |
|          U8 |   to |  1048576 |   3248x | 158.329 us |  3.36% | 154.356 us | 2.11% |  19.316 GB/s |  6.04% |
|          U8 | from |  1048576 |   6768x |  77.759 us |  6.04% |  74.019 us | 3.23% |  40.282 GB/s | 12.59% |
|          U8 |   to |  4194304 |   2320x | 534.254 us |  1.58% | 530.120 us | 1.36% |  22.499 GB/s |  7.03% |
|          U8 | from |  4194304 |   2304x | 222.272 us |  2.27% | 218.241 us | 1.28% |  54.652 GB/s | 17.08% |
|         U16 |   to |    65536 |   9408x |  57.009 us | 10.06% |  53.183 us | 6.89% |   7.745 GB/s |  2.42% |
|         U16 | from |    65536 |  15680x |  35.642 us | 13.78% |  31.918 us | 7.14% |  12.906 GB/s |  4.03% |
|         U16 |   to |   262144 |   7056x |  74.709 us |  7.81% |  70.870 us | 5.51% |  23.285 GB/s |  7.28% |
|         U16 | from |   262144 |  11712x |  46.471 us | 11.85% |  42.715 us | 7.81% |  38.633 GB/s | 12.07% |
|         U16 |   to |  1048576 |   2496x | 204.753 us |  3.33% | 200.649 us | 2.57% |  32.891 GB/s | 10.28% |
|         U16 | from |  1048576 |   5808x |  90.049 us |  5.04% |  86.297 us | 2.50% |  76.474 GB/s | 23.89% |
|         U16 |   to |  4194304 |   2704x | 716.814 us |  2.13% | 712.367 us | 2.02% |  37.055 GB/s | 11.58% |
|         U16 | from |  4194304 |   2416x | 274.495 us |  2.65% | 270.374 us | 2.08% |  97.631 GB/s | 30.50% |

## copy

### [0] Tesla T4

| min_width | max_width | num_rows |   api   | Samples |  CPU Time  | Noise |  GPU Time  | Noise | GlobalMem BW | BWUtil |
|-----------|-----------|----------|---------|---------|------------|-------|------------|-------|--------------|--------|
|         0 |        32 |    32768 |  gather |   4432x | 117.075 us | 5.57% | 112.905 us | 4.08% |  10.333 GB/s |  3.23% |
|         0 |        64 |    32768 |  gather |   3984x | 129.833 us | 4.53% | 125.674 us | 3.04% |  17.535 GB/s |  5.48% |
|         0 |       128 |    32768 |  gather |   3728x | 138.379 us | 8.41% | 134.238 us | 7.78% |  31.845 GB/s |  9.95% |
|         0 |       256 |    32768 |  gather |   3600x | 143.130 us | 4.00% | 138.982 us | 2.63% |  60.563 GB/s | 18.92% |
|         0 |        32 |   262144 |  gather |   2016x | 287.658 us | 2.94% | 283.212 us | 2.46% |  32.641 GB/s | 10.20% |
|         0 |        64 |   262144 |  gather |   2544x | 440.743 us | 3.01% | 436.146 us | 2.80% |  39.974 GB/s | 12.49% |
|         0 |       128 |   262144 |  gather |    896x | 570.980 us | 1.49% | 566.399 us | 1.23% |  59.731 GB/s | 18.66% |
|         0 |       256 |   262144 |  gather |    816x | 624.986 us | 1.32% | 620.431 us | 1.09% | 107.334 GB/s | 33.54% |
|         0 |        32 |  2097152 |  gather |   1856x |   2.023 ms | 1.34% |   2.018 ms | 1.31% |  37.128 GB/s | 11.60% |
|         0 |        64 |  2097152 |  gather |    640x |   3.350 ms | 1.85% |   3.345 ms | 1.84% |  42.342 GB/s | 13.23% |
|         0 |       128 |  2097152 |  gather |    672x |   3.717 ms | 1.14% |   3.712 ms | 1.13% |  73.967 GB/s | 23.11% |
|         0 |       256 |  2097152 |  gather |    752x |   4.157 ms | 1.08% |   4.152 ms | 1.08% | 130.246 GB/s | 40.69% |
|         0 |        32 |    32768 | scatter |   3040x | 169.089 us | 5.47% | 164.798 us | 4.75% |   7.047 GB/s |  2.20% |
|         0 |        64 |    32768 | scatter |   2784x | 184.456 us | 4.75% | 180.212 us | 4.11% |  12.165 GB/s |  3.80% |
|         0 |       128 |    32768 | scatter |   2320x | 220.764 us | 2.91% | 216.600 us | 2.17% |  19.626 GB/s |  6.13% |
|         0 |       256 |    32768 | scatter |   1728x | 295.277 us | 2.02% | 291.099 us | 1.41% |  28.757 GB/s |  8.98% |
|         0 |        32 |   262144 | scatter |   1376x | 368.233 us | 2.05% | 363.942 us | 1.67% |  25.485 GB/s |  7.96% |
|         0 |        64 |   262144 | scatter |   1616x | 459.651 us | 2.13% | 455.290 us | 1.89% |  38.454 GB/s | 12.01% |
|         0 |       128 |   262144 | scatter |   1248x | 647.383 us | 1.31% | 642.803 us | 1.10% |  52.815 GB/s | 16.50% |
|         0 |       256 |   262144 | scatter |   2336x | 977.336 us | 1.19% | 972.793 us | 1.09% |  68.717 GB/s | 21.47% |
|         0 |        32 |  2097152 | scatter |   1216x |   2.004 ms | 1.12% |   1.999 ms | 1.09% |  37.082 GB/s | 11.59% |
|         0 |        64 |  2097152 | scatter |    880x |   2.736 ms | 1.03% |   2.731 ms | 1.01% |  51.230 GB/s | 16.01% |
|         0 |       128 |  2097152 | scatter |   1120x |   4.210 ms | 0.96% |   4.205 ms | 0.95% |  64.527 GB/s | 20.16% |
|         0 |       256 |  2097152 | scatter |     80x |   6.302 ms | 0.41% |   6.297 ms | 0.40% |  84.843 GB/s | 26.51% |

## copy_if_else

### [0] Tesla T4

| min_width | max_width | num_rows | Samples |  CPU Time  | Noise |  GPU Time  | Noise | GlobalMem BW | BWUtil |
|-----------|-----------|----------|---------|------------|-------|------------|-------|--------------|--------|
|         0 |        32 |    32768 |   4016x | 128.798 us | 7.47% | 124.885 us | 6.71% |   8.259 GB/s |  2.58% |
|         0 |        64 |    32768 |   3552x | 145.169 us | 4.86% | 141.217 us | 3.92% |  14.612 GB/s |  4.57% |
|         0 |       128 |    32768 |   2832x | 180.743 us | 3.78% | 176.813 us | 3.01% |  23.326 GB/s |  7.29% |
|         0 |       256 |    32768 |   2032x | 250.756 us | 2.99% | 246.806 us | 2.49% |  33.422 GB/s | 10.44% |
|         0 |        32 |   262144 |   1520x | 334.005 us | 1.93% | 330.040 us | 1.51% |  24.928 GB/s |  7.79% |
|         0 |        64 |   262144 |   1184x | 428.819 us | 1.74% | 424.657 us | 1.40% |  38.761 GB/s | 12.11% |
|         0 |       128 |   262144 |   1232x | 614.143 us | 1.26% | 609.867 us | 1.05% |  53.952 GB/s | 16.86% |
|         0 |       256 |   262144 |    816x | 925.628 us | 0.84% | 921.340 us | 0.69% |  71.422 GB/s | 22.31% |
|         0 |        32 |  2097152 |    880x |   1.925 ms | 0.90% |   1.920 ms | 0.86% |  34.243 GB/s | 10.70% |
|         0 |        64 |  2097152 |    784x |   2.640 ms | 0.89% |   2.635 ms | 0.87% |  49.925 GB/s | 15.60% |
|         0 |       128 |  2097152 |    672x |   4.119 ms | 1.38% |   4.114 ms | 1.38% |  63.913 GB/s | 19.97% |
|         0 |       256 |  2097152 |     87x |   6.086 ms | 0.51% |   6.081 ms | 0.50% |  86.486 GB/s | 27.02% |

## copy_range

### [0] Tesla T4

| min_width | max_width | num_rows | Samples |  CPU Time  | Noise |  GPU Time  | Noise | GlobalMem BW | BWUtil |
|-----------|-----------|----------|---------|------------|-------|------------|-------|--------------|--------|
|         0 |        32 |    32768 |   6768x |  77.929 us | 9.54% |  74.027 us | 7.79% |  14.183 GB/s |  4.43% |
|         0 |        64 |    32768 |   4464x | 116.130 us | 4.38% | 112.229 us | 2.55% |  18.699 GB/s |  5.84% |
|         0 |       128 |    32768 |   2432x | 210.206 us | 2.37% | 206.342 us | 1.44% |  20.343 GB/s |  6.36% |
|         0 |       256 |    32768 |   1936x | 601.981 us | 1.70% | 597.912 us | 1.54% |  14.042 GB/s |  4.39% |
|         0 |        32 |   262144 |   2688x | 190.016 us | 2.81% | 186.043 us | 1.79% |  44.941 GB/s | 14.04% |
|         0 |        64 |   262144 |   2272x | 476.544 us | 1.82% | 472.452 us | 1.60% |  35.373 GB/s | 11.05% |
|         0 |       128 |   262144 |    656x |   1.775 ms | 3.07% |   1.771 ms | 3.06% |  18.881 GB/s |  5.90% |
|         0 |       256 |   262144 |     26x |  26.704 ms | 0.50% |  26.699 ms | 0.50% |   2.505 GB/s |  0.78% |
|         0 |        32 |  2097152 |   2784x |   1.259 ms | 2.59% |   1.255 ms | 2.56% |  53.377 GB/s | 16.68% |
|         0 |        64 |  2097152 |    880x |   3.519 ms | 1.18% |   3.514 ms | 1.17% |  38.096 GB/s | 11.90% |
|         0 |       128 |  2097152 |    432x |  10.028 ms | 0.91% |  10.023 ms | 0.91% |  26.717 GB/s |  8.35% |
|         0 |       256 |  2097152 |     11x | 220.668 ms | 0.29% | 220.661 ms | 0.29% |   2.427 GB/s |  0.76% |

## count

### [0] Tesla T4

| min_width | max_width | num_rows | pattern | chars_size | Samples |  CPU Time  | Noise |  GPU Time  | Noise |  Elem/s  | GlobalMem BW | BWUtil |
|-----------|-----------|----------|---------|------------|---------|------------|-------|------------|-------|----------|--------------|--------|
|         0 |        32 |    32768 |       0 |     515699 |   1296x | 390.829 us | 3.29% | 386.747 us | 3.10% |   1.333G |   1.672 GB/s |  0.52% |
|         0 |        64 |    32768 |       0 |    1031725 |    624x | 829.755 us | 2.76% | 825.535 us | 2.71% |   1.250G |   1.409 GB/s |  0.44% |
|         0 |       128 |    32768 |       0 |    2062202 |    560x |   1.841 ms | 1.45% |   1.836 ms | 1.43% |   1.123G |   1.194 GB/s |  0.37% |
|         0 |       256 |    32768 |       0 |    4124375 |    576x |   4.324 ms | 0.95% |   4.320 ms | 0.94% | 954.766M | 985.108 MB/s |  0.31% |
|         0 |        32 |   262144 |       0 |    4113546 |   1312x |   2.682 ms | 1.36% |   2.677 ms | 1.34% |   1.537G |   1.928 GB/s |  0.60% |
|         0 |        64 |   262144 |       0 |    8230078 |    560x |   5.900 ms | 0.93% |   5.895 ms | 0.93% |   1.396G |   1.574 GB/s |  0.49% |
|         0 |       128 |   262144 |       0 |   16451869 |    528x |  14.137 ms | 0.73% |  14.131 ms | 0.72% |   1.164G |   1.238 GB/s |  0.39% |
|         0 |       256 |   262144 |       0 |   32901957 |    428x |  35.084 ms | 0.63% |  35.078 ms | 0.63% | 937.966M | 967.859 MB/s |  0.30% |
|         0 |        32 |  2097152 |       0 |   32879104 |    544x |  20.097 ms | 1.13% |  20.092 ms | 1.13% |   1.636G |   2.054 GB/s |  0.64% |
|         0 |        64 |  2097152 |       0 |   65771280 |    339x |  44.259 ms | 1.03% |  44.253 ms | 1.03% |   1.486G |   1.676 GB/s |  0.52% |
|         0 |       128 |  2097152 |       0 |  131478779 |    144x | 104.761 ms | 0.82% | 104.755 ms | 0.82% |   1.255G |   1.335 GB/s |  0.42% |
|         0 |       256 |  2097152 |       0 |  262946888 |     11x | 260.311 ms | 0.16% | 260.305 ms | 0.16% |   1.010G |   1.042 GB/s |  0.33% |
|         0 |        32 |    32768 |       1 |     515699 |   7568x |  69.977 us | 7.14% |  66.076 us | 3.87% |   7.805G |   9.788 GB/s |  3.06% |
|         0 |        64 |    32768 |       1 |    1031725 |   6144x |  85.432 us | 5.55% |  81.502 us | 2.60% |  12.659G |  14.267 GB/s |  4.46% |
|         0 |       128 |    32768 |       1 |    2062202 |   3360x | 152.852 us | 3.58% | 148.902 us | 2.32% |  13.849G |  14.730 GB/s |  4.60% |
|         0 |       256 |    32768 |       1 |    4124375 |   1664x | 393.167 us | 2.37% | 389.118 us | 2.12% |  10.599G |  10.936 GB/s |  3.42% |
|         0 |        32 |   262144 |       1 |    4113546 |   1888x | 269.211 us | 2.01% | 265.039 us | 1.22% |  15.521G |  19.477 GB/s |  6.09% |
|         0 |        64 |   262144 |       1 |    8230078 |   2272x | 399.063 us | 2.14% | 394.740 us | 1.82% |  20.849G |  23.506 GB/s |  7.34% |
|         0 |       128 |   262144 |       1 |   16451869 |   1456x | 847.947 us | 1.21% | 843.511 us | 1.09% |  19.504G |  20.747 GB/s |  6.48% |
|         0 |       256 |   262144 |       1 |   32901957 |    576x |   2.340 ms | 1.03% |   2.335 ms | 1.01% |  14.091G |  14.540 GB/s |  4.54% |
|         0 |        32 |  2097152 |       1 |   32879104 |    277x |   1.812 ms | 0.46% |   1.808 ms | 0.40% |  18.188G |  22.828 GB/s |  7.13% |
|         0 |        64 |  2097152 |       1 |   65771280 |    736x |   2.997 ms | 1.38% |   2.993 ms | 1.37% |  21.978G |  24.781 GB/s |  7.74% |
|         0 |       128 |  2097152 |       1 |  131478779 |   1264x |   6.461 ms | 0.68% |   6.456 ms | 0.68% |  20.365G |  21.664 GB/s |  6.77% |
|         0 |       256 |  2097152 |       1 |  262946888 |    112x |  17.705 ms | 1.34% |  17.699 ms | 1.34% |  14.856G |  15.330 GB/s |  4.79% |

## extract

### [0] Tesla T4

| row_width | num_rows | groups | chars_size | Samples |  CPU Time  | Noise |  GPU Time  | Noise |  Elem/s  | GlobalMem BW | BWUtil |
|-----------|----------|--------|------------|---------|------------|-------|------------|-------|----------|--------------|--------|
|        32 |    32768 |      1 |    1094626 |   1680x | 303.432 us | 5.35% | 299.501 us | 5.17% |   3.655G |   7.310 GB/s |  2.28% |
|        64 |    32768 |      1 |    2144689 |   1440x | 351.174 us | 3.66% | 347.236 us | 3.48% |   6.176G |  12.353 GB/s |  3.86% |
|       128 |    32768 |      1 |    4243702 |    960x | 526.186 us | 3.07% | 522.290 us | 2.98% |   8.125G |  16.250 GB/s |  5.08% |
|       256 |    32768 |      1 |    8433788 |    768x | 662.996 us | 3.04% | 659.041 us | 2.97% |  12.797G |  25.594 GB/s |  8.00% |
|        32 |   262144 |      1 |    8754831 |   1680x |   1.651 ms | 2.44% |   1.647 ms | 2.42% |   5.316G |  10.633 GB/s |  3.32% |
|        64 |   262144 |      1 |   17156648 |    592x |   2.006 ms | 1.38% |   2.002 ms | 1.37% |   8.571G |  17.142 GB/s |  5.36% |
|       128 |   262144 |      1 |   33947304 |    576x |   2.920 ms | 0.78% |   2.916 ms | 0.77% |  11.642G |  23.284 GB/s |  7.27% |
|       256 |   262144 |      1 |   67474849 |    592x |   3.835 ms | 0.74% |   3.831 ms | 0.73% |  17.615G |  35.230 GB/s | 11.01% |
|        32 |  2097152 |      1 |   70041468 |    640x |  12.125 ms | 1.26% |  12.120 ms | 1.26% |   5.779G |  11.558 GB/s |  3.61% |
|        64 |  2097152 |      1 |  137255982 |     34x |  15.149 ms | 0.14% |  15.144 ms | 0.14% |   9.063G |  18.126 GB/s |  5.66% |
|       128 |  2097152 |      1 |  271580434 |    129x |  22.244 ms | 0.50% |  22.240 ms | 0.50% |  12.211G |  24.423 GB/s |  7.63% |
|       256 |  2097152 |      1 |  539786585 |    208x |  28.787 ms | 0.74% |  28.783 ms | 0.74% |  18.754G |  37.507 GB/s | 11.72% |
|        32 |    32768 |      2 |    1094626 |   1136x | 912.101 us | 3.06% | 908.090 us | 3.03% |   1.205G |   2.411 GB/s |  0.75% |
|        64 |    32768 |      2 |    2144689 |    496x |   1.026 ms | 2.75% |   1.022 ms | 2.72% |   2.098G |   4.196 GB/s |  1.31% |
|       128 |    32768 |      2 |    4243702 |    544x |   1.435 ms | 1.81% |   1.431 ms | 1.79% |   2.965G |   5.931 GB/s |  1.85% |
|       256 |    32768 |      2 |    8433788 |    304x |   1.692 ms | 4.00% |   1.688 ms | 4.00% |   4.995G |   9.991 GB/s |  3.12% |
|        32 |   262144 |      2 |    8754831 |   1408x |   5.449 ms | 1.87% |   5.445 ms | 1.87% |   1.608G |   3.216 GB/s |  1.00% |
|        64 |   262144 |      2 |   17156648 |    544x |   6.342 ms | 1.33% |   6.338 ms | 1.33% |   2.707G |   5.414 GB/s |  1.69% |
|       128 |   262144 |      2 |   33947304 |    480x |   8.601 ms | 0.59% |   8.597 ms | 0.58% |   3.949G |   7.898 GB/s |  2.47% |
|       256 |   262144 |      2 |   67474849 |    592x |  10.428 ms | 0.66% |  10.424 ms | 0.66% |   6.473G |  12.947 GB/s |  4.04% |
|        32 |  2097152 |      2 |   70041468 |     19x |  41.208 ms | 0.50% |  41.204 ms | 0.50% |   1.700G |   3.400 GB/s |  1.06% |
|        64 |  2097152 |      2 |  137255982 |     11x |  49.334 ms | 0.46% |  49.329 ms | 0.46% |   2.782G |   5.565 GB/s |  1.74% |
|       128 |  2097152 |      2 |  271580434 |     11x |  67.105 ms | 0.14% |  67.101 ms | 0.14% |   4.047G |   8.095 GB/s |  2.53% |
|       256 |  2097152 |      2 |  539786585 |     11x |  80.394 ms | 0.27% |  80.390 ms | 0.27% |   6.715G |  13.429 GB/s |  4.20% |
|        32 |    32768 |      4 |    1094626 |   1104x |   3.465 ms | 2.38% |   3.461 ms | 2.38% | 316.267M | 632.533 MB/s |  0.20% |
|        64 |    32768 |      4 |    2144689 |    672x |   3.808 ms | 1.80% |   3.804 ms | 1.80% | 563.772M |   1.128 GB/s |  0.35% |
|       128 |    32768 |      4 |    4243702 |    528x |   4.782 ms | 3.10% |   4.778 ms | 3.10% | 888.268M |   1.777 GB/s |  0.56% |
|       256 |    32768 |      4 |    8433788 |    528x |   5.475 ms | 2.63% |   5.471 ms | 2.63% |   1.542G |   3.083 GB/s |  0.96% |
|        32 |   262144 |      4 |    8754831 |    576x |  21.961 ms | 1.70% |  21.957 ms | 1.70% | 398.727M | 797.454 MB/s |  0.25% |
|        64 |   262144 |      4 |   17156648 |    336x |  24.764 ms | 1.25% |  24.760 ms | 1.25% | 692.927M |   1.386 GB/s |  0.43% |
|       128 |   262144 |      4 |   33947304 |     17x |  30.889 ms | 0.41% |  30.884 ms | 0.41% |   1.099G |   2.198 GB/s |  0.69% |
|       256 |   262144 |      4 |   67474849 |     15x |  34.850 ms | 0.45% |  34.846 ms | 0.45% |   1.936G |   3.873 GB/s |  1.21% |
|        32 |  2097152 |      4 |   70041468 |     11x | 169.321 ms | 0.24% | 169.318 ms | 0.24% | 413.669M | 827.338 MB/s |  0.26% |
|        64 |  2097152 |      4 |  137255982 |     11x | 192.364 ms | 0.13% | 192.360 ms | 0.13% | 713.535M |   1.427 GB/s |  0.45% |
|       128 |  2097152 |      4 |  271580434 |     11x | 239.144 ms | 0.14% | 239.141 ms | 0.14% |   1.136G |   2.271 GB/s |  0.71% |
|       256 |  2097152 |      4 |  539786585 |     11x | 271.020 ms | 0.12% | 271.017 ms | 0.12% |   1.992G |   3.983 GB/s |  1.24% |

## factory

### [0] Tesla T4

| min_width | max_width | num_rows | Samples |  CPU Time  | Noise |  GPU Time  | Noise | GlobalMem BW | BWUtil |
|-----------|-----------|----------|---------|------------|-------|------------|-------|--------------|--------|
|         0 |        32 |    32768 |   5808x |  90.146 us | 6.64% |  86.235 us | 4.73% |  12.045 GB/s |  3.76% |
|         0 |        64 |    32768 |   4864x | 106.890 us | 5.85% | 103.008 us | 4.39% |  20.149 GB/s |  6.30% |
|         0 |       128 |    32768 |   3616x | 142.186 us | 3.51% | 138.332 us | 2.12% |  30.016 GB/s |  9.38% |
|         0 |       256 |    32768 |   2384x | 213.687 us | 2.46% | 209.752 us | 1.58% |  39.580 GB/s | 12.37% |
|         0 |        32 |   262144 |   2080x | 245.065 us | 2.93% | 241.055 us | 2.39% |  34.613 GB/s | 10.81% |
|         0 |        64 |   262144 |   1552x | 346.065 us | 1.95% | 341.866 us | 1.49% |  48.772 GB/s | 15.24% |
|         0 |       128 |   262144 |   1760x | 536.336 us | 1.43% | 531.992 us | 1.17% |  62.688 GB/s | 19.59% |
|         0 |       256 |   262144 |   1216x | 852.646 us | 0.94% | 848.353 us | 0.79% |  78.601 GB/s | 24.56% |
|         0 |        32 |  2097152 |   1712x |   1.499 ms | 1.32% |   1.495 ms | 1.29% |  44.733 GB/s | 13.98% |
|         0 |        64 |  2097152 |   1248x |   2.260 ms | 1.28% |   2.255 ms | 1.26% |  59.256 GB/s | 18.51% |
|         0 |       128 |  2097152 |    784x |   3.788 ms | 1.33% |   3.783 ms | 1.32% |  70.654 GB/s | 22.07% |
|         0 |       256 |  2097152 |    274x |   5.795 ms | 0.51% |   5.790 ms | 0.50% |  92.298 GB/s | 28.84% |

## filter

### [0] Tesla T4

| min_width | max_width | num_rows |  api   | Samples |  CPU Time  | Noise |  GPU Time  | Noise | GlobalMem BW | BWUtil |
|-----------|-----------|----------|--------|---------|------------|-------|------------|-------|--------------|--------|
|         0 |        32 |    32768 | filter |   4544x | 114.279 us | 7.14% | 110.340 us | 6.06% |   9.351 GB/s |  2.92% |
|         0 |        64 |    32768 | filter |   2832x | 180.918 us | 3.33% | 177.069 us | 2.51% |  11.650 GB/s |  3.64% |
|         0 |       128 |    32768 | filter |   2448x | 395.636 us | 2.02% | 391.593 us | 1.71% |  10.549 GB/s |  3.30% |
|         0 |       256 |    32768 | filter |    148x |   3.386 ms | 0.46% |   3.382 ms | 0.44% |   2.444 GB/s |  0.76% |
|         0 |        32 |   262144 | filter |   2640x | 443.016 us | 3.00% | 438.753 us | 2.81% |  18.883 GB/s |  5.90% |
|         0 |        64 |   262144 | filter |   1040x | 924.870 us | 1.98% | 920.479 us | 1.91% |  18.002 GB/s |  5.62% |
|         0 |       128 |   262144 | filter |    576x |   3.001 ms | 1.00% |   2.997 ms | 0.98% |  11.072 GB/s |  3.46% |
|         0 |       256 |   262144 | filter |     17x |  30.445 ms | 0.28% |  30.440 ms | 0.28% |   2.180 GB/s |  0.68% |
|         0 |        32 |  2097152 | filter |   1744x |   3.343 ms | 2.31% |   3.338 ms | 2.31% |  19.887 GB/s |  6.21% |
|         0 |        64 |  2097152 | filter |    560x |   7.020 ms | 1.25% |   7.015 ms | 1.24% |  18.932 GB/s |  5.92% |
|         0 |       128 |  2097152 | filter |    544x |  20.115 ms | 1.41% |  20.110 ms | 1.41% |  13.222 GB/s |  4.13% |
|         0 |       256 |  2097152 | filter |     11x | 245.915 ms | 0.13% | 245.909 ms | 0.12% |   2.163 GB/s |  0.68% |
|         0 |        32 |    32768 |  chars |   4576x | 113.299 us | 5.62% | 109.426 us | 4.32% |   9.493 GB/s |  2.97% |
|         0 |        64 |    32768 |  chars |   3168x | 162.110 us | 2.89% | 158.289 us | 1.59% |  13.112 GB/s |  4.10% |
|         0 |       128 |    32768 |  chars |   1808x | 280.519 us | 1.73% | 276.567 us | 0.93% |  15.013 GB/s |  4.69% |
|         0 |       256 |    32768 |  chars |   1968x | 730.550 us | 1.77% | 726.355 us | 1.67% |  11.430 GB/s |  3.57% |
|         0 |        32 |   262144 |  chars |   1328x | 387.442 us | 2.08% | 383.239 us | 1.75% |  21.771 GB/s |  6.80% |
|         0 |        64 |   262144 |  chars |   1136x | 699.874 us | 1.38% | 695.559 us | 1.22% |  23.971 GB/s |  7.49% |
|         0 |       128 |   262144 |  chars |   1328x |   1.522 ms | 1.07% |   1.518 ms | 1.03% |  21.971 GB/s |  6.86% |
|         0 |       256 |   262144 |  chars |    928x |   5.209 ms | 1.63% |   5.204 ms | 1.63% |  12.814 GB/s |  4.00% |
|         0 |        32 |  2097152 |  chars |   1216x |   2.756 ms | 1.34% |   2.752 ms | 1.33% |  24.300 GB/s |  7.59% |
|         0 |        64 |  2097152 |  chars |    544x |   5.113 ms | 1.10% |   5.108 ms | 1.09% |  26.159 GB/s |  8.17% |
|         0 |       128 |  2097152 |  chars |     96x |  11.329 ms | 1.15% |  11.324 ms | 1.15% |  23.601 GB/s |  7.37% |
|         0 |       256 |  2097152 |  chars |    384x |  39.097 ms | 1.17% |  39.092 ms | 1.17% |  13.671 GB/s |  4.27% |
|         0 |        32 |    32768 |  strip |   4096x | 126.061 us | 5.64% | 122.149 us | 4.61% |   8.476 GB/s |  2.65% |
|         0 |        64 |    32768 |  strip |   3584x | 143.512 us | 4.00% | 139.589 us | 2.79% |  14.844 GB/s |  4.64% |
|         0 |       128 |    32768 |  strip |   2672x | 196.370 us | 5.32% | 192.445 us | 4.86% |  21.555 GB/s |  6.73% |
|         0 |       256 |    32768 |  strip |   1648x | 307.402 us | 1.87% | 303.510 us | 1.35% |  27.339 GB/s |  8.54% |
|         0 |        32 |   262144 |  strip |   1520x | 334.831 us | 1.94% | 330.807 us | 1.50% |  25.141 GB/s |  7.86% |
|         0 |        64 |   262144 |  strip |   2160x | 455.886 us | 2.46% | 451.719 us | 2.29% |  36.848 GB/s | 11.51% |
|         0 |       128 |   262144 |  strip |    832x | 763.561 us | 1.56% | 759.251 us | 1.45% |  43.885 GB/s | 13.71% |
|         0 |       256 |   262144 |  strip |   1072x |   1.435 ms | 0.93% |   1.431 ms | 0.88% |  46.572 GB/s | 14.55% |
|         0 |        32 |  2097152 |  strip |   1440x |   1.991 ms | 1.10% |   1.986 ms | 1.07% |  33.559 GB/s | 10.49% |
|         0 |        64 |  2097152 |  strip |    752x |   2.998 ms | 1.09% |   2.993 ms | 1.07% |  44.570 GB/s | 13.93% |
|         0 |       128 |  2097152 |  strip |    544x |   5.370 ms | 1.00% |   5.366 ms | 0.99% |  49.766 GB/s | 15.55% |
|         0 |       256 |  2097152 |  strip |    528x |  10.223 ms | 1.29% |  10.219 ms | 1.29% |  52.271 GB/s | 16.33% |

## find_string

### [0] Tesla T4

| max_width | num_rows | hit_rate |     api     | target | chars_size | Samples |  CPU Time  | Noise  |  GPU Time  | Noise  |  Elem/s  | GlobalMem BW | BWUtil  |
|-----------|----------|----------|-------------|--------|------------|---------|------------|--------|------------|--------|----------|--------------|---------|
|        32 |    32768 |       20 |        find | scalar |     857235 |   9440x |  56.774 us |  9.14% |  53.038 us |  5.65% |  16.163G |  18.634 GB/s |   5.82% |
|        64 |    32768 |       20 |        find | scalar |    1714470 |   5120x | 101.630 us |  4.63% |  97.943 us |  2.65% |  17.505G |  18.843 GB/s |   5.89% |
|       128 |    32768 |       20 |        find | scalar |    3428940 |   2912x | 210.737 us |  3.16% | 206.762 us |  2.43% |  16.584G |  17.218 GB/s |   5.38% |
|       256 |    32768 |       20 |        find | scalar |    6857880 |   2352x | 271.724 us |  2.45% | 267.673 us |  1.90% |  25.620G |  26.110 GB/s |   8.16% |
|        32 |   262144 |       20 |        find | scalar |    6867173 |   3488x | 147.464 us |  3.15% | 143.608 us |  1.62% |  47.819G |  55.120 GB/s |  17.22% |
|        64 |   262144 |       20 |        find | scalar |   13734346 |   1264x | 400.267 us |  1.53% | 396.542 us |  1.20% |  34.635G |  37.280 GB/s |  11.65% |
|       128 |   262144 |       20 |        find | scalar |   27468692 |   1792x |   1.467 ms |  1.25% |   1.462 ms |  1.21% |  18.783G |  19.500 GB/s |   6.09% |
|       256 |   262144 |       20 |        find | scalar |   54937384 |   1152x |   1.963 ms |  1.03% |   1.959 ms |  1.01% |  28.050G |  28.585 GB/s |   8.93% |
|        32 |  2097152 |       20 |        find | scalar |   54826394 |    704x | 964.861 us |  1.26% | 960.860 us |  1.19% |  57.060G |  65.790 GB/s |  20.56% |
|        64 |  2097152 |       20 |        find | scalar |  109652788 |   1824x |   2.841 ms |  1.17% |   2.837 ms |  1.16% |  38.649G |  41.606 GB/s |  13.00% |
|       128 |  2097152 |       20 |        find | scalar |  219305576 |    752x |  11.590 ms |  0.78% |  11.586 ms |  0.77% |  18.929G |  19.653 GB/s |   6.14% |
|       256 |  2097152 |       20 |        find | scalar |  438611152 |    528x |  15.432 ms |  0.75% |  15.427 ms |  0.75% |  28.431G |  28.974 GB/s |   9.05% |
|        32 |    32768 |       80 |        find | scalar |    1003512 |   8992x |  59.339 us |  8.38% |  55.648 us |  5.06% |  18.033G |  20.388 GB/s |   6.37% |
|        64 |    32768 |       80 |        find | scalar |    2007024 |   5408x |  96.334 us |  5.66% |  92.627 us |  3.93% |  21.668G |  23.083 GB/s |   7.21% |
|       128 |    32768 |       80 |        find | scalar |    4014048 |   2272x | 255.964 us |  2.41% | 251.975 us |  1.81% |  15.930G |  16.450 GB/s |   5.14% |
|       256 |    32768 |       80 |        find | scalar |    8028096 |   1584x | 320.893 us |  1.80% | 316.792 us |  1.20% |  25.342G |  25.756 GB/s |   8.05% |
|        32 |   262144 |       80 |        find | scalar |    8007910 |   3056x | 167.770 us |  3.59% | 164.052 us |  2.74% |  48.813G |  55.205 GB/s |  17.25% |
|        64 |   262144 |       80 |        find | scalar |   16015820 |   1520x | 333.987 us |  1.48% | 330.334 us |  0.99% |  48.484G |  51.658 GB/s |  16.14% |
|       128 |   262144 |       80 |        find | scalar |   32031640 |   1968x |   1.829 ms |  1.30% |   1.825 ms |  1.28% |  17.555G |  18.130 GB/s |   5.66% |
|       256 |   262144 |       80 |        find | scalar |   64063280 |    816x |   2.377 ms |  1.18% |   2.372 ms |  1.15% |  27.005G |  27.447 GB/s |   8.58% |
|        32 |  2097152 |       80 |        find | scalar |   64035770 |   1472x |   1.099 ms |  1.28% |   1.095 ms |  1.23% |  58.457G |  66.115 GB/s |  20.66% |
|        64 |  2097152 |       80 |        find | scalar |  128071540 |   2368x |   2.194 ms |  1.24% |   2.190 ms |  1.22% |  58.471G |  62.301 GB/s |  19.47% |
|       128 |  2097152 |       80 |        find | scalar |  256143080 |    896x |  14.515 ms |  0.85% |  14.510 ms |  0.85% |  17.653G |  18.231 GB/s |   5.70% |
|       256 |  2097152 |       80 |        find | scalar |  512286160 |    544x |  18.780 ms |  0.69% |  18.775 ms |  0.69% |  27.286G |  27.733 GB/s |   8.66% |
|        32 |    32768 |       20 |    contains | scalar |     857235 |  10192x |  52.781 us |  9.53% |  49.088 us |  5.74% |  17.463G |  18.131 GB/s |   5.66% |
|        64 |    32768 |       20 |    contains | scalar |    1714470 |   6576x |  79.754 us |  5.80% |  76.045 us |  3.08% |  22.545G |  22.976 GB/s |   7.18% |
|       128 |    32768 |       20 |    contains | scalar |    3428940 |   4896x | 106.149 us |  4.46% | 102.284 us |  2.29% |  33.524G |  33.844 GB/s |  10.57% |
|       256 |    32768 |       20 |    contains | scalar |    6857880 |   3520x | 146.581 us |  4.22% | 142.241 us |  2.73% |  48.213G |  48.444 GB/s |  15.14% |
|        32 |   262144 |       20 |    contains | scalar |    6867173 |   4688x | 110.847 us |  4.39% | 106.999 us |  2.42% |  64.180G |  66.630 GB/s |  20.82% |
|        64 |   262144 |       20 |    contains | scalar |   13734346 |   1936x | 263.805 us |  2.01% | 259.859 us |  1.25% |  52.853G |  53.862 GB/s |  16.83% |
|       128 |   262144 |       20 |    contains | scalar |   27468692 |   2624x | 607.589 us |  2.03% | 603.320 us |  1.89% |  45.529G |  45.964 GB/s |  14.36% |
|       256 |   262144 |       20 |    contains | scalar |   54937384 |   1760x | 937.615 us |  1.63% | 933.096 us |  1.53% |  58.876G |  59.157 GB/s |  18.48% |
|        32 |  2097152 |       20 |    contains | scalar |   54826394 |    880x | 648.188 us |  1.40% | 644.038 us |  1.23% |  85.129G |  88.385 GB/s |  27.61% |
|        64 |  2097152 |       20 |    contains | scalar |  109652788 |   1792x |   1.764 ms |  1.51% |   1.760 ms |  1.50% |  62.305G |  63.497 GB/s |  19.84% |
|       128 |  2097152 |       20 |    contains | scalar |  219305576 |    848x |   4.648 ms |  1.01% |   4.644 ms |  1.01% |  47.226G |  47.678 GB/s |  14.90% |
|       256 |  2097152 |       20 |    contains | scalar |  438611152 |    688x |   7.361 ms |  1.63% |   7.356 ms |  1.62% |  59.625G |  59.910 GB/s |  18.72% |
|        32 |    32768 |       80 |    contains | scalar |    1003512 |   9920x |  54.130 us | 10.01% |  50.414 us |  6.63% |  19.905G |  20.555 GB/s |   6.42% |
|        64 |    32768 |       80 |    contains | scalar |    2007024 |   6560x |  79.977 us |  5.75% |  76.275 us |  3.03% |  26.313G |  26.743 GB/s |   8.36% |
|       128 |    32768 |       80 |    contains | scalar |    4014048 |   4656x | 111.361 us |  4.30% | 107.477 us |  2.29% |  37.348G |  37.653 GB/s |  11.76% |
|       256 |    32768 |       80 |    contains | scalar |    8028096 |   3408x | 151.073 us |  3.83% | 147.029 us |  2.58% |  54.602G |  54.825 GB/s |  17.13% |
|        32 |   262144 |       80 |    contains | scalar |    8007910 |   4192x | 123.376 us |  4.01% | 119.573 us |  2.42% |  66.971G |  69.163 GB/s |  21.61% |
|        64 |   262144 |       80 |    contains | scalar |   16015820 |   2224x | 228.785 us |  2.32% | 224.965 us |  1.55% |  71.192G |  72.358 GB/s |  22.61% |
|       128 |   262144 |       80 |    contains | scalar |   32031640 |   2608x | 655.638 us |  2.39% | 651.333 us |  2.29% |  49.179G |  49.581 GB/s |  15.49% |
|       256 |   262144 |       80 |    contains | scalar |   64063280 |   1008x | 996.319 us |  2.16% | 991.838 us |  2.10% |  64.590G |  64.855 GB/s |  20.26% |
|        32 |  2097152 |       80 |    contains | scalar |   64035770 |   2160x | 738.092 us |  1.96% | 734.151 us |  1.89% |  87.224G |  90.081 GB/s |  28.14% |
|        64 |  2097152 |       80 |    contains | scalar |  128071540 |   1760x |   1.415 ms |  1.24% |   1.412 ms |  1.20% |  90.731G |  92.217 GB/s |  28.81% |
|       128 |  2097152 |       80 |    contains | scalar |  256143080 |   1152x |   5.047 ms |  1.28% |   5.043 ms |  1.28% |  50.797G |  51.213 GB/s |  16.00% |
|       256 |  2097152 |       80 |    contains | scalar |  512286160 |    736x |   7.862 ms |  1.14% |   7.857 ms |  1.14% |  65.197G |  65.464 GB/s |  20.45% |
|        32 |    32768 |       20 | starts_with | scalar |     857235 |  14864x |  37.412 us | 14.88% |  33.651 us |  9.71% |  25.474G |  26.448 GB/s |   8.26% |
|        64 |    32768 |       20 | starts_with | scalar |    1714470 |  11920x |  45.684 us | 10.17% |  41.984 us |  4.93% |  40.836G |  41.616 GB/s |  13.00% |
|       128 |    32768 |       20 | starts_with | scalar |    3428940 |  10944x |  49.432 us | 10.19% |  45.738 us |  6.09% |  74.969G |  75.685 GB/s |  23.65% |
|       256 |    32768 |       20 | starts_with | scalar |    6857880 |  10672x |  50.567 us |  9.65% |  46.858 us |  5.35% | 146.354G | 147.053 GB/s |  45.94% |
|        32 |   262144 |       20 | starts_with | scalar |    6867173 |   7104x |  74.115 us |  6.22% |  70.426 us |  3.30% |  97.508G | 101.231 GB/s |  31.63% |
|        64 |   262144 |       20 | starts_with | scalar |   13734346 |   4832x | 107.362 us |  5.62% | 103.625 us |  4.29% | 132.539G | 135.069 GB/s |  42.20% |
|       128 |   262144 |       20 | starts_with | scalar |   27468692 |   4592x | 113.015 us |  3.96% | 109.246 us |  1.93% | 251.439G | 253.839 GB/s |  79.31% |
|       256 |   262144 |       20 | starts_with | scalar |   54937384 |   4304x | 120.183 us |  3.96% | 116.381 us |  2.17% | 472.048G | 474.301 GB/s | 148.19% |
|        32 |  2097152 |       20 | starts_with | scalar |   54826394 |   1824x | 295.164 us |  1.62% | 291.379 us |  0.94% | 188.162G | 195.359 GB/s |  61.04% |
|        64 |  2097152 |       20 | starts_with | scalar |  109652788 |    991x | 508.784 us |  0.88% | 504.959 us |  0.43% | 217.152G | 221.305 GB/s |  69.14% |
|       128 |  2097152 |       20 | starts_with | scalar |  219305576 |    901x | 559.303 us |  0.81% | 555.382 us |  0.39% | 394.874G | 398.650 GB/s | 124.55% |
|       256 |  2097152 |       20 | starts_with | scalar |  438611152 |    830x | 606.895 us |  0.76% | 603.057 us |  0.40% | 727.314G | 730.791 GB/s | 228.33% |
|        32 |    32768 |       80 | starts_with | scalar |    1003512 |  14752x |  37.623 us | 13.78% |  33.924 us |  8.17% |  29.581G |  30.547 GB/s |   9.54% |
|        64 |    32768 |       80 | starts_with | scalar |    2007024 |  11584x |  46.902 us | 10.49% |  43.183 us |  5.84% |  46.477G |  47.236 GB/s |  14.76% |
|       128 |    32768 |       80 | starts_with | scalar |    4014048 |  10384x |  51.858 us | 11.73% |  48.156 us |  8.76% |  83.355G |  84.036 GB/s |  26.26% |
|       256 |    32768 |       80 | starts_with | scalar |    8028096 |  10336x |  52.102 us |  9.04% |  48.399 us |  4.71% | 165.874G | 166.551 GB/s |  52.04% |
|        32 |   262144 |       80 | starts_with | scalar |    8007910 |   6720x |  78.166 us |  5.74% |  74.452 us |  2.77% | 107.558G | 111.078 GB/s |  34.71% |
|        64 |   262144 |       80 | starts_with | scalar |   16015820 |   4464x | 115.929 us |  5.75% | 112.151 us |  4.63% | 142.805G | 145.143 GB/s |  45.35% |
|       128 |   262144 |       80 | starts_with | scalar |   32031640 |   4288x | 120.747 us |  3.92% | 116.909 us |  2.03% | 273.989G | 276.231 GB/s |  86.30% |
|       256 |   262144 |       80 | starts_with | scalar |   64063280 |   4000x | 129.005 us |  3.51% | 125.216 us |  1.76% | 511.621G | 513.714 GB/s | 160.50% |
|        32 |  2097152 |       80 | starts_with | scalar |   64035770 |   2656x | 326.687 us |  1.81% | 323.005 us |  1.40% | 198.250G | 204.743 GB/s |  63.97% |
|        64 |  2097152 |       80 | starts_with | scalar |  128071540 |    872x | 577.604 us |  0.82% | 573.856 us |  0.46% | 223.177G | 226.831 GB/s |  70.87% |
|       128 |  2097152 |       80 | starts_with | scalar |  256143080 |    802x | 628.001 us |  0.72% | 624.117 us |  0.36% | 410.409G | 413.769 GB/s | 129.28% |
|       256 |  2097152 |       80 | starts_with | scalar |  512286160 |   2496x | 686.306 us |  0.89% | 682.487 us |  0.69% | 750.617G | 753.690 GB/s | 235.48% |
|        32 |    32768 |       20 |   ends_with | scalar |     857235 |  14736x |  37.622 us | 15.44% |  33.933 us | 10.75% |  25.262G |  26.228 GB/s |   8.19% |
|        64 |    32768 |       20 |   ends_with | scalar |    1714470 |  11632x |  46.713 us | 10.15% |  42.995 us |  5.12% |  39.876G |  40.638 GB/s |  12.70% |
|       128 |    32768 |       20 |   ends_with | scalar |    3428940 |  10512x |  51.313 us | 12.79% |  47.590 us | 10.00% |  72.051G |  72.740 GB/s |  22.73% |
|       256 |    32768 |       20 |   ends_with | scalar |    6857880 |  10240x |  52.619 us |  9.19% |  48.891 us |  5.02% | 140.269G | 140.940 GB/s |  44.03% |
|        32 |   262144 |       20 |   ends_with | scalar |    6867173 |   6944x |  75.778 us |  5.99% |  72.053 us |  2.93% |  95.308G |  98.946 GB/s |  30.91% |
|        64 |   262144 |       20 |   ends_with | scalar |   13734346 |   4720x | 109.791 us |  5.98% | 106.021 us |  4.79% | 129.544G | 132.016 GB/s |  41.25% |
|       128 |   262144 |       20 |   ends_with | scalar |   27468692 |   4336x | 119.177 us |  3.93% | 115.377 us |  2.11% | 238.078G | 240.350 GB/s |  75.09% |
|       256 |   262144 |       20 |   ends_with | scalar |   54937384 |   4096x | 126.307 us |  3.48% | 122.510 us |  1.55% | 448.431G | 450.571 GB/s | 140.78% |
|        32 |  2097152 |       20 |   ends_with | scalar |   54826394 |   1696x | 299.076 us |  1.55% | 295.168 us |  0.79% | 185.746G | 192.851 GB/s |  60.25% |
|        64 |  2097152 |       20 |   ends_with | scalar |  109652788 |   1920x | 516.059 us |  1.01% | 512.095 us |  0.64% | 214.126G | 218.221 GB/s |  68.18% |
|       128 |  2097152 |       20 |   ends_with | scalar |  219305576 |    856x | 588.072 us |  0.81% | 584.131 us |  0.43% | 375.439G | 379.029 GB/s | 118.42% |
|       256 |  2097152 |       20 |   ends_with | scalar |  438611152 |   2320x | 638.082 us |  0.96% | 634.158 us |  0.73% | 691.643G | 694.950 GB/s | 217.13% |
|        32 |    32768 |       80 |   ends_with | scalar |    1003512 |  14752x |  38.278 us | 14.09% |  34.564 us |  8.98% |  29.034G |  29.982 GB/s |   9.37% |
|        64 |    32768 |       80 |   ends_with | scalar |    2007024 |  11072x |  48.925 us |  9.59% |  45.204 us |  4.76% |  44.400G |  45.125 GB/s |  14.10% |
|       128 |    32768 |       80 |   ends_with | scalar |    4014048 |   9312x |  57.483 us |  7.95% |  53.767 us |  3.87% |  74.656G |  75.265 GB/s |  23.52% |
|       256 |    32768 |       80 |   ends_with | scalar |    8028096 |   9040x |  59.104 us | 10.00% |  55.367 us |  7.27% | 144.997G | 145.589 GB/s |  45.49% |
|        32 |   262144 |       80 |   ends_with | scalar |    8007910 |   6624x |  79.349 us |  5.58% |  75.660 us |  2.67% | 105.841G | 109.306 GB/s |  34.15% |
|        64 |   262144 |       80 |   ends_with | scalar |   16015820 |   4272x | 120.982 us |  3.94% | 117.129 us |  2.08% | 136.736G | 138.974 GB/s |  43.42% |
|       128 |   262144 |       80 |   ends_with | scalar |   32031640 |   3248x | 158.061 us |  3.41% | 154.158 us |  2.22% | 207.785G | 209.485 GB/s |  65.45% |
|       256 |   262144 |       80 |   ends_with | scalar |   64063280 |   2976x | 172.803 us |  2.94% | 168.848 us |  1.73% | 379.414G | 380.966 GB/s | 119.03% |
|        32 |  2097152 |       80 |   ends_with | scalar |   64035770 |   1536x | 331.906 us |  1.36% | 328.030 us |  0.69% | 195.213G | 201.607 GB/s |  62.99% |
|        64 |  2097152 |       80 |   ends_with | scalar |  128071540 |    860x | 585.981 us |  0.81% | 582.029 us |  0.43% | 220.043G | 223.647 GB/s |  69.88% |
|       128 |  2097152 |       80 |   ends_with | scalar |  256143080 |   2368x | 817.566 us |  1.35% | 813.484 us |  1.25% | 314.872G | 317.450 GB/s |  99.18% |
|       256 |  2097152 |       80 |   ends_with | scalar |  512286160 |   1344x | 879.391 us |  0.87% | 875.313 us |  0.74% | 585.260G | 587.656 GB/s | 183.61% |
|        32 |    32768 |       20 |        find | column |     857235 |   8512x |  62.510 us |  7.72% |  58.807 us |  4.38% |  14.577G |  16.806 GB/s |   5.25% |
|        64 |    32768 |       20 |        find | column |    1714470 |   4208x | 123.249 us |  5.59% | 119.133 us |  4.36% |  14.391G |  15.491 GB/s |   4.84% |
|       128 |    32768 |       20 |        find | column |    3428940 |   2128x | 239.788 us |  2.37% | 235.611 us |  1.56% |  14.553G |  15.110 GB/s |   4.72% |
|       256 |    32768 |       20 |        find | column |    6857880 |   2048x | 300.886 us |  2.38% | 296.454 us |  1.82% |  23.133G |  23.575 GB/s |   7.37% |
|        32 |   262144 |       20 |        find | column |    6867173 |   3024x | 169.450 us |  3.17% | 165.616 us |  2.13% |  41.464G |  47.796 GB/s |  14.93% |
|        64 |   262144 |       20 |        find | column |   13734346 |   1856x | 449.376 us |  1.89% | 445.166 us |  1.62% |  30.852G |  33.208 GB/s |  10.38% |
|       128 |   262144 |       20 |        find | column |   27468692 |   1936x |   1.596 ms |  1.45% |   1.592 ms |  1.42% |  17.257G |  17.916 GB/s |   5.60% |
|       256 |   262144 |       20 |        find | column |   54937384 |   1168x |   2.101 ms |  1.04% |   2.096 ms |  1.02% |  26.211G |  26.711 GB/s |   8.35% |
|        32 |  2097152 |       20 |        find | column |   54826394 |   1008x |   1.112 ms |  1.18% |   1.108 ms |  1.11% |  49.467G |  57.036 GB/s |  17.82% |
|        64 |  2097152 |       20 |        find | column |  109652788 |   2016x |   3.149 ms |  1.27% |   3.144 ms |  1.26% |  34.871G |  37.539 GB/s |  11.73% |
|       128 |  2097152 |       20 |        find | column |  219305576 |    560x |  12.581 ms |  0.74% |  12.577 ms |  0.74% |  17.437G |  18.104 GB/s |   5.66% |
|       256 |  2097152 |       20 |        find | column |  438611152 |    560x |  16.442 ms |  0.69% |  16.437 ms |  0.69% |  26.684G |  27.194 GB/s |   8.50% |
|        32 |    32768 |       80 |        find | column |    1003512 |   7968x |  66.502 us |  9.88% |  62.798 us |  7.73% |  15.980G |  18.067 GB/s |   5.64% |
|        64 |    32768 |       80 |        find | column |    2007024 |   4448x | 116.824 us |  5.01% | 112.683 us |  3.37% |  17.811G |  18.974 GB/s |   5.93% |
|       128 |    32768 |       80 |        find | column |    4014048 |   1792x | 284.007 us |  2.34% | 279.689 us |  1.73% |  14.352G |  14.820 GB/s |   4.63% |
|       256 |    32768 |       80 |        find | column |    8028096 |   2512x | 351.786 us |  2.92% | 347.334 us |  2.61% |  23.113G |  23.491 GB/s |   7.34% |
|        32 |   262144 |       80 |        find | column |    8007910 |   2672x | 191.347 us |  2.85% | 187.619 us |  2.02% |  42.682G |  48.271 GB/s |  15.08% |
|        64 |   262144 |       80 |        find | column |   16015820 |   1248x | 405.497 us |  1.95% | 401.269 us |  1.63% |  39.913G |  42.526 GB/s |  13.29% |
|       128 |   262144 |       80 |        find | column |   32031640 |   1936x |   1.967 ms |  1.41% |   1.963 ms |  1.38% |  16.321G |  16.856 GB/s |   5.27% |
|       256 |   262144 |       80 |        find | column |   64063280 |   1104x |   2.523 ms |  1.14% |   2.519 ms |  1.12% |  25.436G |  25.852 GB/s |   8.08% |
|        32 |  2097152 |       80 |        find | column |   64035770 |   1328x |   1.264 ms |  1.22% |   1.260 ms |  1.18% |  50.840G |  57.500 GB/s |  17.97% |
|        64 |  2097152 |       80 |        find | column |  128071540 |   1472x |   2.478 ms |  1.01% |   2.474 ms |  0.99% |  51.777G |  55.168 GB/s |  17.24% |
|       128 |  2097152 |       80 |        find | column |  256143080 |    656x |  15.511 ms |  0.71% |  15.507 ms |  0.71% |  16.518G |  17.059 GB/s |   5.33% |
|       256 |  2097152 |       80 |        find | column |  512286160 |    528x |  19.842 ms |  0.72% |  19.837 ms |  0.72% |  25.825G |  26.247 GB/s |   8.20% |
|        32 |    32768 |       20 |    contains | column |     857235 |  10816x |  50.099 us | 11.39% |  46.287 us |  7.64% |  18.520G |  19.228 GB/s |   6.01% |
|        64 |    32768 |       20 |    contains | column |    1714470 |   6736x |  77.998 us |  6.48% |  74.245 us |  3.93% |  23.092G |  23.533 GB/s |   7.35% |
|       128 |    32768 |       20 |    contains | column |    3428940 |   3312x | 155.443 us |  3.00% | 151.684 us |  1.69% |  22.606G |  22.822 GB/s |   7.13% |
|       256 |    32768 |       20 |    contains | column |    6857880 |   1920x | 265.282 us |  2.18% | 261.526 us |  1.62% |  26.223G |  26.348 GB/s |   8.23% |
|        32 |   262144 |       20 |    contains | column |    6867173 |   3920x | 131.928 us |  4.04% | 128.027 us |  2.59% |  53.639G |  55.686 GB/s |  17.40% |
|        64 |   262144 |       20 |    contains | column |   13734346 |   1680x | 302.142 us |  1.90% | 298.133 us |  1.34% |  46.068G |  46.947 GB/s |  14.67% |
|       128 |   262144 |       20 |    contains | column |   27468692 |   2192x | 999.841 us |  1.67% | 995.793 us |  1.62% |  27.585G |  27.848 GB/s |   8.70% |
|       256 |   262144 |       20 |    contains | column |   54937384 |    752x |   1.950 ms |  1.10% |   1.946 ms |  1.08% |  28.235G |  28.370 GB/s |   8.86% |
|        32 |  2097152 |       20 |    contains | column |   54826394 |   2096x | 875.435 us |  1.64% | 871.201 us |  1.56% |  62.932G |  65.339 GB/s |  20.41% |
|        64 |  2097152 |       20 |    contains | column |  109652788 |   1712x |   2.123 ms |  1.41% |   2.119 ms |  1.40% |  51.738G |  52.727 GB/s |  16.47% |
|       128 |  2097152 |       20 |    contains | column |  219305576 |    848x |   7.377 ms |  1.52% |   7.372 ms |  1.52% |  29.747G |  30.031 GB/s |   9.38% |
|       256 |  2097152 |       20 |    contains | column |  438611152 |    528x |  15.209 ms |  1.23% |  15.205 ms |  1.23% |  28.846G |  28.984 GB/s |   9.06% |
|        32 |    32768 |       80 |    contains | column |    1003512 |  10544x |  51.207 us |  9.57% |  47.469 us |  5.26% |  21.140G |  21.831 GB/s |   6.82% |
|        64 |    32768 |       80 |    contains | column |    2007024 |   6784x |  77.497 us |  6.45% |  73.807 us |  4.00% |  27.193G |  27.637 GB/s |   8.63% |
|       128 |    32768 |       80 |    contains | column |    4014048 |   4160x | 124.178 us |  3.60% | 120.469 us |  1.83% |  33.320G |  33.592 GB/s |  10.50% |
|       256 |    32768 |       80 |    contains | column |    8028096 |   2880x | 177.472 us |  2.75% | 173.741 us |  1.69% |  46.207G |  46.396 GB/s |  14.50% |
|        32 |   262144 |       80 |    contains | column |    8007910 |   3552x | 144.867 us |  3.66% | 140.942 us |  2.31% |  56.817G |  58.677 GB/s |  18.33% |
|        64 |   262144 |       80 |    contains | column |   16015820 |   2208x | 252.875 us |  2.63% | 249.044 us |  2.11% |  64.309G |  65.362 GB/s |  20.42% |
|       128 |   262144 |       80 |    contains | column |   32031640 |   1008x | 552.431 us |  1.64% | 548.471 us |  1.45% |  58.402G |  58.880 GB/s |  18.40% |
|       256 |   262144 |       80 |    contains | column |   64063280 |    672x | 837.334 us |  1.60% | 833.336 us |  1.52% |  76.876G |  77.190 GB/s |  24.12% |
|        32 |  2097152 |       80 |    contains | column |   64035770 |   1664x | 963.474 us |  1.47% | 959.322 us |  1.40% |  66.751G |  68.937 GB/s |  21.54% |
|        64 |  2097152 |       80 |    contains | column |  128071540 |   1360x |   1.678 ms |  1.23% |   1.674 ms |  1.21% |  76.511G |  77.764 GB/s |  24.30% |
|       128 |  2097152 |       80 |    contains | column |  256143080 |    608x |   3.954 ms |  0.94% |   3.950 ms |  0.94% |  64.845G |  65.376 GB/s |  20.43% |
|       256 |  2097152 |       80 |    contains | column |  512286160 |    816x |   6.230 ms |  1.12% |   6.225 ms |  1.11% |  82.290G |  82.627 GB/s |  25.82% |
|        32 |    32768 |       20 | starts_with | column |     857235 |  13232x |  41.634 us | 11.68% |  37.829 us |  5.74% |  22.661G |  23.527 GB/s |   7.35% |
|        64 |    32768 |       20 | starts_with | column |    1714470 |  10448x |  51.674 us | 11.83% |  47.908 us |  8.70% |  35.787G |  36.471 GB/s |  11.39% |
|       128 |    32768 |       20 | starts_with | column |    3428940 |   9920x |  54.186 us |  9.05% |  50.440 us |  5.04% |  67.981G |  68.631 GB/s |  21.44% |
|       256 |    32768 |       20 | starts_with | column |    6857880 |   9680x |  55.472 us |  9.48% |  51.724 us |  5.99% | 132.586G | 133.220 GB/s |  41.62% |
|        32 |   262144 |       20 | starts_with | column |    6867173 |   5648x |  92.363 us |  5.08% |  88.590 us |  2.71% |  77.517G |  80.476 GB/s |  25.14% |
|        64 |   262144 |       20 | starts_with | column |   13734346 |   4192x | 123.241 us |  3.91% | 119.360 us |  2.06% | 115.067G | 117.263 GB/s |  36.64% |
|       128 |   262144 |       20 | starts_with | column |   27468692 |   3952x | 130.493 us |  3.96% | 126.660 us |  2.51% | 216.869G | 218.939 GB/s |  68.40% |
|       256 |   262144 |       20 | starts_with | column |   54937384 |   3776x | 136.765 us |  3.43% | 132.915 us |  1.80% | 413.327G | 415.300 GB/s | 129.76% |
|        32 |  2097152 |       20 | starts_with | column |   54826394 |   1264x | 409.552 us |  1.14% | 405.551 us |  0.56% | 135.190G | 140.361 GB/s |  43.85% |
|        64 |  2097152 |       20 | starts_with | column |  109652788 |    814x | 618.777 us |  0.77% | 614.810 us |  0.41% | 178.352G | 181.763 GB/s |  56.79% |
|       128 |  2097152 |       20 | starts_with | column |  219305576 |   1760x | 673.850 us |  0.80% | 669.879 us |  0.53% | 327.381G | 330.512 GB/s | 103.26% |
|       256 |  2097152 |       20 | starts_with | column |  438611152 |    699x | 719.389 us |  0.68% | 715.379 us |  0.39% | 613.117G | 616.048 GB/s | 192.48% |
|        32 |    32768 |       80 | starts_with | column |    1003512 |  12992x |  42.284 us | 12.31% |  38.495 us |  7.25% |  26.069G |  26.920 GB/s |   8.41% |
|        64 |    32768 |       80 | starts_with | column |    2007024 |  10320x |  52.270 us |  9.30% |  48.489 us |  4.92% |  41.392G |  42.068 GB/s |  13.14% |
|       128 |    32768 |       80 | starts_with | column |    4014048 |   9664x |  56.526 us |  9.38% |  52.769 us |  5.93% |  76.069G |  76.690 GB/s |  23.96% |
|       256 |    32768 |       80 | starts_with | column |    8028096 |   9376x |  57.171 us |  8.87% |  53.408 us |  5.17% | 150.317G | 150.930 GB/s |  47.16% |
|        32 |   262144 |       80 | starts_with | column |    8007910 |   5440x |  95.897 us |  5.02% |  92.026 us |  2.64% |  87.018G |  89.867 GB/s |  28.08% |
|        64 |   262144 |       80 | starts_with | column |   16015820 |   4400x | 132.501 us |  4.97% | 128.629 us |  3.89% | 124.512G | 126.550 GB/s |  39.54% |
|       128 |   262144 |       80 | starts_with | column |   32031640 |   3728x | 138.517 us |  3.49% | 134.655 us |  1.97% | 237.880G | 239.826 GB/s |  74.93% |
|       256 |   262144 |       80 | starts_with | column |   64063280 |   3520x | 146.194 us |  3.35% | 142.311 us |  1.92% | 450.165G | 452.007 GB/s | 141.22% |
|        32 |  2097152 |       80 | starts_with | column |   64035770 |   1152x | 440.281 us |  1.05% | 436.396 us |  0.54% | 146.738G | 151.543 GB/s |  47.35% |
|        64 |  2097152 |       80 | starts_with | column |  128071540 |   1779x | 686.338 us |  0.76% | 682.434 us |  0.50% | 187.669G | 190.742 GB/s |  59.59% |
|       128 |  2097152 |       80 | starts_with | column |  256143080 |    675x | 745.136 us |  0.61% | 741.205 us |  0.31% | 345.577G | 348.406 GB/s | 108.86% |
|       256 |  2097152 |       80 | starts_with | column |  512286160 |    998x | 801.079 us |  0.70% | 797.182 us |  0.50% | 642.621G | 645.252 GB/s | 201.60% |
|        32 |    32768 |       20 |   ends_with | column |     857235 |  13056x |  42.109 us | 11.70% |  38.316 us |  6.04% |  22.373G |  23.228 GB/s |   7.26% |
|        64 |    32768 |       20 |   ends_with | column |    1714470 |  10288x |  52.373 us | 10.24% |  48.636 us |  6.52% |  35.251G |  35.925 GB/s |  11.22% |
|       128 |    32768 |       20 |   ends_with | column |    3428940 |   9440x |  56.688 us |  8.29% |  53.010 us |  4.45% |  64.685G |  65.303 GB/s |  20.40% |
|       256 |    32768 |       20 |   ends_with | column |    6857880 |   9248x |  57.810 us |  8.13% |  54.106 us |  4.22% | 126.749G | 127.355 GB/s |  39.79% |
|        32 |   262144 |       20 |   ends_with | column |    6867173 |   5536x |  94.279 us |  5.08% |  90.577 us |  2.92% |  75.816G |  78.710 GB/s |  24.59% |
|        64 |   262144 |       20 |   ends_with | column |   13734346 |   4080x | 126.381 us |  3.46% | 122.664 us |  1.65% | 111.967G | 114.104 GB/s |  35.65% |
|       128 |   262144 |       20 |   ends_with | column |   27468692 |   3712x | 138.963 us |  3.32% | 135.252 us |  1.84% | 203.093G | 205.031 GB/s |  64.06% |
|       256 |   262144 |       20 |   ends_with | column |   54937384 |   3872x | 146.803 us |  4.05% | 143.022 us |  3.03% | 384.118G | 385.951 GB/s | 120.59% |
|        32 |  2097152 |       20 |   ends_with | column |   54826394 |   1200x | 421.870 us |  1.18% | 417.701 us |  0.62% | 131.257G | 136.278 GB/s |  42.58% |
|        64 |  2097152 |       20 |   ends_with | column |  109652788 |    796x | 632.408 us |  0.74% | 628.416 us |  0.38% | 174.491G | 177.828 GB/s |  55.56% |
|       128 |  2097152 |       20 |   ends_with | column |  219305576 |    708x | 710.434 us |  0.67% | 706.402 us |  0.35% | 310.454G | 313.423 GB/s |  97.93% |
|       256 |  2097152 |       20 |   ends_with | column |  438611152 |   2192x | 760.723 us |  0.77% | 756.685 us |  0.55% | 579.648G | 582.420 GB/s | 181.97% |
|        32 |    32768 |       80 |   ends_with | column |    1003512 |  12816x |  42.817 us | 11.73% |  39.043 us |  6.46% |  25.702G |  26.542 GB/s |   8.29% |
|        64 |    32768 |       80 |   ends_with | column |    2007024 |   9856x |  54.500 us |  8.76% |  50.754 us |  4.62% |  39.544G |  40.190 GB/s |  12.56% |
|       128 |    32768 |       80 |   ends_with | column |    4014048 |   8368x |  63.503 us |  7.64% |  59.752 us |  4.26% |  67.179G |  67.727 GB/s |  21.16% |
|       256 |    32768 |       80 |   ends_with | column |    8028096 |   8144x |  65.219 us |  8.61% |  61.461 us |  5.99% | 130.621G | 131.154 GB/s |  40.98% |
|        32 |   262144 |       80 |   ends_with | column |    8007910 |   5344x |  97.439 us |  4.70% |  93.626 us |  2.29% |  85.531G |  88.331 GB/s |  27.60% |
|        64 |   262144 |       80 |   ends_with | column |   16015820 |   3696x | 139.664 us |  3.44% | 135.810 us |  1.93% | 117.928G | 119.859 GB/s |  37.45% |
|       128 |   262144 |       80 |   ends_with | column |   32031640 |   2848x | 180.089 us |  4.42% | 176.125 us |  3.75% | 181.869G | 183.358 GB/s |  57.29% |
|       256 |   262144 |       80 |   ends_with | column |   64063280 |   2720x | 188.768 us |  3.21% | 184.862 us |  2.39% | 346.547G | 347.965 GB/s | 108.72% |
|        32 |  2097152 |       80 |   ends_with | column |   64035770 |   1376x | 456.238 us |  1.16% | 452.075 us |  0.67% | 141.648G | 146.287 GB/s |  45.71% |
|        64 |  2097152 |       80 |   ends_with | column |  128071540 |   2128x | 717.689 us |  0.97% | 713.612 us |  0.77% | 179.470G | 182.408 GB/s |  56.99% |
|       128 |  2097152 |       80 |   ends_with | column |  256143080 |    720x | 986.546 us |  0.90% | 982.425 us |  0.80% | 260.725G | 262.860 GB/s |  82.13% |
|       256 |  2097152 |       80 |   ends_with | column |  512286160 |    736x |   1.049 ms |  1.08% |   1.044 ms |  1.01% | 490.511G | 492.519 GB/s | 153.88% |

## find_multiple

### [0] Tesla T4

|   api    | targets | row_width | num_rows | hit_rate | Samples |  CPU Time  | Noise |  GPU Time  | Noise | GlobalMem BW | BWUtil |
|----------|---------|-----------|----------|----------|---------|------------|-------|------------|-------|--------------|--------|
|     find |      10 |        32 |    32768 |       20 |   3248x | 158.193 us | 4.63% | 154.315 us | 3.82% |   6.404 GB/s |  2.00% |
| contains |      10 |        32 |    32768 |       20 |   2960x | 173.105 us | 2.80% | 169.271 us | 1.62% |   5.258 GB/s |  1.64% |
|     find |      20 |        32 |    32768 |       20 |   2688x | 234.242 us | 4.25% | 230.313 us | 3.86% |   4.291 GB/s |  1.34% |
| contains |      20 |        32 |    32768 |       20 |   2464x | 207.667 us | 3.49% | 203.760 us | 2.88% |   4.368 GB/s |  1.36% |
|     find |      40 |        32 |    32768 |       20 |   2512x | 397.498 us | 3.07% | 393.527 us | 2.88% |   2.511 GB/s |  0.78% |
| contains |      40 |        32 |    32768 |       20 |   2464x | 292.170 us | 3.84% | 288.265 us | 3.57% |   3.087 GB/s |  0.96% |
|     find |      10 |        64 |    32768 |       20 |   2144x | 237.591 us | 2.88% | 233.739 us | 2.36% |   7.896 GB/s |  2.47% |
| contains |      10 |        64 |    32768 |       20 |   1760x | 288.422 us | 2.52% | 284.539 us | 2.12% |   6.141 GB/s |  1.92% |
|     find |      20 |        64 |    32768 |       20 |   2448x | 376.663 us | 3.56% | 372.719 us | 3.38% |   4.952 GB/s |  1.55% |
| contains |      20 |        64 |    32768 |       20 |   2016x | 395.648 us | 2.73% | 391.754 us | 2.53% |   4.460 GB/s |  1.39% |
|     find |      40 |        64 |    32768 |       20 |   2832x | 647.459 us | 2.71% | 643.436 us | 2.62% |   2.868 GB/s |  0.90% |
| contains |      40 |        64 |    32768 |       20 |    816x | 635.103 us | 3.87% | 631.196 us | 3.80% |   2.768 GB/s |  0.86% |
|     find |      10 |       128 |    32768 |       20 |   1808x | 456.824 us | 2.63% | 452.864 us | 2.45% |   7.861 GB/s |  2.46% |
| contains |      10 |       128 |    32768 |       20 |   1120x | 539.762 us | 1.62% | 535.708 us | 1.42% |   6.462 GB/s |  2.02% |
|     find |      20 |       128 |    32768 |       20 |   1840x | 684.733 us | 1.76% | 680.707 us | 1.65% |   5.230 GB/s |  1.63% |
| contains |      20 |       128 |    32768 |       20 |    752x | 790.991 us | 3.67% | 786.981 us | 3.62% |   4.399 GB/s |  1.37% |
|     find |      40 |       128 |    32768 |       20 |   2208x |   1.172 ms | 2.13% |   1.168 ms | 2.10% |   3.047 GB/s |  0.95% |
| contains |      40 |       128 |    32768 |       20 |   1792x |   2.250 ms | 1.48% |   2.245 ms | 1.46% |   1.542 GB/s |  0.48% |
|     find |      10 |       256 |    32768 |       20 |   1920x | 849.075 us | 1.70% | 845.142 us | 1.63% |   8.270 GB/s |  2.58% |
| contains |      10 |       256 |    32768 |       20 |   1872x | 765.292 us | 2.37% | 761.126 us | 2.29% |   9.053 GB/s |  2.83% |
|     find |      20 |       256 |    32768 |       20 |   1920x |   1.279 ms | 1.38% |   1.275 ms | 1.35% |   5.480 GB/s |  1.71% |
| contains |      20 |       256 |    32768 |       20 |   2016x |   1.069 ms | 1.49% |   1.064 ms | 1.42% |   6.475 GB/s |  2.02% |
|     find |      40 |       256 |    32768 |       20 |   1552x |   2.206 ms | 1.42% |   2.202 ms | 1.41% |   3.174 GB/s |  0.99% |
| contains |      40 |       256 |    32768 |       20 |   1216x |   2.660 ms | 1.51% |   2.655 ms | 1.50% |   2.595 GB/s |  0.81% |
|     find |      10 |        32 |   262144 |       20 |   1904x | 931.141 us | 1.68% | 926.948 us | 1.61% |   8.540 GB/s |  2.67% |
| contains |      10 |        32 |   262144 |       20 |   1376x | 580.145 us | 1.47% | 575.950 us | 1.26% |  12.378 GB/s |  3.87% |
|     find |      20 |        32 |   262144 |       20 |   1840x |   1.566 ms | 1.24% |   1.562 ms | 1.21% |   5.069 GB/s |  1.58% |
| contains |      20 |        32 |   262144 |       20 |   1008x | 800.886 us | 3.63% | 796.618 us | 3.59% |   8.949 GB/s |  2.80% |
|     find |      40 |        32 |   262144 |       20 |    720x |   2.884 ms | 1.15% |   2.880 ms | 1.14% |   2.749 GB/s |  0.86% |
| contains |      40 |        32 |   262144 |       20 |   1184x |   1.320 ms | 1.57% |   1.316 ms | 1.54% |   5.418 GB/s |  1.69% |
|     find |      10 |        64 |   262144 |       20 |   1312x |   1.566 ms | 1.28% |   1.562 ms | 1.25% |   9.464 GB/s |  2.96% |
| contains |      10 |        64 |   262144 |       20 |    672x |   1.130 ms | 1.35% |   1.126 ms | 1.29% |  12.435 GB/s |  3.89% |
|     find |      20 |        64 |   262144 |       20 |    832x |   2.688 ms | 1.25% |   2.684 ms | 1.24% |   5.507 GB/s |  1.72% |
| contains |      20 |        64 |   262144 |       20 |    800x |   1.600 ms | 2.59% |   1.595 ms | 2.57% |   8.774 GB/s |  2.74% |
|     find |      40 |        64 |   262144 |       20 |    976x |   4.848 ms | 1.14% |   4.843 ms | 1.13% |   3.052 GB/s |  0.95% |
| contains |      40 |        64 |   262144 |       20 |   1104x |   2.680 ms | 1.29% |   2.675 ms | 1.27% |   5.232 GB/s |  1.63% |
|     find |      10 |       128 |   262144 |       20 |    784x |   3.190 ms | 1.07% |   3.186 ms | 1.06% |   8.952 GB/s |  2.80% |
| contains |      10 |       128 |   262144 |       20 |   1088x |   3.523 ms | 1.00% |   3.519 ms | 0.99% |   7.880 GB/s |  2.46% |
|     find |      20 |       128 |   262144 |       20 |    752x |   5.071 ms | 1.15% |   5.067 ms | 1.14% |   5.629 GB/s |  1.76% |
| contains |      20 |       128 |   262144 |       20 |   1264x |   5.211 ms | 1.08% |   5.206 ms | 1.08% |   5.327 GB/s |  1.66% |
|     find |      40 |       128 |   262144 |       20 |   1168x |   8.983 ms | 1.17% |   8.978 ms | 1.17% |   3.176 GB/s |  0.99% |
| contains |      40 |       128 |   262144 |       20 |    720x |  16.300 ms | 1.00% |  16.295 ms | 1.00% |   1.702 GB/s |  0.53% |
|     find |      10 |       256 |   262144 |       20 |    816x |   6.066 ms | 1.12% |   6.062 ms | 1.11% |   9.235 GB/s |  2.89% |
| contains |      10 |       256 |   262144 |       20 |    624x |   5.319 ms | 1.00% |   5.314 ms | 0.99% |  10.387 GB/s |  3.25% |
|     find |      20 |       256 |   262144 |       20 |    544x |   9.648 ms | 1.09% |   9.644 ms | 1.09% |   5.805 GB/s |  1.81% |
| contains |      20 |       256 |   262144 |       20 |    592x |   7.474 ms | 1.14% |   7.469 ms | 1.14% |   7.391 GB/s |  2.31% |
|     find |      40 |       256 |   262144 |       20 |    544x |  17.107 ms | 1.07% |  17.103 ms | 1.07% |   3.273 GB/s |  1.02% |
| contains |      40 |       256 |   262144 |       20 |    767x |  19.534 ms | 0.85% |  19.529 ms | 0.85% |   2.827 GB/s |  0.88% |
|     find |      10 |        32 |  2097152 |       20 |    912x |   7.197 ms | 1.24% |   7.192 ms | 1.24% |   8.789 GB/s |  2.75% |
| contains |      10 |        32 |  2097152 |       20 |    784x |   4.025 ms | 1.71% |   4.020 ms | 1.70% |  14.161 GB/s |  4.42% |
|     find |      20 |        32 |  2097152 |       20 |    528x |  12.433 ms | 1.88% |  12.428 ms | 1.88% |   5.086 GB/s |  1.59% |
| contains |      20 |        32 |  2097152 |       20 |    560x |   5.693 ms | 1.20% |   5.688 ms | 1.20% |  10.007 GB/s |  3.13% |
|     find |      40 |        32 |  2097152 |       20 |    512x |  22.847 ms | 1.05% |  22.843 ms | 1.04% |   2.767 GB/s |  0.86% |
| contains |      40 |        32 |  2097152 |       20 |    528x |   9.717 ms | 1.09% |   9.712 ms | 1.09% |   5.861 GB/s |  1.83% |
|     find |      10 |        64 |  2097152 |       20 |    592x |  12.199 ms | 1.13% |  12.195 ms | 1.13% |   9.680 GB/s |  3.02% |
| contains |      10 |        64 |  2097152 |       20 |    576x |   8.026 ms | 1.04% |   8.021 ms | 1.03% |  13.932 GB/s |  4.35% |
|     find |      20 |        64 |  2097152 |       20 |    128x |  21.206 ms | 1.06% |  21.202 ms | 1.06% |   5.567 GB/s |  1.74% |
| contains |      20 |        64 |  2097152 |       20 |    528x |  11.445 ms | 0.88% |  11.440 ms | 0.88% |   9.769 GB/s |  3.05% |
|     find |      40 |        64 |  2097152 |       20 |     80x |  38.565 ms | 1.01% |  38.561 ms | 1.01% |   3.061 GB/s |  0.96% |
| contains |      40 |        64 |  2097152 |       20 |    528x |  19.490 ms | 0.95% |  19.484 ms | 0.95% |   5.735 GB/s |  1.79% |
|     find |      10 |       128 |  2097152 |       20 |    224x |  25.032 ms | 1.12% |  25.028 ms | 1.12% |   9.098 GB/s |  2.84% |
| contains |      10 |       128 |  2097152 |       20 |    512x |  27.305 ms | 0.81% |  27.300 ms | 0.81% |   8.110 GB/s |  2.53% |
|     find |      20 |       128 |  2097152 |       20 |     80x |  39.866 ms | 0.70% |  39.862 ms | 0.70% |   5.712 GB/s |  1.78% |
| contains |      20 |       128 |  2097152 |       20 |    370x |  40.545 ms | 0.69% |  40.540 ms | 0.69% |   5.461 GB/s |  1.71% |
|     find |      40 |       128 |  2097152 |       20 |    211x |  71.168 ms | 0.57% |  71.164 ms | 0.57% |   3.200 GB/s |  1.00% |
| contains |      40 |       128 |  2097152 |       20 |     27x | 128.485 ms | 0.50% | 128.478 ms | 0.50% |   1.723 GB/s |  0.54% |
|     find |      10 |       256 |  2097152 |       20 |    314x |  47.753 ms | 0.83% |  47.749 ms | 0.83% |   9.361 GB/s |  2.92% |
| contains |      10 |       256 |  2097152 |       20 |    362x |  41.508 ms | 0.84% |  41.502 ms | 0.84% |  10.619 GB/s |  3.32% |
|     find |      20 |       256 |  2097152 |       20 |    197x |  76.236 ms | 0.67% |  76.233 ms | 0.67% |   5.864 GB/s |  1.83% |
| contains |      20 |       256 |  2097152 |       20 |    224x |  58.471 ms | 0.61% |  58.465 ms | 0.61% |   7.538 GB/s |  2.36% |
|     find |      40 |       256 |  2097152 |       20 |     11x | 135.417 ms | 0.33% | 135.413 ms | 0.33% |   3.301 GB/s |  1.03% |
| contains |      40 |       256 |  2097152 |       20 |     11x | 154.274 ms | 0.33% | 154.266 ms | 0.33% |   2.857 GB/s |  0.89% |
|     find |      10 |        32 |    32768 |       80 |   3408x | 150.800 us | 3.70% | 146.959 us | 2.58% |   7.720 GB/s |  2.41% |
| contains |      10 |        32 |    32768 |       80 |   3040x | 168.486 us | 3.29% | 164.631 us | 2.25% |   6.295 GB/s |  1.97% |
|     find |      20 |        32 |    32768 |       80 |   2064x | 247.743 us | 3.91% | 243.744 us | 3.52% |   4.655 GB/s |  1.45% |
| contains |      20 |        32 |    32768 |       80 |   2528x | 202.505 us | 3.41% | 198.648 us | 2.77% |   5.217 GB/s |  1.63% |
|     find |      40 |        32 |    32768 |       80 |   2288x | 448.827 us | 3.13% | 444.778 us | 2.97% |   2.551 GB/s |  0.80% |
| contains |      40 |        32 |    32768 |       80 |   2592x | 287.354 us | 4.11% | 283.462 us | 3.84% |   3.656 GB/s |  1.14% |
|     find |      10 |        64 |    32768 |       80 |   2704x | 189.072 us | 2.95% | 185.311 us | 2.10% |  11.538 GB/s |  3.60% |
| contains |      10 |        64 |    32768 |       80 |   1792x | 285.144 us | 2.31% | 281.309 us | 1.86% |   7.251 GB/s |  2.27% |
|     find |      20 |        64 |    32768 |       80 |   2480x | 289.448 us | 3.32% | 285.439 us | 2.98% |   7.491 GB/s |  2.34% |
| contains |      20 |        64 |    32768 |       80 |   1552x | 391.710 us | 2.37% | 387.799 us | 2.13% |   5.260 GB/s |  1.64% |
|     find |      40 |        64 |    32768 |       80 |   2624x | 516.832 us | 3.04% | 512.817 us | 2.93% |   4.169 GB/s |  1.30% |
| contains |      40 |        64 |    32768 |       80 |   2000x | 614.893 us | 2.51% | 610.967 us | 2.42% |   3.339 GB/s |  1.04% |
|     find |      10 |       128 |    32768 |       80 |   1744x | 290.818 us | 2.41% | 287.050 us | 2.00% |  14.440 GB/s |  4.51% |
| contains |      10 |       128 |    32768 |       80 |   1920x | 563.503 us | 1.89% | 559.443 us | 1.74% |   7.234 GB/s |  2.26% |
|     find |      20 |       128 |    32768 |       80 |   1600x | 408.824 us | 1.86% | 404.895 us | 1.59% |  10.238 GB/s |  3.20% |
| contains |      20 |       128 |    32768 |       80 |    880x | 834.228 us | 1.44% | 830.108 us | 1.35% |   4.875 GB/s |  1.52% |
|     find |      40 |       128 |    32768 |       80 |   1392x | 685.151 us | 1.97% | 681.148 us | 1.87% |   6.085 GB/s |  1.90% |
| contains |      40 |       128 |    32768 |       80 |   1520x |   2.268 ms | 1.04% |   2.264 ms | 1.03% |   1.788 GB/s |  0.56% |
|     find |      10 |       256 |    32768 |       80 |   1264x | 404.087 us | 2.46% | 400.326 us | 2.27% |  20.381 GB/s |  6.37% |
| contains |      10 |       256 |    32768 |       80 |   1440x | 826.369 us | 3.66% | 822.047 us | 3.61% |   9.806 GB/s |  3.06% |
|     find |      20 |       256 |    32768 |       80 |   1168x | 566.363 us | 2.33% | 562.365 us | 2.22% |  14.509 GB/s |  4.53% |
| contains |      20 |       256 |    32768 |       80 |   1648x |   1.116 ms | 1.29% |   1.112 ms | 1.22% |   7.250 GB/s |  2.27% |
|     find |      40 |       256 |    32768 |       80 |    992x | 946.374 us | 1.54% | 942.298 us | 1.48% |   8.659 GB/s |  2.71% |
| contains |      40 |       256 |    32768 |       80 |   1328x |   2.578 ms | 1.23% |   2.574 ms | 1.22% |   3.132 GB/s |  0.98% |
|     find |      10 |        32 |   262144 |       80 |   1232x | 879.440 us | 1.64% | 875.279 us | 1.56% |  10.347 GB/s |  3.23% |
| contains |      10 |        32 |   262144 |       80 |   1632x | 528.758 us | 2.03% | 524.569 us | 1.85% |  15.765 GB/s |  4.93% |
|     find |      20 |        32 |   262144 |       80 |   2208x |   1.680 ms | 1.04% |   1.676 ms | 1.01% |   5.404 GB/s |  1.69% |
| contains |      20 |        32 |   262144 |       80 |   2416x | 734.206 us | 2.62% | 730.002 us | 2.53% |  11.329 GB/s |  3.54% |
|     find |      40 |        32 |   262144 |       80 |   1536x |   3.312 ms | 1.49% |   3.308 ms | 1.49% |   2.738 GB/s |  0.86% |
| contains |      40 |        32 |   262144 |       80 |   2000x |   1.200 ms | 1.72% |   1.196 ms | 1.68% |   6.917 GB/s |  2.16% |
|     find |      10 |        64 |   262144 |       80 |   1376x |   1.169 ms | 1.54% |   1.165 ms | 1.50% |  14.650 GB/s |  4.58% |
| contains |      10 |        64 |   262144 |       80 |   1520x |   1.027 ms | 1.45% |   1.022 ms | 1.39% |  15.920 GB/s |  4.97% |
|     find |      20 |        64 |   262144 |       80 |   1392x |   1.988 ms | 1.83% |   1.984 ms | 1.82% |   8.601 GB/s |  2.69% |
| contains |      20 |        64 |   262144 |       80 |   1984x |   1.428 ms | 1.59% |   1.424 ms | 1.56% |  11.431 GB/s |  3.57% |
|     find |      40 |        64 |   262144 |       80 |   1536x |   3.795 ms | 1.50% |   3.791 ms | 1.49% |   4.501 GB/s |  1.41% |
| contains |      40 |        64 |   262144 |       80 |   1904x |   2.325 ms | 1.53% |   2.321 ms | 1.51% |   7.014 GB/s |  2.19% |
|     find |      10 |       128 |   262144 |       80 |    720x |   1.862 ms | 1.19% |   1.858 ms | 1.17% |  17.805 GB/s |  5.56% |
| contains |      10 |       128 |   262144 |       80 |   1056x |   3.717 ms | 1.15% |   3.713 ms | 1.14% |   8.698 GB/s |  2.72% |
|     find |      20 |       128 |   262144 |       80 |    180x |   2.797 ms | 0.23% |   2.793 ms | 0.18% |  11.846 GB/s |  3.70% |
| contains |      20 |       128 |   262144 |       80 |    720x |   5.465 ms | 0.88% |   5.461 ms | 0.87% |   5.914 GB/s |  1.85% |
|     find |      40 |       128 |   262144 |       80 |    960x |   5.028 ms | 1.25% |   5.024 ms | 1.25% |   6.585 GB/s |  2.06% |
| contains |      40 |       128 |   262144 |       80 |    704x |  16.493 ms | 0.82% |  16.488 ms | 0.82% |   1.959 GB/s |  0.61% |
|     find |      10 |       256 |   262144 |       80 |    624x |   2.561 ms | 1.12% |   2.557 ms | 1.11% |  25.467 GB/s |  7.96% |
| contains |      10 |       256 |   262144 |       80 |    864x |   5.809 ms | 2.07% |   5.804 ms | 2.07% |  11.083 GB/s |  3.46% |
|     find |      20 |       256 |   262144 |       80 |    640x |   3.856 ms | 1.15% |   3.852 ms | 1.14% |  16.905 GB/s |  5.28% |
| contains |      20 |       256 |   262144 |       80 |    624x |   7.841 ms | 0.98% |   7.837 ms | 0.98% |   8.208 GB/s |  2.56% |
|     find |      40 |       256 |   262144 |       80 |    576x |   6.887 ms | 1.13% |   6.883 ms | 1.13% |   9.460 GB/s |  2.96% |
| contains |      40 |       256 |   262144 |       80 |    528x |  18.646 ms | 1.02% |  18.641 ms | 1.02% |   3.451 GB/s |  1.08% |
|     find |      10 |        32 |  2097152 |       80 |    704x |   6.963 ms | 1.76% |   6.958 ms | 1.76% |  10.408 GB/s |  3.25% |
| contains |      10 |        32 |  2097152 |       80 |    576x |   3.561 ms | 1.07% |   3.557 ms | 1.07% |  18.594 GB/s |  5.81% |
|     find |      20 |        32 |  2097152 |       80 |    528x |  13.415 ms | 1.94% |  13.411 ms | 1.94% |   5.400 GB/s |  1.69% |
| contains |      20 |        32 |  2097152 |       80 |    688x |   5.165 ms | 1.16% |   5.161 ms | 1.15% |  12.815 GB/s |  4.00% |
|     find |      40 |        32 |  2097152 |       80 |    544x |  26.494 ms | 1.76% |  26.490 ms | 1.76% |   2.734 GB/s |  0.85% |
| contains |      40 |        32 |  2097152 |       80 |    800x |   8.809 ms | 1.21% |   8.804 ms | 1.21% |   7.511 GB/s |  2.35% |
|     find |      10 |        64 |  2097152 |       80 |    592x |   9.104 ms | 1.09% |   9.100 ms | 1.09% |  14.995 GB/s |  4.69% |
| contains |      10 |        64 |  2097152 |       80 |    624x |   7.208 ms | 0.89% |   7.203 ms | 0.88% |  18.072 GB/s |  5.65% |
|     find |      20 |        64 |  2097152 |       80 |    528x |  15.823 ms | 1.96% |  15.819 ms | 1.96% |   8.626 GB/s |  2.70% |
| contains |      20 |        64 |  2097152 |       80 |    768x |  10.152 ms | 1.10% |  10.147 ms | 1.10% |  12.828 GB/s |  4.01% |
|     find |      40 |        64 |  2097152 |       80 |    176x |  30.438 ms | 1.79% |  30.434 ms | 1.79% |   4.484 GB/s |  1.40% |
| contains |      40 |        64 |  2097152 |       80 |    768x |  16.727 ms | 0.84% |  16.722 ms | 0.84% |   7.784 GB/s |  2.43% |
|     find |      10 |       128 |  2097152 |       80 |    528x |  14.518 ms | 0.82% |  14.514 ms | 0.82% |  18.226 GB/s |  5.69% |
| contains |      10 |       128 |  2097152 |       80 |    516x |  29.044 ms | 0.67% |  29.038 ms | 0.67% |   8.893 GB/s |  2.78% |
|     find |      20 |       128 |  2097152 |       80 |    544x |  22.161 ms | 0.78% |  22.157 ms | 0.78% |  11.939 GB/s |  3.73% |
| contains |      20 |       128 |  2097152 |       80 |    352x |  42.705 ms | 0.70% |  42.699 ms | 0.70% |   6.048 GB/s |  1.89% |
|     find |      40 |       128 |  2097152 |       80 |    192x |  39.886 ms | 0.99% |  39.882 ms | 0.99% |   6.633 GB/s |  2.07% |
| contains |      40 |       128 |  2097152 |       80 |     11x | 130.226 ms | 0.27% | 130.220 ms | 0.27% |   1.983 GB/s |  0.62% |
|     find |      10 |       256 |  2097152 |       80 |    748x |  20.046 ms | 0.92% |  20.042 ms | 0.92% |  25.979 GB/s |  8.12% |
| contains |      10 |       256 |  2097152 |       80 |    272x |  45.874 ms | 0.99% |  45.867 ms | 0.99% |  11.215 GB/s |  3.50% |
|     find |      20 |       256 |  2097152 |       80 |     17x |  30.352 ms | 0.48% |  30.348 ms | 0.48% |  17.157 GB/s |  5.36% |
| contains |      20 |       256 |  2097152 |       80 |     11x |  61.719 ms | 0.40% |  61.712 ms | 0.40% |   8.335 GB/s |  2.60% |
|     find |      40 |       256 |  2097152 |       80 |    144x |  54.466 ms | 0.86% |  54.463 ms | 0.86% |   9.560 GB/s |  2.99% |
| contains |      40 |       256 |  2097152 |       80 |     11x | 147.889 ms | 0.30% | 147.883 ms | 0.30% |   3.478 GB/s |  1.09% |

## strings_join

### [0] Tesla T4

| min_width | max_width | num_rows | chars_size | Samples |  CPU Time  | Noise |  GPU Time  | Noise | Elem/s  | GlobalMem BW | BWUtil |
|-----------|-----------|----------|------------|---------|------------|-------|------------|-------|---------|--------------|--------|
|         0 |        32 |    32768 |     515699 |   4896x | 105.969 us | 9.66% | 102.259 us | 8.87% |  5.043G |  10.086 GB/s |  3.15% |
|         0 |        64 |    32768 |    1031725 |   3648x | 141.258 us | 4.30% | 137.579 us | 3.35% |  7.499G |  14.998 GB/s |  4.69% |
|         0 |       128 |    32768 |    2062202 |   2576x | 198.746 us | 2.75% | 195.036 us | 1.95% | 10.573G |  21.147 GB/s |  6.61% |
|         0 |       256 |    32768 |    4124375 |   2176x | 256.574 us | 3.02% | 252.875 us | 2.63% | 16.310G |  32.620 GB/s | 10.19% |
|         0 |        32 |   262144 |    4113546 |   2176x | 234.326 us | 2.78% | 230.516 us | 2.23% | 17.845G |  35.690 GB/s | 11.15% |
|         0 |        64 |   262144 |    8230078 |   1200x | 509.180 us | 1.51% | 505.290 us | 1.30% | 16.288G |  32.576 GB/s | 10.18% |
|         0 |       128 |   262144 |   16451869 |   1232x | 754.283 us | 5.27% | 750.007 us | 5.22% | 21.936G |  43.871 GB/s | 13.71% |
|         0 |       256 |   262144 |   32901957 |   1280x |   1.135 ms | 1.57% |   1.131 ms | 1.52% | 29.099G |  58.198 GB/s | 18.18% |
|         0 |        32 |  2097152 |   32879104 |   1552x |   1.489 ms | 1.26% |   1.485 ms | 1.23% | 22.141G |  44.283 GB/s | 13.84% |
|         0 |        64 |  2097152 |   65771280 |    944x |   3.675 ms | 1.18% |   3.671 ms | 1.18% | 17.916G |  35.832 GB/s | 11.20% |
|         0 |       128 |  2097152 |  131478779 |   1696x |   5.512 ms | 2.04% |   5.507 ms | 2.03% | 23.875G |  47.749 GB/s | 14.92% |
|         0 |       256 |  2097152 |  262946888 |    576x |   8.612 ms | 1.11% |   8.608 ms | 1.11% | 30.547G |  61.095 GB/s | 19.09% |

## lengths

### [0] Tesla T4

| min_width | max_width | num_rows | Samples |  CPU Time  | Noise  |  GPU Time  | Noise | GlobalMem BW | BWUtil |
|-----------|-----------|----------|---------|------------|--------|------------|-------|--------------|--------|
|         0 |        32 |    32768 |  11392x |  47.636 us | 10.98% |  43.941 us | 6.81% |  14.719 GB/s |  4.60% |
|         0 |        64 |    32768 |  10384x |  51.810 us |  9.11% |  48.159 us | 4.99% |  24.145 GB/s |  7.54% |
|         0 |       128 |    32768 |   7792x |  67.937 us |  7.19% |  64.267 us | 4.30% |  34.128 GB/s | 10.66% |
|         0 |       256 |    32768 |   5792x |  90.384 us |  5.26% |  86.389 us | 2.39% |  49.259 GB/s | 15.39% |
|         0 |        32 |   262144 |   6720x |  78.160 us |  5.85% |  74.493 us | 3.06% |  69.296 GB/s | 21.65% |
|         0 |        64 |   262144 |   5008x | 103.729 us |  5.19% | 100.021 us | 3.55% |  92.767 GB/s | 28.98% |
|         0 |       128 |   262144 |   2464x | 207.894 us |  2.60% | 204.104 us | 1.79% |  85.743 GB/s | 26.79% |
|         0 |       256 |   262144 |   2432x | 505.623 us |  2.28% | 501.386 us | 2.11% |  67.713 GB/s | 21.16% |
|         0 |        32 |  2097152 |   1600x | 317.630 us |  1.85% | 313.496 us | 1.28% | 131.637 GB/s | 41.13% |
|         0 |        64 |  2097152 |   1568x | 580.395 us |  1.35% | 576.327 us | 1.14% | 128.677 GB/s | 40.20% |
|         0 |       128 |  2097152 |   1408x |   1.407 ms |  1.28% |   1.403 ms | 1.24% |  99.665 GB/s | 31.14% |
|         0 |       256 |  2097152 |   1344x |   3.880 ms |  1.08% |   3.875 ms | 1.07% |  70.021 GB/s | 21.88% |

## strings_like

### [0] Tesla T4

| row_width | num_rows | hit_rate | chars_size | Samples |  CPU Time  | Noise |  GPU Time  | Noise | Elem/s  | GlobalMem BW | BWUtil |
|-----------|----------|----------|------------|---------|------------|-------|------------|-------|---------|--------------|--------|
|        32 |    32768 |       10 |     833105 |   5008x | 103.669 us | 5.48% |  99.922 us | 3.92% |  8.338G |   8.665 GB/s |  2.71% |
|        64 |    32768 |       10 |    1666210 |   3136x | 163.573 us | 3.01% | 159.865 us | 1.90% | 10.423G |  10.628 GB/s |  3.32% |
|       128 |    32768 |       10 |    3332420 |   1536x | 334.439 us | 1.79% | 330.770 us | 1.40% | 10.075G |  10.174 GB/s |  3.18% |
|       256 |    32768 |       10 |    6664840 |    816x | 621.106 us | 1.14% | 617.295 us | 0.96% | 10.797G |  10.850 GB/s |  3.39% |
|        32 |   262144 |       10 |    6676804 |   2144x | 346.307 us | 2.32% | 342.371 us | 2.00% | 19.502G |  20.267 GB/s |  6.33% |
|        64 |   262144 |       10 |   13353608 |    864x | 679.160 us | 1.51% | 675.139 us | 1.38% | 19.779G |  20.167 GB/s |  6.30% |
|       128 |   262144 |       10 |   26707216 |   1168x |   2.267 ms | 1.62% |   2.263 ms | 1.61% | 11.800G |  11.916 GB/s |  3.72% |
|       256 |   262144 |       10 |   53414432 |    672x |   5.140 ms | 1.33% |   5.136 ms | 1.32% | 10.401G |  10.452 GB/s |  3.27% |
|        32 |  2097152 |       10 |   53289559 |   1888x |   2.433 ms | 1.64% |   2.429 ms | 1.63% | 21.942G |  22.806 GB/s |  7.13% |
|        64 |  2097152 |       10 |  106579118 |    544x |   4.911 ms | 0.92% |   4.907 ms | 0.91% | 21.718G |  22.145 GB/s |  6.92% |
|       128 |  2097152 |       10 |  213158236 |    736x |  17.750 ms | 0.90% |  17.746 ms | 0.90% | 12.012G |  12.130 GB/s |  3.79% |
|       256 |  2097152 |       10 |  426316472 |    381x |  39.431 ms | 0.84% |  39.427 ms | 0.84% | 10.813G |  10.866 GB/s |  3.39% |
|        32 |    32768 |       25 |     869975 |   4960x | 104.822 us | 7.69% | 101.084 us | 6.60% |  8.606G |   8.931 GB/s |  2.79% |
|        64 |    32768 |       25 |    1739950 |   3104x | 164.996 us | 3.42% | 161.272 us | 2.50% | 10.789G |  10.992 GB/s |  3.43% |
|       128 |    32768 |       25 |    3479900 |   1520x | 333.538 us | 1.46% | 329.881 us | 0.95% | 10.549G |  10.648 GB/s |  3.33% |
|       256 |    32768 |       25 |    6959800 |   1792x | 651.595 us | 1.14% | 647.818 us | 0.97% | 10.743G |  10.794 GB/s |  3.37% |
|        32 |   262144 |       25 |    6964160 |   2432x | 347.835 us | 2.44% | 343.900 us | 2.13% | 20.251G |  21.013 GB/s |  6.57% |
|        64 |   262144 |       25 |   13928320 |   1024x | 693.306 us | 1.31% | 689.315 us | 1.18% | 20.206G |  20.586 GB/s |  6.43% |
|       128 |   262144 |       25 |   27856640 |   1696x |   2.589 ms | 1.46% |   2.585 ms | 1.45% | 10.776G |  10.877 GB/s |  3.40% |
|       256 |   262144 |       25 |   55713280 |    656x |   5.643 ms | 1.04% |   5.639 ms | 1.04% |  9.881G |   9.927 GB/s |  3.10% |
|        32 |  2097152 |       25 |   55584860 |   1840x |   2.454 ms | 1.39% |   2.450 ms | 1.38% | 22.689G |  23.545 GB/s |  7.36% |
|        64 |  2097152 |       25 |  111169720 |    672x |   5.042 ms | 0.86% |   5.038 ms | 0.86% | 22.067G |  22.483 GB/s |  7.02% |
|       128 |  2097152 |       25 |  222339440 |    624x |  19.772 ms | 1.29% |  19.768 ms | 1.29% | 11.247G |  11.353 GB/s |  3.55% |
|       256 |  2097152 |       25 |  444678880 |     80x |  42.223 ms | 1.09% |  42.218 ms | 1.09% | 10.533G |  10.582 GB/s |  3.31% |
|        32 |    32768 |       70 |     980661 |   5248x |  99.072 us | 7.33% |  95.367 us | 6.08% | 10.283G |  10.627 GB/s |  3.32% |
|        64 |    32768 |       70 |    1961322 |   3168x | 162.058 us | 2.95% | 158.359 us | 1.78% | 12.385G |  12.592 GB/s |  3.93% |
|       128 |    32768 |       70 |    3922644 |   2400x | 416.048 us | 1.61% | 412.261 us | 1.31% |  9.515G |   9.594 GB/s |  3.00% |
|       256 |    32768 |       70 |    7845288 |    650x | 773.929 us | 0.61% | 770.163 us | 0.37% | 10.187G |  10.229 GB/s |  3.20% |
|        32 |   262144 |       70 |    7813193 |   1952x | 292.611 us | 2.82% | 288.687 us | 2.46% | 27.065G |  27.973 GB/s |  8.74% |
|        64 |   262144 |       70 |   15626386 |   1296x | 724.646 us | 1.55% | 720.642 us | 1.44% | 21.684G |  22.048 GB/s |  6.89% |
|       128 |   262144 |       70 |   31252772 |    576x |   6.310 ms | 2.95% |   6.305 ms | 2.95% |  4.956G |   4.998 GB/s |  1.56% |
|       256 |   262144 |       70 |   62505544 |    320x |  14.237 ms | 2.86% |  14.233 ms | 2.86% |  4.392G |   4.410 GB/s |  1.38% |
|        32 |  2097152 |       70 |   62507232 |    592x |   1.997 ms | 1.08% |   1.993 ms | 1.05% | 31.364G |  32.416 GB/s | 10.13% |
|        64 |  2097152 |       70 |  125014464 |   1088x |   5.257 ms | 0.98% |   5.253 ms | 0.97% | 23.798G |  24.197 GB/s |  7.56% |
|       128 |  2097152 |       70 |  250028928 |    240x |  48.929 ms | 1.36% |  48.925 ms | 1.36% |  5.110G |   5.153 GB/s |  1.61% |
|       256 |  2097152 |       70 |  500057856 |    112x | 113.587 ms | 1.57% | 113.584 ms | 1.57% |  4.403G |   4.421 GB/s |  1.38% |
|        32 |    32768 |      100 |    1048576 |   5680x |  91.990 us | 6.86% |  88.251 us | 5.26% | 11.882G |  12.253 GB/s |  3.83% |
|        64 |    32768 |      100 |    2097152 |   3104x | 165.312 us | 2.90% | 161.623 us | 1.80% | 12.976G |  13.178 GB/s |  4.12% |
|       128 |    32768 |      100 |    4194304 |   1136x | 447.007 us | 1.10% | 443.259 us | 0.69% |  9.462G |   9.536 GB/s |  2.98% |
|       256 |    32768 |      100 |    8388608 |    678x | 836.461 us | 0.68% | 832.666 us | 0.50% | 10.074G |  10.114 GB/s |  3.16% |
|        32 |   262144 |      100 |    8388608 |   2912x | 280.736 us | 2.93% | 276.800 us | 2.54% | 30.306G |  31.253 GB/s |  9.76% |
|        64 |   262144 |      100 |   16777216 |   1232x | 770.064 us | 1.29% | 766.113 us | 1.18% | 21.899G |  22.241 GB/s |  6.95% |
|       128 |   262144 |      100 |   33554432 |    528x |   8.018 ms | 3.79% |   8.014 ms | 3.80% |  4.187G |   4.220 GB/s |  1.32% |
|       256 |   262144 |      100 |   67108864 |    544x |  17.661 ms | 3.30% |  17.657 ms | 3.30% |  3.801G |   3.816 GB/s |  1.19% |
|        32 |  2097152 |      100 |   67108864 |   1104x |   1.932 ms | 1.21% |   1.928 ms | 1.19% | 34.812G |  35.900 GB/s | 11.22% |
|        64 |  2097152 |      100 |  134217728 |   1024x |   5.679 ms | 1.10% |   5.674 ms | 1.10% | 23.653G |  24.022 GB/s |  7.51% |
|       128 |  2097152 |      100 |  268435456 |    256x |  58.783 ms | 1.25% |  58.780 ms | 1.25% |  4.567G |   4.602 GB/s |  1.44% |
|       256 |  2097152 |      100 |  536870912 |    103x | 146.005 ms | 1.26% | 146.002 ms | 1.26% |  3.677G |   3.692 GB/s |  1.15% |

## make_strings_column_batch

### [0] Tesla T4

| num_rows | batch_size | Samples |  CPU Time  | Noise |  GPU Time  | Noise |
|----------|------------|---------|------------|-------|------------|-------|
|   100000 |         10 |    960x |   1.047 ms | 0.95% |   1.043 ms | 0.84% |
|   500000 |         10 |   1888x |   4.277 ms | 0.85% |   4.273 ms | 0.84% |
|  1000000 |         10 |    992x |   8.174 ms | 0.87% |   8.169 ms | 0.86% |
|  2000000 |         10 |    704x |  16.031 ms | 0.87% |  16.026 ms | 0.87% |
|   100000 |         20 |   1856x |   2.078 ms | 0.89% |   2.074 ms | 0.86% |
|   500000 |         20 |   1312x |   8.587 ms | 0.72% |   8.582 ms | 0.72% |
|  1000000 |         20 |    913x |  16.399 ms | 0.80% |  16.394 ms | 0.80% |
|  2000000 |         20 |    465x |  32.246 ms | 0.97% |  32.240 ms | 0.97% |
|   100000 |         50 |   1360x |   5.136 ms | 0.69% |   5.132 ms | 0.69% |
|   500000 |         50 |    608x |  21.427 ms | 1.49% |  21.422 ms | 1.48% |
|  1000000 |         50 |    366x |  41.045 ms | 0.98% |  41.039 ms | 0.98% |
|  2000000 |         50 |     11x |  80.650 ms | 0.47% |  80.643 ms | 0.47% |
|   100000 |        100 |   1136x |  10.174 ms | 0.97% |  10.170 ms | 0.97% |
|   500000 |        100 |    349x |  42.997 ms | 0.76% |  42.991 ms | 0.76% |
|  1000000 |        100 |     25x |  82.441 ms | 0.49% |  82.434 ms | 0.49% |
|  2000000 |        100 |     11x | 162.393 ms | 0.47% | 162.385 ms | 0.47% |

## repeat

### [0] Tesla T4

| min_width | max_width | min_repeat | max_repeat | num_rows |  api   | Samples |  CPU Time  | Noise |  GPU Time  | Noise | GlobalMem BW | BWUtil |
|-----------|-----------|------------|------------|----------|--------|---------|------------|-------|------------|-------|--------------|--------|
|         0 |        32 |          0 |         16 |    32768 | scalar |   2656x | 285.088 us | 6.75% | 280.934 us | 6.54% |  31.206 GB/s |  9.75% |
|         0 |        64 |          0 |         16 |    32768 | scalar |   1264x | 810.681 us | 1.38% | 806.477 us | 1.28% |  21.748 GB/s |  6.79% |
|         0 |       128 |          0 |         16 |    32768 | scalar |    624x |   2.035 ms | 0.95% |   2.030 ms | 0.93% |  17.267 GB/s |  5.39% |
|         0 |       256 |          0 |         16 |    32768 | scalar |    128x |   6.044 ms | 1.36% |   6.040 ms | 1.36% |  11.609 GB/s |  3.63% |
|         0 |        32 |          0 |         16 |   262144 | scalar |    720x |   2.027 ms | 1.10% |   2.023 ms | 1.08% |  34.569 GB/s | 10.80% |
|         0 |        64 |          0 |         16 |   262144 | scalar |    800x |   6.149 ms | 1.04% |   6.145 ms | 1.04% |  22.769 GB/s |  7.11% |
|         0 |       128 |          0 |         16 |   262144 | scalar |    544x |  15.812 ms | 0.89% |  15.807 ms | 0.89% |  17.693 GB/s |  5.53% |
|         0 |       256 |          0 |         16 |   262144 | scalar |     12x |  43.960 ms | 0.45% |  43.955 ms | 0.45% |  12.725 GB/s |  3.98% |
|         0 |        32 |          0 |         16 |  2097152 | scalar |    576x |  16.057 ms | 0.91% |  16.052 ms | 0.91% |  34.822 GB/s | 10.88% |
|         0 |        64 |          0 |         16 |  2097152 | scalar |    160x |  48.935 ms | 0.63% |  48.930 ms | 0.63% |  22.851 GB/s |  7.14% |
|         0 |       128 |          0 |         16 |  2097152 | scalar |     11x | 126.106 ms | 0.39% | 126.101 ms | 0.39% |  17.725 GB/s |  5.54% |
|         0 |       256 |          0 |         16 |  2097152 | scalar |     11x | 346.529 ms | 0.16% | 346.525 ms | 0.16% |  12.900 GB/s |  4.03% |
|         0 |        32 |          0 |         16 |    32768 | column |   1744x | 402.200 us | 3.38% | 397.951 us | 3.19% |  11.560 GB/s |  3.61% |
|         0 |        64 |          0 |         16 |    32768 | column |    528x |   1.375 ms | 0.93% |   1.370 ms | 0.88% |   6.715 GB/s |  2.10% |
|         0 |       128 |          0 |         16 |    32768 | column |    224x |   5.961 ms | 0.56% |   5.957 ms | 0.56% |   3.088 GB/s |  0.96% |
|         0 |       256 |          0 |         16 |    32768 | column |     26x |  19.933 ms | 0.21% |  19.929 ms | 0.21% |   1.846 GB/s |  0.58% |
|         0 |        32 |          0 |         16 |   262144 | column |   2096x |   2.621 ms | 1.64% |   2.616 ms | 1.63% |  13.975 GB/s |  4.37% |
|         0 |        64 |          0 |         16 |   262144 | column |    544x |  11.370 ms | 1.16% |  11.366 ms | 1.15% |   6.436 GB/s |  2.01% |
|         0 |       128 |          0 |         16 |   262144 | column |     20x |  45.654 ms | 0.49% |  45.650 ms | 0.49% |   3.203 GB/s |  1.00% |
|         0 |       256 |          0 |         16 |   262144 | column |     11x | 143.417 ms | 0.40% | 143.414 ms | 0.40% |   2.039 GB/s |  0.64% |
|         0 |        32 |          0 |         16 |  2097152 | column |    742x |  20.210 ms | 1.04% |  20.206 ms | 1.04% |  14.475 GB/s |  4.52% |
|         0 |        64 |          0 |         16 |  2097152 | column |     11x |  75.172 ms | 0.45% |  75.168 ms | 0.45% |   7.783 GB/s |  2.43% |
|         0 |       128 |          0 |         16 |  2097152 | column |     11x | 312.059 ms | 0.17% | 312.057 ms | 0.17% |   3.748 GB/s |  1.17% |
|         0 |       256 |          0 |         16 |  2097152 | column |     11x | 971.124 ms | 0.16% | 971.129 ms | 0.16% |   2.409 GB/s |  0.75% |

## replace

### [0] Tesla T4

| min_width | max_width | num_rows |  api   | Samples |  CPU Time  | Noise  |  GPU Time  | Noise  | GlobalMem BW | BWUtil |
|-----------|-----------|----------|--------|---------|------------|--------|------------|--------|--------------|--------|
|         0 |        32 |    32768 | scalar |   5424x |  96.053 us |  5.63% |  92.199 us |  3.70% |  11.266 GB/s |  3.52% |
|         0 |        64 |    32768 | scalar |   3328x | 154.393 us |  4.78% | 150.425 us |  3.85% |  13.798 GB/s |  4.31% |
|         0 |       128 |    32768 | scalar |   1808x | 282.098 us |  2.04% | 278.142 us |  1.45% |  14.928 GB/s |  4.66% |
|         0 |       256 |    32768 | scalar |    912x | 783.705 us |  4.26% | 779.451 us |  4.21% |  10.651 GB/s |  3.33% |
|         0 |        32 |   262144 | scalar |   1696x | 300.141 us |  2.30% | 295.875 us |  1.77% |  28.200 GB/s |  8.81% |
|         0 |        64 |   262144 | scalar |   1184x | 688.226 us |  1.31% | 683.942 us |  1.15% |  24.379 GB/s |  7.62% |
|         0 |       128 |   262144 | scalar |    608x |   1.732 ms |  1.07% |   1.728 ms |  1.04% |  19.302 GB/s |  6.03% |
|         0 |       256 |   262144 | scalar |    816x |   5.523 ms |  1.24% |   5.519 ms |  1.24% |  12.083 GB/s |  3.78% |
|         0 |        32 |  2097152 | scalar |   1312x |   2.155 ms |  1.66% |   2.150 ms |  1.64% |  31.097 GB/s |  9.72% |
|         0 |        64 |  2097152 | scalar |    832x |   5.234 ms |  1.34% |   5.229 ms |  1.33% |  25.551 GB/s |  7.98% |
|         0 |       128 |  2097152 | scalar |    592x |  13.602 ms |  0.86% |  13.597 ms |  0.86% |  19.656 GB/s |  6.14% |
|         0 |       256 |  2097152 | scalar |    344x |  43.641 ms |  1.06% |  43.636 ms |  1.06% |  12.247 GB/s |  3.83% |
|         0 |        32 |    32768 |  multi |   3648x | 141.133 us |  5.87% | 137.208 us |  5.02% |   7.571 GB/s |  2.37% |
|         0 |        64 |    32768 |  multi |   2400x | 212.671 us |  2.51% | 208.761 us |  1.64% |   9.942 GB/s |  3.11% |
|         0 |       128 |    32768 |  multi |   1952x | 392.910 us |  2.66% | 388.879 us |  2.43% |  10.677 GB/s |  3.34% |
|         0 |       256 |    32768 |  multi |   1552x |   1.016 ms |  1.36% |   1.012 ms |  1.29% |   8.205 GB/s |  2.56% |
|         0 |        32 |   262144 |  multi |   1328x | 467.376 us |  1.91% | 463.124 us |  1.66% |  18.016 GB/s |  5.63% |
|         0 |        64 |   262144 |  multi |    688x | 980.852 us |  1.56% | 976.452 us |  1.49% |  17.076 GB/s |  5.34% |
|         0 |       128 |   262144 |  multi |    720x |   2.391 ms |  2.14% |   2.387 ms |  2.13% |  13.974 GB/s |  4.37% |
|         0 |       256 |   262144 |  multi |    656x |   7.292 ms |  1.49% |   7.288 ms |  1.48% |   9.150 GB/s |  2.86% |
|         0 |        32 |  2097152 |  multi |   1440x |   3.370 ms |  1.22% |   3.366 ms |  1.21% |  19.866 GB/s |  6.21% |
|         0 |        64 |  2097152 |  multi |    432x |   7.406 ms |  1.52% |   7.402 ms |  1.52% |  18.053 GB/s |  5.64% |
|         0 |       128 |  2097152 |  multi |    560x |  18.202 ms |  1.88% |  18.196 ms |  1.88% |  14.688 GB/s |  4.59% |
|         0 |       256 |  2097152 |  multi |     96x |  55.334 ms |  0.75% |  55.328 ms |  0.75% |   9.659 GB/s |  3.02% |
|         0 |        32 |    32768 |  slice |   6560x |  80.160 us |  8.03% |  76.251 us |  5.96% |  13.623 GB/s |  4.26% |
|         0 |        64 |    32768 |  slice |   4336x | 119.258 us |  4.67% | 115.404 us |  3.24% |  17.985 GB/s |  5.62% |
|         0 |       128 |    32768 |  slice |   2320x | 219.751 us |  2.96% | 215.607 us |  2.11% |  19.258 GB/s |  6.02% |
|         0 |       256 |    32768 |  slice |    704x | 719.080 us | 10.14% | 714.912 us | 10.13% |  11.613 GB/s |  3.63% |
|         0 |        32 |   262144 |  slice |   1984x | 257.528 us |  2.25% | 253.343 us |  1.50% |  32.934 GB/s | 10.29% |
|         0 |        64 |   262144 |  slice |    880x | 578.337 us |  1.44% | 573.950 us |  1.21% |  29.051 GB/s |  9.08% |
|         0 |       128 |   262144 |  slice |    880x |   1.384 ms |  1.15% |   1.380 ms |  1.10% |  24.172 GB/s |  7.55% |
|         0 |       256 |   262144 |  slice |    544x |   9.541 ms |  0.70% |   9.536 ms |  0.70% |   6.993 GB/s |  2.18% |
|         0 |        32 |  2097152 |  slice |   2016x |   1.891 ms |  1.95% |   1.886 ms |  1.93% |  35.445 GB/s | 11.07% |
|         0 |        64 |  2097152 |  slice |   1280x |   4.385 ms |  1.39% |   4.381 ms |  1.39% |  30.503 GB/s |  9.53% |
|         0 |       128 |  2097152 |  slice |    528x |  10.832 ms |  1.11% |  10.827 ms |  1.11% |  24.686 GB/s |  7.71% |
|         0 |       256 |  2097152 |  slice |     11x |  75.550 ms |  0.33% |  75.544 ms |  0.33% |   7.074 GB/s |  2.21% |

## replace_re

### [0] Tesla T4

| min_width | max_width | num_rows |  type   | chars_size | Samples |  CPU Time  | Noise |  GPU Time  | Noise |  Elem/s  | GlobalMem BW | BWUtil |
|-----------|-----------|----------|---------|------------|---------|------------|-------|------------|-------|----------|--------------|--------|
|         0 |        32 |    32768 | replace |     519372 |   1600x |   1.151 ms | 2.79% |   1.146 ms | 2.76% | 453.061M | 906.123 MB/s |  0.28% |
|         0 |        64 |    32768 | replace |    1037761 |    640x |   2.447 ms | 2.18% |   2.443 ms | 2.17% | 424.861M | 849.722 MB/s |  0.27% |
|         0 |       128 |    32768 | replace |    2076062 |    640x |   5.419 ms | 1.78% |   5.414 ms | 1.77% | 383.430M | 766.859 MB/s |  0.24% |
|         0 |       256 |    32768 | replace |    4150972 |    560x |  12.761 ms | 2.41% |  12.756 ms | 2.41% | 325.402M | 650.803 MB/s |  0.20% |
|         0 |        32 |   262144 | replace |    4171801 |   1136x |   6.462 ms | 1.61% |   6.457 ms | 1.60% | 646.042M |   1.292 GB/s |  0.40% |
|         0 |        64 |   262144 | replace |    8336782 |    304x |  13.738 ms | 1.24% |  13.733 ms | 1.23% | 607.075M |   1.214 GB/s |  0.38% |
|         0 |       128 |   262144 | replace |   16674882 |    486x |  30.883 ms | 0.84% |  30.878 ms | 0.84% | 540.027M |   1.080 GB/s |  0.34% |
|         0 |       256 |   262144 | replace |   33340708 |    203x |  73.998 ms | 0.58% |  73.993 ms | 0.58% | 450.595M | 901.189 MB/s |  0.28% |
|         0 |        32 |  2097152 | replace |   33432466 |    288x |  49.747 ms | 1.36% |  49.742 ms | 1.36% | 672.115M |   1.344 GB/s |  0.42% |
|         0 |        64 |  2097152 | replace |   66809992 |     11x | 104.993 ms | 0.12% | 104.987 ms | 0.12% | 636.363M |   1.273 GB/s |  0.40% |
|         0 |       128 |  2097152 | replace |  133633397 |     11x | 234.622 ms | 0.12% | 234.616 ms | 0.12% | 569.583M |   1.139 GB/s |  0.36% |
|         0 |       256 |  2097152 | replace |  267204509 |     11x | 563.428 ms | 0.09% | 563.426 ms | 0.09% | 474.249M | 948.499 MB/s |  0.30% |
|         0 |        32 |    32768 | backref |     519372 |   1488x |   1.500 ms | 2.99% |   1.496 ms | 2.97% | 347.160M | 694.319 MB/s |  0.22% |
|         0 |        64 |    32768 | backref |    1037761 |    528x |   3.076 ms | 2.25% |   3.071 ms | 2.24% | 337.898M | 675.795 MB/s |  0.21% |
|         0 |       128 |    32768 | backref |    2076062 |    144x |   6.694 ms | 1.83% |   6.689 ms | 1.83% | 310.363M | 620.726 MB/s |  0.19% |
|         0 |       256 |    32768 | backref |    4150972 |    112x |  15.422 ms | 1.52% |  15.418 ms | 1.52% | 269.235M | 538.469 MB/s |  0.17% |
|         0 |        32 |   262144 | backref |    4171801 |    992x |   8.525 ms | 1.07% |   8.520 ms | 1.06% | 489.656M | 979.312 MB/s |  0.31% |
|         0 |        64 |   262144 | backref |    8336782 |    304x |  17.543 ms | 0.86% |  17.539 ms | 0.86% | 475.333M | 950.665 MB/s |  0.30% |
|         0 |       128 |   262144 | backref |   16674882 |     80x |  38.061 ms | 0.97% |  38.057 ms | 0.97% | 438.155M | 876.310 MB/s |  0.27% |
|         0 |       256 |   262144 | backref |   33340708 |     96x |  89.131 ms | 0.69% |  89.125 ms | 0.69% | 374.090M | 748.180 MB/s |  0.23% |
|         0 |        32 |  2097152 | backref |   33432466 |    229x |  65.650 ms | 0.88% |  65.644 ms | 0.88% | 509.296M |   1.019 GB/s |  0.32% |
|         0 |        64 |  2097152 | backref |   66809992 |     11x | 134.730 ms | 0.15% | 134.724 ms | 0.15% | 495.904M | 991.808 MB/s |  0.31% |
|         0 |       128 |  2097152 | backref |  133633397 |     11x | 290.220 ms | 0.18% | 290.214 ms | 0.18% | 460.465M | 920.931 MB/s |  0.29% |
|         0 |       256 |  2097152 | backref |  267204509 |     11x | 680.755 ms | 0.15% | 680.750 ms | 0.15% | 392.515M | 785.030 MB/s |  0.25% |

## reverse

### [0] Tesla T4

| min_width | max_width | num_rows | chars_size | Samples |  CPU Time  | Noise |  GPU Time  | Noise | Elem/s  | GlobalMem BW | BWUtil |
|-----------|-----------|----------|------------|---------|------------|-------|------------|-------|---------|--------------|--------|
|         0 |        32 |    32768 |     515699 |   5712x |  91.518 us | 6.16% |  87.769 us | 4.33% |  5.876G |  11.751 GB/s |  3.67% |
|         0 |        64 |    32768 |    1031725 |   3856x | 133.737 us | 3.78% | 130.030 us | 2.44% |  7.935G |  15.869 GB/s |  4.96% |
|         0 |       128 |    32768 |    2062202 |   2672x | 244.679 us | 4.00% | 240.942 us | 3.67% |  8.559G |  17.118 GB/s |  5.35% |
|         0 |       256 |    32768 |    4124375 |   1280x | 687.843 us | 1.37% | 684.010 us | 1.24% |  6.030G |  12.059 GB/s |  3.77% |
|         0 |        32 |   262144 |    4113546 |   2304x | 257.733 us | 3.10% | 253.723 us | 2.66% | 16.213G |  32.426 GB/s | 10.13% |
|         0 |        64 |   262144 |    8230078 |   1584x | 598.169 us | 1.51% | 594.099 us | 1.34% | 13.853G |  27.706 GB/s |  8.66% |
|         0 |       128 |   262144 |   16451869 |    544x |   2.467 ms | 1.41% |   2.463 ms | 1.40% |  6.679G |  13.358 GB/s |  4.17% |
|         0 |       256 |   262144 |   32901957 |     23x |  27.073 ms | 0.49% |  27.070 ms | 0.49% |  1.215G |   2.431 GB/s |  0.76% |
|         0 |        32 |  2097152 |   32879104 |   2640x |   1.733 ms | 2.55% |   1.728 ms | 2.54% | 19.022G |  38.044 GB/s | 11.89% |
|         0 |        64 |  2097152 |   65771280 |    768x |   4.474 ms | 1.24% |   4.470 ms | 1.23% | 14.715G |  29.430 GB/s |  9.20% |
|         0 |       128 |  2097152 |  131478779 |    528x |  14.903 ms | 0.93% |  14.899 ms | 0.93% |  8.825G |  17.649 GB/s |  5.51% |
|         0 |       256 |  2097152 |  262946888 |     11x | 226.031 ms | 0.19% | 226.029 ms | 0.19% |  1.163G |   2.327 GB/s |  0.73% |

## slice

### [0] Tesla T4

| row_width | num_rows |   type   | chars_size | Samples |  CPU Time  | Noise |  GPU Time  | Noise | Elem/s  | GlobalMem BW | BWUtil |
|-----------|----------|----------|------------|---------|------------|-------|------------|-------|---------|--------------|--------|
|        32 |    32768 | position |     519372 |   3088x | 166.012 us | 4.35% | 162.138 us | 3.60% |  3.203G |   3.607 GB/s |  1.13% |
|        64 |    32768 | position |    1037761 |   2896x | 176.681 us | 4.78% | 172.778 us | 4.20% |  6.006G |   6.955 GB/s |  2.17% |
|       128 |    32768 | position |    2076062 |   2544x | 201.542 us | 3.11% | 197.675 us | 2.39% | 10.502G |  12.160 GB/s |  3.80% |
|       256 |    32768 | position |    4150972 |   1744x | 291.895 us | 2.22% | 288.021 us | 1.75% | 14.412G |  16.801 GB/s |  5.25% |
|        32 |   262144 | position |    4171801 |   1712x | 313.516 us | 2.71% | 309.631 us | 2.38% | 13.473G |  15.167 GB/s |  4.74% |
|        64 |   262144 | position |    8336782 |   1344x | 375.976 us | 1.87% | 372.108 us | 1.54% | 22.404G |  25.927 GB/s |  8.10% |
|       128 |   262144 | position |   16674882 |    864x | 590.205 us | 1.56% | 586.144 us | 1.39% | 28.448G |  32.921 GB/s | 10.29% |
|       256 |   262144 | position |   33340708 |   1280x |   2.176 ms | 1.09% |   2.172 ms | 1.07% | 15.351G |  17.886 GB/s |  5.59% |
|        32 |  2097152 | position |   33432466 |    544x |   1.391 ms | 0.64% |   1.387 ms | 0.56% | 24.104G |  27.128 GB/s |  8.48% |
|        64 |  2097152 | position |   66809992 |   2096x |   2.009 ms | 0.88% |   2.005 ms | 0.84% | 33.324G |  38.554 GB/s | 12.05% |
|       128 |  2097152 | position |  133633397 |    832x |   3.766 ms | 0.72% |   3.761 ms | 0.71% | 35.530G |  41.106 GB/s | 12.84% |
|       256 |  2097152 | position |  267204509 |    592x |  16.643 ms | 0.91% |  16.639 ms | 0.91% | 16.059G |  18.706 GB/s |  5.84% |
|        32 |    32768 |    multi |     519372 |   4672x | 111.150 us | 5.93% | 107.300 us | 4.61% |  4.840G |   5.451 GB/s |  1.70% |
|        64 |    32768 |    multi |    1037761 |   4304x | 120.377 us | 4.78% | 116.572 us | 3.46% |  8.902G |  10.308 GB/s |  3.22% |
|       128 |    32768 |    multi |    2076062 |   3472x | 148.096 us | 3.88% | 144.281 us | 2.82% | 14.389G |  16.660 GB/s |  5.21% |
|       256 |    32768 |    multi |    4150972 |   2672x | 238.814 us | 4.27% | 234.921 us | 3.91% | 17.670G |  20.599 GB/s |  6.44% |
|        32 |   262144 |    multi |    4171801 |   1904x | 267.542 us | 2.29% | 263.710 us | 1.75% | 15.820G |  17.808 GB/s |  5.56% |
|        64 |   262144 |    multi |    8336782 |   1520x | 335.271 us | 2.08% | 331.209 us | 1.67% | 25.171G |  29.128 GB/s |  9.10% |
|       128 |   262144 |    multi |   16674882 |   1104x | 557.551 us | 1.46% | 553.448 us | 1.25% | 30.129G |  34.866 GB/s | 10.89% |
|       256 |   262144 |    multi |   33340708 |    592x |   2.253 ms | 0.88% |   2.248 ms | 0.86% | 14.828G |  17.277 GB/s |  5.40% |
|        32 |  2097152 |    multi |   33432466 |    404x |   1.411 ms | 0.59% |   1.407 ms | 0.50% | 23.761G |  26.742 GB/s |  8.36% |
|        64 |  2097152 |    multi |   66809992 |    992x |   2.008 ms | 1.28% |   2.003 ms | 1.23% | 33.350G |  38.584 GB/s | 12.06% |
|       128 |  2097152 |    multi |  133633397 |    928x |   3.820 ms | 0.73% |   3.815 ms | 0.72% | 35.027G |  40.524 GB/s | 12.66% |
|       256 |  2097152 |    multi |  267204509 |    560x |  17.520 ms | 0.80% |  17.516 ms | 0.80% | 15.255G |  17.769 GB/s |  5.55% |

## split

### [0] Tesla T4

| min_width | max_width | num_rows |   type    | chars_size | Samples |  CPU Time  | Noise |  GPU Time  | Noise | Elem/s  | GlobalMem BW | BWUtil |
|-----------|-----------|----------|-----------|------------|---------|------------|-------|------------|-------|---------|--------------|--------|
|         0 |        32 |    32768 |     split |     519372 |   1280x | 401.152 us | 2.65% | 397.372 us | 2.46% |  1.307G |   2.614 GB/s |  0.82% |
|         0 |        64 |    32768 |     split |    1037761 |   2256x | 560.456 us | 2.67% | 556.673 us | 2.58% |  1.864G |   3.728 GB/s |  1.16% |
|         0 |       128 |    32768 |     split |    2076062 |    896x | 704.902 us | 1.66% | 701.143 us | 1.57% |  2.961G |   5.922 GB/s |  1.85% |
|         0 |       256 |    32768 |     split |    4150972 |   2112x |   1.047 ms | 1.54% |   1.043 ms | 1.50% |  3.978G |   7.956 GB/s |  2.49% |
|         0 |        32 |   262144 |     split |    4171801 |   2064x | 864.571 us | 1.66% | 860.699 us | 1.59% |  4.847G |   9.694 GB/s |  3.03% |
|         0 |        64 |   262144 |     split |    8336782 |   1856x |   1.374 ms | 1.91% |   1.370 ms | 1.88% |  6.087G |  12.173 GB/s |  3.80% |
|         0 |       128 |   262144 |     split |   16674882 |   1792x |   2.173 ms | 1.12% |   2.169 ms | 1.09% |  7.688G |  15.376 GB/s |  4.80% |
|         0 |       256 |   262144 |     split |   33340708 |   1136x |   3.785 ms | 0.79% |   3.781 ms | 0.78% |  8.818G |  17.636 GB/s |  5.51% |
|         0 |        32 |  2097152 |     split |   33432466 |   1072x |   5.229 ms | 0.73% |   5.225 ms | 0.73% |  6.399G |  12.798 GB/s |  4.00% |
|         0 |        64 |  2097152 |     split |   66809992 |    608x |   8.709 ms | 0.68% |   8.704 ms | 0.68% |  7.675G |  15.351 GB/s |  4.80% |
|         0 |       128 |  2097152 |     split |  133633397 |    560x |  14.783 ms | 0.86% |  14.779 ms | 0.86% |  9.042G |  18.085 GB/s |  5.65% |
|         0 |       256 |  2097152 |     split |  267204509 |    564x |  26.605 ms | 0.73% |  26.601 ms | 0.73% | 10.045G |  20.090 GB/s |  6.28% |
|         0 |        32 |    32768 |  split_ws |     519372 |   2640x | 297.120 us | 7.36% | 293.255 us | 7.22% |  1.771G |   3.542 GB/s |  1.11% |
|         0 |        64 |    32768 |  split_ws |    1037761 |   1280x | 398.007 us | 2.18% | 394.232 us | 1.95% |  2.632G |   5.265 GB/s |  1.64% |
|         0 |       128 |    32768 |  split_ws |    2076062 |    896x | 644.177 us | 1.36% | 640.438 us | 1.22% |  3.242G |   6.483 GB/s |  2.03% |
|         0 |       256 |    32768 |  split_ws |    4150972 |   2496x | 967.696 us | 2.21% | 963.913 us | 2.18% |  4.306G |   8.613 GB/s |  2.69% |
|         0 |        32 |   262144 |  split_ws |    4171801 |   1184x | 771.870 us | 1.33% | 767.662 us | 1.22% |  5.434G |  10.869 GB/s |  3.40% |
|         0 |        64 |   262144 |  split_ws |    8336782 |    624x |   1.164 ms | 0.88% |   1.159 ms | 0.79% |  7.191G |  14.382 GB/s |  4.49% |
|         0 |       128 |   262144 |  split_ws |   16674882 |   1184x |   2.062 ms | 0.90% |   2.058 ms | 0.87% |  8.103G |  16.206 GB/s |  5.06% |
|         0 |       256 |   262144 |  split_ws |   33340708 |    992x |   4.193 ms | 0.90% |   4.189 ms | 0.89% |  7.959G |  15.919 GB/s |  4.97% |
|         0 |        32 |  2097152 |  split_ws |   33432466 |    112x |   4.474 ms | 0.34% |   4.470 ms | 0.33% |  7.480G |  14.959 GB/s |  4.67% |
|         0 |        64 |  2097152 |  split_ws |   66809992 |     71x |   7.074 ms | 0.46% |   7.070 ms | 0.46% |  9.450G |  18.900 GB/s |  5.91% |
|         0 |       128 |  2097152 |  split_ws |  133633397 |    672x |  13.111 ms | 0.66% |  13.106 ms | 0.66% | 10.196G |  20.392 GB/s |  6.37% |
|         0 |       256 |  2097152 |  split_ws |  267204509 |    128x |  28.123 ms | 0.72% |  28.119 ms | 0.72% |  9.503G |  19.005 GB/s |  5.94% |
|         0 |        32 |    32768 |    record |     519372 |   2048x | 291.506 us | 4.49% | 287.200 us | 4.20% |  1.808G |   3.617 GB/s |  1.13% |
|         0 |        64 |    32768 |    record |    1037761 |   1680x | 333.561 us | 3.14% | 329.303 us | 2.86% |  3.151G |   6.303 GB/s |  1.97% |
|         0 |       128 |    32768 |    record |    2076062 |   1616x | 405.109 us | 2.06% | 400.886 us | 1.77% |  5.179G |  10.357 GB/s |  3.24% |
|         0 |       256 |    32768 |    record |    4150972 |    928x | 543.021 us | 1.58% | 538.816 us | 1.37% |  7.704G |  15.408 GB/s |  4.81% |
|         0 |        32 |   262144 |    record |    4171801 |   2032x | 671.457 us | 1.97% | 667.125 us | 1.85% |  6.253G |  12.507 GB/s |  3.91% |
|         0 |        64 |   262144 |    record |    8336782 |   2576x | 981.953 us | 1.78% | 977.575 us | 1.72% |  8.528G |  17.056 GB/s |  5.33% |
|         0 |       128 |   262144 |    record |   16674882 |    928x |   1.630 ms | 2.77% |   1.625 ms | 2.75% | 10.259G |  20.519 GB/s |  6.41% |
|         0 |       256 |   262144 |    record |   33340708 |    992x |   2.856 ms | 0.98% |   2.851 ms | 0.96% | 11.693G |  23.385 GB/s |  7.31% |
|         0 |        32 |  2097152 |    record |   33432466 |    880x |   4.102 ms | 1.03% |   4.098 ms | 1.02% |  8.159G |  16.318 GB/s |  5.10% |
|         0 |        64 |  2097152 |    record |   66809992 |    992x |   6.684 ms | 0.88% |   6.680 ms | 0.87% | 10.002G |  20.004 GB/s |  6.25% |
|         0 |       128 |  2097152 |    record |  133633397 |    544x |  11.725 ms | 1.08% |  11.721 ms | 1.07% | 11.401G |  22.803 GB/s |  7.12% |
|         0 |       256 |  2097152 |    record |  267204509 |    528x |  21.618 ms | 2.00% |  21.614 ms | 2.00% | 12.363G |  24.726 GB/s |  7.73% |
|         0 |        32 |    32768 | record_ws |     519372 |   2352x | 226.388 us | 6.36% | 222.218 us | 6.03% |  2.337G |   4.674 GB/s |  1.46% |
|         0 |        64 |    32768 | record_ws |    1037761 |   1824x | 278.351 us | 2.49% | 274.191 us | 1.96% |  3.785G |   7.570 GB/s |  2.37% |
|         0 |       128 |    32768 | record_ws |    2076062 |   1200x | 425.040 us | 1.62% | 420.868 us | 1.28% |  4.933G |   9.866 GB/s |  3.08% |
|         0 |       256 |    32768 | record_ws |    4150972 |    640x | 786.731 us | 0.88% | 782.525 us | 0.69% |  5.305G |  10.609 GB/s |  3.31% |
|         0 |        32 |   262144 | record_ws |    4171801 |   1920x | 509.660 us | 1.89% | 505.420 us | 1.68% |  8.254G |  16.508 GB/s |  5.16% |
|         0 |        64 |   262144 | record_ws |    8336782 |   1072x | 804.378 us | 2.13% | 799.857 us | 2.04% | 10.423G |  20.846 GB/s |  6.51% |
|         0 |       128 |   262144 | record_ws |   16674882 |   1456x |   1.660 ms | 1.53% |   1.656 ms | 1.50% | 10.070G |  20.140 GB/s |  6.29% |
|         0 |       256 |   262144 | record_ws |   33340708 |    752x |   4.163 ms | 1.71% |   4.159 ms | 1.70% |  8.017G |  16.034 GB/s |  5.01% |
|         0 |        32 |  2097152 | record_ws |   33432466 |   1248x |   3.002 ms | 0.82% |   2.997 ms | 0.80% | 11.156G |  22.313 GB/s |  6.97% |
|         0 |        64 |  2097152 | record_ws |   66809992 |    800x |   5.240 ms | 0.99% |   5.235 ms | 0.98% | 12.761G |  25.522 GB/s |  7.97% |
|         0 |       128 |  2097152 | record_ws |  133633397 |    704x |  11.820 ms | 0.76% |  11.815 ms | 0.76% | 11.311G |  22.621 GB/s |  7.07% |
|         0 |       256 |  2097152 | record_ws |  267204509 |    505x |  29.727 ms | 0.77% |  29.722 ms | 0.77% |  8.990G |  17.980 GB/s |  5.62% |

## split_re

### [0] Tesla T4

| min_width | max_width | num_rows | chars_size | Samples |  CPU Time  | Noise |  GPU Time  | Noise |  Elem/s  | GlobalMem BW | BWUtil |
|-----------|-----------|----------|------------|---------|------------|-------|------------|-------|----------|--------------|--------|
|         0 |        32 |    32768 |     519372 |   2176x | 962.914 us | 3.35% | 958.657 us | 3.32% | 541.770M |   1.084 GB/s |  0.34% |
|         0 |        64 |    32768 |    1037761 |    592x |   1.937 ms | 2.39% |   1.933 ms | 2.38% | 536.967M |   1.074 GB/s |  0.34% |
|         0 |       128 |    32768 |    2076062 |    752x |   4.265 ms | 1.63% |   4.260 ms | 1.62% | 487.291M | 974.582 MB/s |  0.30% |
|         0 |       256 |    32768 |    4150972 |    112x |   9.995 ms | 2.41% |   9.991 ms | 2.41% | 415.485M | 830.970 MB/s |  0.26% |
|         0 |        32 |   262144 |    4171801 |   1424x |   5.693 ms | 1.43% |   5.689 ms | 1.43% | 733.364M |   1.467 GB/s |  0.46% |
|         0 |        64 |   262144 |    8336782 |    624x |  12.024 ms | 0.92% |  12.020 ms | 0.92% | 693.582M |   1.387 GB/s |  0.43% |
|         0 |       128 |   262144 |   16674882 |    537x |  27.950 ms | 0.68% |  27.945 ms | 0.68% | 596.697M |   1.193 GB/s |  0.37% |
|         0 |       256 |   262144 |   33340708 |     11x |  68.798 ms | 0.49% |  68.794 ms | 0.49% | 484.646M | 969.293 MB/s |  0.30% |
|         0 |        32 |  2097152 |   33432466 |    350x |  42.852 ms | 0.59% |  42.848 ms | 0.59% | 780.263M |   1.561 GB/s |  0.49% |
|         0 |        64 |  2097152 |   66809992 |    144x |  91.628 ms | 0.81% |  91.624 ms | 0.81% | 729.174M |   1.458 GB/s |  0.46% |
|         0 |       128 |  2097152 |  133633397 |     12x | 209.496 ms | 0.50% | 209.493 ms | 0.50% | 637.891M |   1.276 GB/s |  0.40% |
|         0 |       256 |  2097152 |  267204509 |     11x | 516.636 ms | 0.21% | 516.635 ms | 0.21% | 517.202M |   1.034 GB/s |  0.32% |

## translate

### [0] Tesla T4

| min_width | max_width | num_rows | entries | Samples |  CPU Time  | Noise |  GPU Time  | Noise | GlobalMem BW | BWUtil |
|-----------|-----------|----------|---------|---------|------------|-------|------------|-------|--------------|--------|
|         0 |        32 |    32768 |       5 |   4384x | 117.996 us | 5.86% | 114.088 us | 4.63% |   9.105 GB/s |  2.84% |
|         0 |        64 |    32768 |       5 |   2656x | 192.564 us | 3.36% | 188.616 us | 2.57% |  11.004 GB/s |  3.44% |
|         0 |       128 |    32768 |       5 |   2560x | 405.604 us | 2.02% | 401.542 us | 1.74% |  10.340 GB/s |  3.23% |
|         0 |       256 |    32768 |       5 |    624x |   3.246 ms | 0.66% |   3.242 ms | 0.65% |   2.561 GB/s |  0.80% |
|         0 |        32 |   262144 |       5 |   2160x | 497.219 us | 2.45% | 492.892 us | 2.28% |  16.928 GB/s |  5.29% |
|         0 |        64 |   262144 |       5 |    752x |   1.005 ms | 2.23% |   1.001 ms | 2.18% |  16.660 GB/s |  5.21% |
|         0 |       128 |   262144 |       5 |    656x |   3.033 ms | 0.90% |   3.028 ms | 0.88% |  11.014 GB/s |  3.44% |
|         0 |       256 |   262144 |       5 |     18x |  28.054 ms | 0.37% |  28.048 ms | 0.37% |   2.377 GB/s |  0.74% |
|         0 |        32 |  2097152 |       5 |   1792x |   3.783 ms | 1.81% |   3.778 ms | 1.80% |  17.698 GB/s |  5.53% |
|         0 |        64 |  2097152 |       5 |    832x |   7.690 ms | 0.75% |   7.685 ms | 0.75% |  17.386 GB/s |  5.43% |
|         0 |       128 |  2097152 |       5 |    746x |  20.087 ms | 1.18% |  20.081 ms | 1.17% |  13.309 GB/s |  4.16% |
|         0 |       256 |  2097152 |       5 |     11x | 228.205 ms | 0.14% | 228.198 ms | 0.14% |   2.342 GB/s |  0.73% |
|         0 |        32 |    32768 |      25 |   3472x | 148.013 us | 4.72% | 144.065 us | 3.73% |   7.210 GB/s |  2.25% |
|         0 |        64 |    32768 |      25 |   2016x | 253.873 us | 2.71% | 249.975 us | 2.19% |   8.303 GB/s |  2.59% |
|         0 |       128 |    32768 |      25 |   1856x | 513.537 us | 2.11% | 509.460 us | 1.95% |   8.150 GB/s |  2.55% |
|         0 |       256 |    32768 |      25 |    528x |   3.401 ms | 0.64% |   3.396 ms | 0.62% |   2.444 GB/s |  0.76% |
|         0 |        32 |   262144 |      25 |   2464x | 704.190 us | 1.89% | 699.890 us | 1.78% |  11.921 GB/s |  3.72% |
|         0 |        64 |   262144 |      25 |    864x |   1.363 ms | 1.26% |   1.359 ms | 1.21% |  12.269 GB/s |  3.83% |
|         0 |       128 |   262144 |      25 |    800x |   3.625 ms | 0.93% |   3.621 ms | 0.92% |   9.210 GB/s |  2.88% |
|         0 |       256 |   262144 |      25 |     18x |  28.394 ms | 0.38% |  28.389 ms | 0.38% |   2.349 GB/s |  0.73% |
|         0 |        32 |  2097152 |      25 |    848x |   5.382 ms | 2.21% |   5.378 ms | 2.21% |  12.433 GB/s |  3.88% |
|         0 |        64 |  2097152 |      25 |    928x |  10.598 ms | 1.84% |  10.594 ms | 1.84% |  12.613 GB/s |  3.94% |
|         0 |       128 |  2097152 |      25 |    528x |  25.592 ms | 2.68% |  25.587 ms | 2.68% |  10.445 GB/s |  3.26% |
|         0 |       256 |  2097152 |      25 |     11x | 230.114 ms | 0.12% | 230.108 ms | 0.12% |   2.322 GB/s |  0.73% |
|         0 |        32 |    32768 |      50 |   3184x | 160.939 us | 4.21% | 157.081 us | 3.37% |   6.613 GB/s |  2.07% |
|         0 |        64 |    32768 |      50 |   2000x | 281.094 us | 2.21% | 277.128 us | 1.67% |   7.489 GB/s |  2.34% |
|         0 |       128 |    32768 |      50 |   1696x | 567.939 us | 1.87% | 563.863 us | 1.72% |   7.364 GB/s |  2.30% |
|         0 |       256 |    32768 |      50 |    528x |   3.464 ms | 0.64% |   3.460 ms | 0.63% |   2.400 GB/s |  0.75% |
|         0 |        32 |   262144 |      50 |   1264x | 809.472 us | 2.82% | 805.169 us | 2.76% |  10.363 GB/s |  3.24% |
|         0 |        64 |   262144 |      50 |    992x |   1.560 ms | 1.47% |   1.555 ms | 1.44% |  10.719 GB/s |  3.35% |
|         0 |       128 |   262144 |      50 |   1120x |   3.960 ms | 1.09% |   3.955 ms | 1.08% |   8.432 GB/s |  2.63% |
|         0 |       256 |   262144 |      50 |     20x |  28.463 ms | 0.50% |  28.458 ms | 0.50% |   2.343 GB/s |  0.73% |
|         0 |        32 |  2097152 |      50 |   1248x |   6.108 ms | 1.23% |   6.103 ms | 1.22% |  10.956 GB/s |  3.42% |
|         0 |        64 |  2097152 |      50 |    576x |  12.047 ms | 1.49% |  12.043 ms | 1.49% |  11.096 GB/s |  3.47% |
|         0 |       128 |  2097152 |      50 |    496x |  28.380 ms | 1.87% |  28.375 ms | 1.87% |   9.419 GB/s |  2.94% |
|         0 |       256 |  2097152 |      50 |     11x | 229.952 ms | 0.23% | 229.945 ms | 0.23% |   2.324 GB/s |  0.73% |

## url_decode

### [0] Tesla T4

| row_width | num_rows | esc_seq_pct | Samples |  CPU Time  | Noise |  GPU Time  | Noise | GlobalMem BW | BWUtil |
|-----------|----------|-------------|---------|------------|-------|------------|-------|--------------|--------|
|        32 |    32768 |          10 |   3248x | 158.200 us | 3.00% | 154.220 us | 1.51% |  12.560 GB/s |  3.92% |
|        64 |    32768 |          10 |   2272x | 224.992 us | 2.31% | 220.934 us | 1.38% |  17.466 GB/s |  5.46% |
|       128 |    32768 |          10 |   1936x | 380.250 us | 2.97% | 375.965 us | 2.73% |  20.486 GB/s |  6.40% |
|       256 |    32768 |          10 |   1296x | 659.478 us | 1.23% | 655.090 us | 1.02% |  23.488 GB/s |  7.34% |
|        32 |   262144 |          10 |   1264x |   1.130 ms | 1.58% |   1.126 ms | 1.53% |  13.765 GB/s |  4.30% |
|        64 |   262144 |          10 |    896x |   1.684 ms | 1.03% |   1.679 ms | 0.99% |  18.389 GB/s |  5.75% |
|       128 |   262144 |          10 |   1344x |   2.911 ms | 1.05% |   2.906 ms | 1.03% |  21.213 GB/s |  6.63% |
|       256 |   262144 |          10 |    592x |   5.193 ms | 1.51% |   5.189 ms | 1.51% |  23.741 GB/s |  7.42% |
|        32 |  2097152 |          10 |   1088x |   8.638 ms | 0.78% |   8.633 ms | 0.77% |  14.362 GB/s |  4.49% |
|        64 |  2097152 |          10 |    592x |  13.319 ms | 0.98% |  13.314 ms | 0.98% |  18.554 GB/s |  5.80% |
|       128 |  2097152 |          10 |    651x |  23.013 ms | 1.19% |  23.008 ms | 1.19% |  21.432 GB/s |  6.70% |
|       256 |  2097152 |          10 |    363x |  41.388 ms | 1.02% |  41.383 ms | 1.02% |  23.808 GB/s |  7.44% |
|        32 |    32768 |          50 |   3168x | 162.040 us | 6.70% | 157.990 us | 6.09% |  10.195 GB/s |  3.19% |
|        64 |    32768 |          50 |   2288x | 226.980 us | 2.64% | 222.852 us | 1.83% |  14.289 GB/s |  4.46% |
|       128 |    32768 |          50 |   2128x | 382.380 us | 2.83% | 378.105 us | 2.58% |  16.745 GB/s |  5.23% |
|       256 |    32768 |          50 |   1952x | 669.364 us | 2.06% | 664.995 us | 1.95% |  18.990 GB/s |  5.93% |
|        32 |   262144 |          50 |   1280x |   1.137 ms | 1.41% |   1.133 ms | 1.35% |  11.373 GB/s |  3.55% |
|        64 |   262144 |          50 |    608x |   1.703 ms | 1.15% |   1.699 ms | 1.12% |  14.989 GB/s |  4.68% |
|       128 |   262144 |          50 |    848x |   2.945 ms | 1.29% |   2.941 ms | 1.28% |  17.219 GB/s |  5.38% |
|       256 |   262144 |          50 |    624x |   5.282 ms | 1.52% |   5.278 ms | 1.52% |  19.133 GB/s |  5.98% |
|        32 |  2097152 |          50 |    512x |   8.737 ms | 1.14% |   8.732 ms | 1.13% |  11.799 GB/s |  3.69% |
|        64 |  2097152 |          50 |    528x |  13.503 ms | 0.85% |  13.499 ms | 0.85% |  15.090 GB/s |  4.71% |
|       128 |  2097152 |          50 |    416x |  23.361 ms | 1.14% |  23.356 ms | 1.14% |  17.341 GB/s |  5.42% |
|       256 |  2097152 |          50 |    356x |  42.127 ms | 1.07% |  42.121 ms | 1.07% |  19.175 GB/s |  5.99% |
