RMM memory resource = pool
CUIO host memory resource = pinned_pool
# Devices

## [0] `Tesla T4`
* SM Version: 750 (PTX Version: 750)
* Number of SMs: 40
* SM Default Clock Rate: 1590 MHz
* Global Memory: 7206 MiB Free / 14913 MiB Total
* Global Memory Bus Peak: 320 GB/sec (256-bit DDR @5001MHz)
* Max Shared Memory: 64 KiB/SM, 48 KiB/Block
* L2 Cache Size: 4096 KiB
* Maximum Active Blocks: 16/SM
* Maximum Active Threads: 1024/SM, 1024/Block
* Available Registers: 65536/SM, 65536/Block
* ECC Enabled: Yes

# Log

```
Run:  [1/732] anyall [Device=0 DataType=bool kind=any size=100000]
Pass: Cold: 0.022771ms GPU, 0.026412ms CPU, 0.50s total GPU, 1.48s total wall, 21968x 
Run:  [2/732] anyall [Device=0 DataType=bool kind=all size=100000]
Pass: Cold: 0.023439ms GPU, 0.027086ms CPU, 0.50s total GPU, 1.44s total wall, 21344x 
Run:  [3/732] anyall [Device=0 DataType=bool kind=any size=1000000]
Pass: Cold: 0.028392ms GPU, 0.032012ms CPU, 0.50s total GPU, 1.21s total wall, 17616x 
Run:  [4/732] anyall [Device=0 DataType=bool kind=all size=1000000]
Pass: Cold: 0.029319ms GPU, 0.032966ms CPU, 0.50s total GPU, 1.18s total wall, 17056x 
Run:  [5/732] anyall [Device=0 DataType=bool kind=any size=10000000]
Pass: Cold: 0.073941ms GPU, 0.077637ms CPU, 0.50s total GPU, 0.67s total wall, 6768x 
Run:  [6/732] anyall [Device=0 DataType=bool kind=all size=10000000]
Pass: Cold: 0.074057ms GPU, 0.077789ms CPU, 0.50s total GPU, 0.67s total wall, 6752x 
Run:  [7/732] anyall [Device=0 DataType=bool kind=any size=100000000]
Pass: Cold: 0.453350ms GPU, 0.457347ms CPU, 1.12s total GPU, 1.17s total wall, 2464x 
Run:  [8/732] anyall [Device=0 DataType=bool kind=all size=100000000]
Pass: Cold: 0.453247ms GPU, 0.457245ms CPU, 0.50s total GPU, 0.52s total wall, 1104x 
Run:  [9/732] anyall [Device=0 DataType=I8 kind=any size=100000]
Pass: Cold: 0.024270ms GPU, 0.027932ms CPU, 0.50s total GPU, 1.40s total wall, 20608x 
Run:  [10/732] anyall [Device=0 DataType=I8 kind=all size=100000]
Pass: Cold: 0.023869ms GPU, 0.027496ms CPU, 0.50s total GPU, 1.42s total wall, 20960x 
Run:  [11/732] anyall [Device=0 DataType=I8 kind=any size=1000000]
Pass: Cold: 0.029340ms GPU, 0.033001ms CPU, 0.50s total GPU, 1.18s total wall, 17056x 
Run:  [12/732] anyall [Device=0 DataType=I8 kind=all size=1000000]
Pass: Cold: 0.029512ms GPU, 0.033152ms CPU, 0.50s total GPU, 1.17s total wall, 16944x 
Run:  [13/732] anyall [Device=0 DataType=I8 kind=any size=10000000]
Pass: Cold: 0.074146ms GPU, 0.077879ms CPU, 0.50s total GPU, 0.67s total wall, 6752x 
Run:  [14/732] anyall [Device=0 DataType=I8 kind=all size=10000000]
Pass: Cold: 0.074473ms GPU, 0.078217ms CPU, 0.50s total GPU, 0.67s total wall, 6720x 
Run:  [15/732] anyall [Device=0 DataType=I8 kind=any size=100000000]
Pass: Cold: 0.454832ms GPU, 0.458756ms CPU, 1.06s total GPU, 1.11s total wall, 2320x 
Run:  [16/732] anyall [Device=0 DataType=I8 kind=all size=100000000]
Pass: Cold: 0.456390ms GPU, 0.460560ms CPU, 0.50s total GPU, 0.52s total wall, 1096x 
Run:  [17/732] anyall [Device=0 DataType=I32 kind=any size=100000]
Pass: Cold: 0.025786ms GPU, 0.029409ms CPU, 0.50s total GPU, 1.32s total wall, 19392x 
Run:  [18/732] anyall [Device=0 DataType=I32 kind=all size=100000]
Pass: Cold: 0.024577ms GPU, 0.028219ms CPU, 0.50s total GPU, 1.37s total wall, 20352x 
Run:  [19/732] anyall [Device=0 DataType=I32 kind=any size=1000000]
Pass: Cold: 0.045496ms GPU, 0.049101ms CPU, 0.50s total GPU, 0.85s total wall, 10992x 
Run:  [20/732] anyall [Device=0 DataType=I32 kind=all size=1000000]
Pass: Cold: 0.044598ms GPU, 0.048229ms CPU, 0.50s total GPU, 0.85s total wall, 11216x 
Run:  [21/732] anyall [Device=0 DataType=I32 kind=any size=10000000]
Pass: Cold: 0.187522ms GPU, 0.191265ms CPU, 0.51s total GPU, 0.57s total wall, 2736x 
Run:  [22/732] anyall [Device=0 DataType=I32 kind=all size=10000000]
Pass: Cold: 0.186378ms GPU, 0.190126ms CPU, 0.50s total GPU, 0.56s total wall, 2688x 
Run:  [23/732] anyall [Device=0 DataType=I32 kind=any size=100000000]
Pass: Cold: 1.711140ms GPU, 1.714833ms CPU, 0.50s total GPU, 0.51s total wall, 293x 
Run:  [24/732] anyall [Device=0 DataType=I32 kind=all size=100000000]
Pass: Cold: 1.709973ms GPU, 1.713819ms CPU, 0.50s total GPU, 0.51s total wall, 293x 
Run:  [25/732] anyall [Device=0 DataType=F32 kind=any size=100000]
Pass: Cold: 0.025681ms GPU, 0.029316ms CPU, 0.50s total GPU, 1.33s total wall, 19472x 
Run:  [26/732] anyall [Device=0 DataType=F32 kind=all size=100000]
Pass: Cold: 0.026050ms GPU, 0.029685ms CPU, 0.50s total GPU, 1.31s total wall, 19200x 
Run:  [27/732] anyall [Device=0 DataType=F32 kind=any size=1000000]
Pass: Cold: 0.044942ms GPU, 0.048600ms CPU, 0.50s total GPU, 0.85s total wall, 11136x 
Run:  [28/732] anyall [Device=0 DataType=F32 kind=all size=1000000]
Pass: Cold: 0.045464ms GPU, 0.049094ms CPU, 0.50s total GPU, 0.85s total wall, 11008x 
Run:  [29/732] anyall [Device=0 DataType=F32 kind=any size=10000000]
Pass: Cold: 0.186739ms GPU, 0.190479ms CPU, 0.50s total GPU, 0.56s total wall, 2688x 
Run:  [30/732] anyall [Device=0 DataType=F32 kind=all size=10000000]
Pass: Cold: 0.187412ms GPU, 0.191165ms CPU, 0.50s total GPU, 0.56s total wall, 2672x 
Run:  [31/732] anyall [Device=0 DataType=F32 kind=any size=100000000]
Pass: Cold: 1.714116ms GPU, 1.718051ms CPU, 0.50s total GPU, 0.51s total wall, 292x 
Run:  [32/732] anyall [Device=0 DataType=F32 kind=all size=100000000]
Pass: Cold: 1.713999ms GPU, 1.717908ms CPU, 0.50s total GPU, 0.51s total wall, 292x 
Run:  [33/732] reduction_dictionary [Device=0 DataType=I32 AggKinds=7 size=100000]
Pass: Cold: 0.038643ms GPU, 0.042278ms CPU, 0.50s total GPU, 1.00s total wall, 12944x 
Run:  [34/732] reduction_dictionary [Device=0 DataType=I32 AggKinds=7 size=1000000]
Pass: Cold: 0.057951ms GPU, 0.061596ms CPU, 0.50s total GPU, 0.76s total wall, 8640x 
Run:  [35/732] reduction_dictionary [Device=0 DataType=I32 AggKinds=7 size=10000000]
Pass: Cold: 0.237417ms GPU, 0.241420ms CPU, 0.55s total GPU, 0.60s total wall, 2304x 
Run:  [36/732] reduction_dictionary [Device=0 DataType=I32 AggKinds=7 size=100000000]
Pass: Cold: 2.142389ms GPU, 2.146545ms CPU, 4.15s total GPU, 4.19s total wall, 1936x 
Run:  [37/732] reduction_dictionary [Device=0 DataType=I32 AggKinds=6 size=100000]
Pass: Cold: 0.038509ms GPU, 0.042134ms CPU, 0.50s total GPU, 1.00s total wall, 12992x 
Run:  [38/732] reduction_dictionary [Device=0 DataType=I32 AggKinds=6 size=1000000]
Pass: Cold: 0.058449ms GPU, 0.062080ms CPU, 0.50s total GPU, 0.76s total wall, 8560x 
Run:  [39/732] reduction_dictionary [Device=0 DataType=I32 AggKinds=6 size=10000000]
Pass: Cold: 0.230549ms GPU, 0.234411ms CPU, 0.50s total GPU, 0.55s total wall, 2176x 
Run:  [40/732] reduction_dictionary [Device=0 DataType=I32 AggKinds=6 size=100000000]
Pass: Cold: 2.083284ms GPU, 2.087385ms CPU, 4.97s total GPU, 5.02s total wall, 2384x 
Run:  [41/732] reduction_dictionary [Device=0 DataType=I32 AggKinds=2 size=100000]
Pass: Cold: 0.041914ms GPU, 0.045609ms CPU, 0.50s total GPU, 0.95s total wall, 11936x 
Run:  [42/732] reduction_dictionary [Device=0 DataType=I32 AggKinds=2 size=1000000]
Pass: Cold: 0.061386ms GPU, 0.065052ms CPU, 0.50s total GPU, 0.74s total wall, 8160x 
Run:  [43/732] reduction_dictionary [Device=0 DataType=I32 AggKinds=2 size=10000000]
Pass: Cold: 0.204565ms GPU, 0.208322ms CPU, 0.51s total GPU, 0.57s total wall, 2496x 
Run:  [44/732] reduction_dictionary [Device=0 DataType=I32 AggKinds=2 size=100000000]
Pass: Cold: 1.714082ms GPU, 1.717863ms CPU, 0.50s total GPU, 0.51s total wall, 292x 
Run:  [45/732] reduction_dictionary [Device=0 DataType=I32 AggKinds=3 size=100000]
Pass: Cold: 0.042085ms GPU, 0.045747ms CPU, 0.50s total GPU, 0.94s total wall, 11888x 
Run:  [46/732] reduction_dictionary [Device=0 DataType=I32 AggKinds=3 size=1000000]
Pass: Cold: 0.062627ms GPU, 0.066300ms CPU, 0.50s total GPU, 0.74s total wall, 7984x 
Run:  [47/732] reduction_dictionary [Device=0 DataType=I32 AggKinds=3 size=10000000]
Pass: Cold: 0.204177ms GPU, 0.207964ms CPU, 0.50s total GPU, 0.56s total wall, 2464x 
Run:  [48/732] reduction_dictionary [Device=0 DataType=I32 AggKinds=3 size=100000000]
Pass: Cold: 1.713759ms GPU, 1.717511ms CPU, 0.50s total GPU, 0.51s total wall, 292x 
Run:  [49/732] reduction_dictionary [Device=0 DataType=I32 AggKinds=9 size=100000]
Pass: Cold: 0.047952ms GPU, 0.051592ms CPU, 0.50s total GPU, 0.88s total wall, 10432x 
Run:  [50/732] reduction_dictionary [Device=0 DataType=I32 AggKinds=9 size=1000000]
Pass: Cold: 0.078397ms GPU, 0.082029ms CPU, 0.50s total GPU, 0.68s total wall, 6384x 
Run:  [51/732] reduction_dictionary [Device=0 DataType=I32 AggKinds=9 size=10000000]
Pass: Cold: 0.279170ms GPU, 0.282959ms CPU, 0.50s total GPU, 0.54s total wall, 1792x 
Run:  [52/732] reduction_dictionary [Device=0 DataType=I32 AggKinds=9 size=100000000]
Pass: Cold: 2.339667ms GPU, 2.343689ms CPU, 4.79s total GPU, 4.84s total wall, 2048x 
Run:  [53/732] reduction_dictionary [Device=0 DataType=F32 AggKinds=7 size=100000]
Pass: Cold: 0.038831ms GPU, 0.042459ms CPU, 0.50s total GPU, 0.99s total wall, 12880x 
Run:  [54/732] reduction_dictionary [Device=0 DataType=F32 AggKinds=7 size=1000000]
Pass: Cold: 0.058091ms GPU, 0.061724ms CPU, 0.50s total GPU, 0.76s total wall, 8608x 
Run:  [55/732] reduction_dictionary [Device=0 DataType=F32 AggKinds=7 size=10000000]
Pass: Cold: 0.236782ms GPU, 0.240725ms CPU, 0.50s total GPU, 0.55s total wall, 2112x 
Run:  [56/732] reduction_dictionary [Device=0 DataType=F32 AggKinds=7 size=100000000]
Pass: Cold: 2.201733ms GPU, 2.205970ms CPU, 4.90s total GPU, 4.95s total wall, 2224x 
Run:  [57/732] reduction_dictionary [Device=0 DataType=F32 AggKinds=6 size=100000]
Pass: Cold: 0.038393ms GPU, 0.042038ms CPU, 0.50s total GPU, 1.00s total wall, 13024x 
Run:  [58/732] reduction_dictionary [Device=0 DataType=F32 AggKinds=6 size=1000000]
Pass: Cold: 0.057190ms GPU, 0.060849ms CPU, 0.50s total GPU, 0.77s total wall, 8752x 
Run:  [59/732] reduction_dictionary [Device=0 DataType=F32 AggKinds=6 size=10000000]
Pass: Cold: 0.232353ms GPU, 0.236280ms CPU, 0.52s total GPU, 0.57s total wall, 2256x 
Run:  [60/732] reduction_dictionary [Device=0 DataType=F32 AggKinds=6 size=100000000]
Pass: Cold: 2.090203ms GPU, 2.094328ms CPU, 4.58s total GPU, 4.63s total wall, 2192x 
Run:  [61/732] reduction_dictionary [Device=0 DataType=F32 AggKinds=2 size=100000]
Pass: Cold: 0.042050ms GPU, 0.045757ms CPU, 0.50s total GPU, 0.95s total wall, 11904x 
Run:  [62/732] reduction_dictionary [Device=0 DataType=F32 AggKinds=2 size=1000000]
Pass: Cold: 0.061867ms GPU, 0.065559ms CPU, 0.50s total GPU, 0.74s total wall, 8096x 
Run:  [63/732] reduction_dictionary [Device=0 DataType=F32 AggKinds=2 size=10000000]
Pass: Cold: 0.203754ms GPU, 0.207530ms CPU, 0.50s total GPU, 0.56s total wall, 2464x 
Run:  [64/732] reduction_dictionary [Device=0 DataType=F32 AggKinds=2 size=100000000]
Pass: Cold: 1.713968ms GPU, 1.717776ms CPU, 0.50s total GPU, 0.51s total wall, 292x 
Run:  [65/732] reduction_dictionary [Device=0 DataType=F32 AggKinds=3 size=100000]
Pass: Cold: 0.042429ms GPU, 0.046132ms CPU, 0.50s total GPU, 0.94s total wall, 11792x 
Run:  [66/732] reduction_dictionary [Device=0 DataType=F32 AggKinds=3 size=1000000]
Pass: Cold: 0.061863ms GPU, 0.065553ms CPU, 0.50s total GPU, 0.74s total wall, 8096x 
Run:  [67/732] reduction_dictionary [Device=0 DataType=F32 AggKinds=3 size=10000000]
Pass: Cold: 0.205181ms GPU, 0.208939ms CPU, 0.57s total GPU, 0.64s total wall, 2800x 
Run:  [68/732] reduction_dictionary [Device=0 DataType=F32 AggKinds=3 size=100000000]
Pass: Cold: 1.713629ms GPU, 1.717471ms CPU, 0.50s total GPU, 0.51s total wall, 292x 
Run:  [69/732] reduction_dictionary [Device=0 DataType=F32 AggKinds=9 size=100000]
Pass: Cold: 0.047401ms GPU, 0.051025ms CPU, 0.50s total GPU, 0.88s total wall, 10560x 
Run:  [70/732] reduction_dictionary [Device=0 DataType=F32 AggKinds=9 size=1000000]
Pass: Cold: 0.078977ms GPU, 0.082614ms CPU, 0.50s total GPU, 0.68s total wall, 6336x 
Run:  [71/732] reduction_dictionary [Device=0 DataType=F32 AggKinds=9 size=10000000]
Pass: Cold: 0.277827ms GPU, 0.281574ms CPU, 0.50s total GPU, 0.54s total wall, 1808x 
Run:  [72/732] reduction_dictionary [Device=0 DataType=F32 AggKinds=9 size=100000000]
Pass: Cold: 2.348558ms GPU, 2.352578ms CPU, 5.11s total GPU, 5.16s total wall, 2176x 
Run:  [73/732] histogram [Device=0 T=I32 null_probability=0.1 cardinality=0 num_rows=10000]
Pass: Cold: 0.129207ms GPU, 0.132829ms CPU, 0.50s total GPU, 0.63s total wall, 3872x 
Run:  [74/732] histogram [Device=0 T=I32 null_probability=0.1 cardinality=100 num_rows=10000]
Pass: Cold: 0.120651ms GPU, 0.124365ms CPU, 0.50s total GPU, 0.64s total wall, 4160x 
Run:  [75/732] histogram [Device=0 T=I32 null_probability=0.1 cardinality=1000 num_rows=10000]
Pass: Cold: 0.122730ms GPU, 0.126417ms CPU, 0.57s total GPU, 0.72s total wall, 4608x 
Run:  [76/732] histogram [Device=0 T=I32 null_probability=0.1 cardinality=10000 num_rows=10000]
Pass: Cold: 0.129794ms GPU, 0.133505ms CPU, 0.50s total GPU, 0.63s total wall, 3856x 
Run:  [77/732] histogram [Device=0 T=I32 null_probability=0.1 cardinality=100000 num_rows=10000]
Skip: cardinality > num_rows
Run:  [78/732] histogram [Device=0 T=I32 null_probability=0.1 cardinality=1000000 num_rows=10000]
Skip: cardinality > num_rows
Run:  [79/732] histogram [Device=0 T=I32 null_probability=0.1 cardinality=10000000 num_rows=10000]
Skip: cardinality > num_rows
Run:  [80/732] histogram [Device=0 T=I32 null_probability=0.1 cardinality=50000000 num_rows=10000]
Skip: cardinality > num_rows
Run:  [81/732] histogram [Device=0 T=I32 null_probability=0.1 cardinality=0 num_rows=100000]
Pass: Cold: 0.257008ms GPU, 0.260782ms CPU, 0.50s total GPU, 0.56s total wall, 1952x 
Run:  [82/732] histogram [Device=0 T=I32 null_probability=0.1 cardinality=100 num_rows=100000]
Pass: Cold: 0.221252ms GPU, 0.224987ms CPU, 0.50s total GPU, 0.57s total wall, 2272x 
Run:  [83/732] histogram [Device=0 T=I32 null_probability=0.1 cardinality=1000 num_rows=100000]
Pass: Cold: 0.226206ms GPU, 0.229975ms CPU, 0.50s total GPU, 0.57s total wall, 2224x 
Run:  [84/732] histogram [Device=0 T=I32 null_probability=0.1 cardinality=10000 num_rows=100000]
Pass: Cold: 0.247167ms GPU, 0.250952ms CPU, 0.50s total GPU, 0.57s total wall, 2032x 
Run:  [85/732] histogram [Device=0 T=I32 null_probability=0.1 cardinality=100000 num_rows=100000]
Pass: Cold: 0.257210ms GPU, 0.260998ms CPU, 0.50s total GPU, 0.56s total wall, 1952x 
Run:  [86/732] histogram [Device=0 T=I32 null_probability=0.1 cardinality=1000000 num_rows=100000]
Skip: cardinality > num_rows
Run:  [87/732] histogram [Device=0 T=I32 null_probability=0.1 cardinality=10000000 num_rows=100000]
Skip: cardinality > num_rows
Run:  [88/732] histogram [Device=0 T=I32 null_probability=0.1 cardinality=50000000 num_rows=100000]
Skip: cardinality > num_rows
Run:  [89/732] histogram [Device=0 T=I32 null_probability=0.1 cardinality=0 num_rows=1000000]
Pass: Cold: 1.778006ms GPU, 1.781794ms CPU, 2.42s total GPU, 2.45s total wall, 1360x 
Run:  [90/732] histogram [Device=0 T=I32 null_probability=0.1 cardinality=100 num_rows=1000000]
Pass: Cold: 1.279671ms GPU, 1.283503ms CPU, 1.68s total GPU, 1.71s total wall, 1312x 
Run:  [91/732] histogram [Device=0 T=I32 null_probability=0.1 cardinality=1000 num_rows=1000000]
Pass: Cold: 1.301594ms GPU, 1.305493ms CPU, 1.67s total GPU, 1.69s total wall, 1280x 
Run:  [92/732] histogram [Device=0 T=I32 null_probability=0.1 cardinality=10000 num_rows=1000000]
Pass: Cold: 1.568554ms GPU, 1.572481ms CPU, 2.33s total GPU, 2.37s total wall, 1488x 
Run:  [93/732] histogram [Device=0 T=I32 null_probability=0.1 cardinality=100000 num_rows=1000000]
Pass: Cold: 1.796145ms GPU, 1.799836ms CPU, 1.72s total GPU, 1.75s total wall, 960x 
Run:  [94/732] histogram [Device=0 T=I32 null_probability=0.1 cardinality=1000000 num_rows=1000000]
Pass: Cold: 1.776875ms GPU, 1.780593ms CPU, 0.50s total GPU, 0.51s total wall, 282x 
Run:  [95/732] histogram [Device=0 T=I32 null_probability=0.1 cardinality=10000000 num_rows=1000000]
Skip: cardinality > num_rows
Run:  [96/732] histogram [Device=0 T=I32 null_probability=0.1 cardinality=50000000 num_rows=1000000]
Skip: cardinality > num_rows
Run:  [97/732] histogram [Device=0 T=I32 null_probability=0.1 cardinality=0 num_rows=10000000]
Pass: Cold: 16.984471ms GPU, 16.988225ms CPU, 0.51s total GPU, 0.51s total wall, 30x 
Run:  [98/732] histogram [Device=0 T=I32 null_probability=0.1 cardinality=100 num_rows=10000000]
Pass: Cold: 11.857463ms GPU, 11.861241ms CPU, 0.51s total GPU, 0.51s total wall, 43x 
Run:  [99/732] histogram [Device=0 T=I32 null_probability=0.1 cardinality=1000 num_rows=10000000]
Pass: Cold: 12.023413ms GPU, 12.027055ms CPU, 0.50s total GPU, 0.51s total wall, 42x 
Run:  [100/732] histogram [Device=0 T=I32 null_probability=0.1 cardinality=10000 num_rows=10000000]
Pass: Cold: 14.734653ms GPU, 14.738318ms CPU, 0.50s total GPU, 0.50s total wall, 34x 
Run:  [101/732] histogram [Device=0 T=I32 null_probability=0.1 cardinality=100000 num_rows=10000000]
Pass: Cold: 17.131994ms GPU, 17.135914ms CPU, 0.51s total GPU, 0.51s total wall, 30x 
Run:  [102/732] histogram [Device=0 T=I32 null_probability=0.1 cardinality=1000000 num_rows=10000000]
Pass: Cold: 17.740466ms GPU, 17.744092ms CPU, 0.51s total GPU, 0.52s total wall, 29x 
Run:  [103/732] histogram [Device=0 T=I32 null_probability=0.1 cardinality=10000000 num_rows=10000000]
Pass: Cold: 16.986597ms GPU, 16.990270ms CPU, 0.51s total GPU, 0.51s total wall, 30x 
Run:  [104/732] histogram [Device=0 T=I32 null_probability=0.1 cardinality=50000000 num_rows=10000000]
Skip: cardinality > num_rows
Run:  [105/732] histogram [Device=0 T=I32 null_probability=0.1 cardinality=0 num_rows=100000000]
Pass: Cold: 168.969416ms GPU, 168.971662ms CPU, 1.86s total GPU, 1.86s total wall, 11x 
Run:  [106/732] histogram [Device=0 T=I32 null_probability=0.1 cardinality=100 num_rows=100000000]
Pass: Cold: 117.894913ms GPU, 117.897850ms CPU, 1.30s total GPU, 1.30s total wall, 11x 
Run:  [107/732] histogram [Device=0 T=I32 null_probability=0.1 cardinality=1000 num_rows=100000000]
Pass: Cold: 119.363776ms GPU, 119.366988ms CPU, 1.31s total GPU, 1.31s total wall, 11x 
Run:  [108/732] histogram [Device=0 T=I32 null_probability=0.1 cardinality=10000 num_rows=100000000]
Pass: Cold: 146.993203ms GPU, 146.996112ms CPU, 1.62s total GPU, 1.62s total wall, 11x 
Run:  [109/732] histogram [Device=0 T=I32 null_probability=0.1 cardinality=100000 num_rows=100000000]
Pass: Cold: 171.249931ms GPU, 171.252554ms CPU, 2.40s total GPU, 2.40s total wall, 14x 
Run:  [110/732] histogram [Device=0 T=I32 null_probability=0.1 cardinality=1000000 num_rows=100000000]
Warn: Current measurement timed out (15.10s) while over noise threshold (0.73% > 0.50%)
Pass: Cold: 179.738231ms GPU, 179.740631ms CPU, 15.10s total GPU, 15.10s total wall, 84x 
Run:  [111/732] histogram [Device=0 T=I32 null_probability=0.1 cardinality=10000000 num_rows=100000000]
Pass: Cold: 178.075417ms GPU, 178.077942ms CPU, 2.31s total GPU, 2.32s total wall, 13x 
Run:  [112/732] histogram [Device=0 T=I32 null_probability=0.1 cardinality=50000000 num_rows=100000000]
Pass: Cold: 171.158990ms GPU, 171.161519ms CPU, 1.88s total GPU, 1.88s total wall, 11x 
Run:  [113/732] histogram [Device=0 T=I64 null_probability=0.1 cardinality=0 num_rows=10000]
Pass: Cold: 0.124006ms GPU, 0.127797ms CPU, 0.50s total GPU, 0.64s total wall, 4048x 
Run:  [114/732] histogram [Device=0 T=I64 null_probability=0.1 cardinality=100 num_rows=10000]
Pass: Cold: 0.122543ms GPU, 0.126314ms CPU, 0.50s total GPU, 0.64s total wall, 4096x 
Run:  [115/732] histogram [Device=0 T=I64 null_probability=0.1 cardinality=1000 num_rows=10000]
Pass: Cold: 0.124528ms GPU, 0.128346ms CPU, 0.50s total GPU, 0.63s total wall, 4016x 
Run:  [116/732] histogram [Device=0 T=I64 null_probability=0.1 cardinality=10000 num_rows=10000]
Pass: Cold: 0.124694ms GPU, 0.128445ms CPU, 0.50s total GPU, 0.63s total wall, 4016x 
Run:  [117/732] histogram [Device=0 T=I64 null_probability=0.1 cardinality=100000 num_rows=10000]
Skip: cardinality > num_rows
Run:  [118/732] histogram [Device=0 T=I64 null_probability=0.1 cardinality=1000000 num_rows=10000]
Skip: cardinality > num_rows
Run:  [119/732] histogram [Device=0 T=I64 null_probability=0.1 cardinality=10000000 num_rows=10000]
Skip: cardinality > num_rows
Run:  [120/732] histogram [Device=0 T=I64 null_probability=0.1 cardinality=50000000 num_rows=10000]
Skip: cardinality > num_rows
Run:  [121/732] histogram [Device=0 T=I64 null_probability=0.1 cardinality=0 num_rows=100000]
Pass: Cold: 0.262985ms GPU, 0.266718ms CPU, 0.50s total GPU, 0.56s total wall, 1904x 
Run:  [122/732] histogram [Device=0 T=I64 null_probability=0.1 cardinality=100 num_rows=100000]
Pass: Cold: 0.223531ms GPU, 0.227298ms CPU, 0.50s total GPU, 0.57s total wall, 2240x 
Run:  [123/732] histogram [Device=0 T=I64 null_probability=0.1 cardinality=1000 num_rows=100000]
Pass: Cold: 0.229487ms GPU, 0.233282ms CPU, 0.59s total GPU, 0.67s total wall, 2560x 
Run:  [124/732] histogram [Device=0 T=I64 null_probability=0.1 cardinality=10000 num_rows=100000]
Pass: Cold: 0.250771ms GPU, 0.254558ms CPU, 0.50s total GPU, 0.56s total wall, 2000x 
Run:  [125/732] histogram [Device=0 T=I64 null_probability=0.1 cardinality=100000 num_rows=100000]
Pass: Cold: 0.263145ms GPU, 0.266895ms CPU, 0.50s total GPU, 0.56s total wall, 1904x 
Run:  [126/732] histogram [Device=0 T=I64 null_probability=0.1 cardinality=1000000 num_rows=100000]
Skip: cardinality > num_rows
Run:  [127/732] histogram [Device=0 T=I64 null_probability=0.1 cardinality=10000000 num_rows=100000]
Skip: cardinality > num_rows
Run:  [128/732] histogram [Device=0 T=I64 null_probability=0.1 cardinality=50000000 num_rows=100000]
Skip: cardinality > num_rows
Run:  [129/732] histogram [Device=0 T=I64 null_probability=0.1 cardinality=0 num_rows=1000000]
Pass: Cold: 1.834803ms GPU, 1.838600ms CPU, 2.17s total GPU, 2.20s total wall, 1184x 
Run:  [130/732] histogram [Device=0 T=I64 null_probability=0.1 cardinality=100 num_rows=1000000]
Pass: Cold: 1.306865ms GPU, 1.310727ms CPU, 1.76s total GPU, 1.79s total wall, 1344x 
Run:  [131/732] histogram [Device=0 T=I64 null_probability=0.1 cardinality=1000 num_rows=1000000]
Pass: Cold: 1.332230ms GPU, 1.336041ms CPU, 0.50s total GPU, 0.51s total wall, 376x 
Run:  [132/732] histogram [Device=0 T=I64 null_probability=0.1 cardinality=10000 num_rows=1000000]
Pass: Cold: 1.611671ms GPU, 1.615518ms CPU, 1.88s total GPU, 1.91s total wall, 1168x 
Run:  [133/732] histogram [Device=0 T=I64 null_probability=0.1 cardinality=100000 num_rows=1000000]
Pass: Cold: 1.836271ms GPU, 1.840017ms CPU, 2.20s total GPU, 2.23s total wall, 1200x 
Run:  [134/732] histogram [Device=0 T=I64 null_probability=0.1 cardinality=1000000 num_rows=1000000]
Pass: Cold: 1.818527ms GPU, 1.822333ms CPU, 0.50s total GPU, 0.51s total wall, 275x 
Run:  [135/732] histogram [Device=0 T=I64 null_probability=0.1 cardinality=10000000 num_rows=1000000]
Skip: cardinality > num_rows
Run:  [136/732] histogram [Device=0 T=I64 null_probability=0.1 cardinality=50000000 num_rows=1000000]
Skip: cardinality > num_rows
Run:  [137/732] histogram [Device=0 T=I64 null_probability=0.1 cardinality=0 num_rows=10000000]
Pass: Cold: 17.451563ms GPU, 17.455387ms CPU, 0.51s total GPU, 0.51s total wall, 29x 
Run:  [138/732] histogram [Device=0 T=I64 null_probability=0.1 cardinality=100 num_rows=10000000]
Pass: Cold: 12.063269ms GPU, 12.067000ms CPU, 0.51s total GPU, 0.51s total wall, 42x 
Run:  [139/732] histogram [Device=0 T=I64 null_probability=0.1 cardinality=1000 num_rows=10000000]
Pass: Cold: 12.298462ms GPU, 12.302163ms CPU, 0.50s total GPU, 0.51s total wall, 41x 
Run:  [140/732] histogram [Device=0 T=I64 null_probability=0.1 cardinality=10000 num_rows=10000000]
Pass: Cold: 15.204795ms GPU, 15.208700ms CPU, 0.50s total GPU, 0.50s total wall, 33x 
Run:  [141/732] histogram [Device=0 T=I64 null_probability=0.1 cardinality=100000 num_rows=10000000]
Pass: Cold: 17.440924ms GPU, 17.444395ms CPU, 0.51s total GPU, 0.51s total wall, 29x 
Run:  [142/732] histogram [Device=0 T=I64 null_probability=0.1 cardinality=1000000 num_rows=10000000]
Pass: Cold: 18.138892ms GPU, 18.142572ms CPU, 1.90s total GPU, 1.91s total wall, 105x 
Run:  [143/732] histogram [Device=0 T=I64 null_probability=0.1 cardinality=10000000 num_rows=10000000]
Pass: Cold: 17.439512ms GPU, 17.443268ms CPU, 0.51s total GPU, 0.51s total wall, 29x 
Run:  [144/732] histogram [Device=0 T=I64 null_probability=0.1 cardinality=50000000 num_rows=10000000]
Skip: cardinality > num_rows
Run:  [145/732] histogram [Device=0 T=I64 null_probability=0.1 cardinality=0 num_rows=100000000]
Pass: Cold: 173.330763ms GPU, 173.333097ms CPU, 1.91s total GPU, 1.91s total wall, 11x 
Run:  [146/732] histogram [Device=0 T=I64 null_probability=0.1 cardinality=100 num_rows=100000000]
Pass: Cold: 119.790583ms GPU, 119.793536ms CPU, 1.32s total GPU, 1.32s total wall, 11x 
Run:  [147/732] histogram [Device=0 T=I64 null_probability=0.1 cardinality=1000 num_rows=100000000]
Pass: Cold: 121.338391ms GPU, 121.341151ms CPU, 1.33s total GPU, 1.34s total wall, 11x 
Run:  [148/732] histogram [Device=0 T=I64 null_probability=0.1 cardinality=10000 num_rows=100000000]
Pass: Cold: 149.867598ms GPU, 149.870084ms CPU, 1.65s total GPU, 1.65s total wall, 11x 
Run:  [149/732] histogram [Device=0 T=I64 null_probability=0.1 cardinality=100000 num_rows=100000000]
Warn: Current measurement timed out (15.16s) while over noise threshold (0.59% > 0.50%)
Pass: Cold: 174.231745ms GPU, 174.234185ms CPU, 15.16s total GPU, 15.16s total wall, 87x 
Run:  [150/732] histogram [Device=0 T=I64 null_probability=0.1 cardinality=1000000 num_rows=100000000]
Pass: Cold: 181.512584ms GPU, 181.515025ms CPU, 2.00s total GPU, 2.00s total wall, 11x 
Run:  [151/732] histogram [Device=0 T=I64 null_probability=0.1 cardinality=10000000 num_rows=100000000]
Pass: Cold: 181.263371ms GPU, 181.265899ms CPU, 1.99s total GPU, 1.99s total wall, 11x 
Run:  [152/732] histogram [Device=0 T=I64 null_probability=0.1 cardinality=50000000 num_rows=100000000]
Pass: Cold: 175.340910ms GPU, 175.343521ms CPU, 1.93s total GPU, 1.93s total wall, 11x 
Run:  [153/732] minmax [Device=0 DataType=bool size=100000]
Pass: Cold: 0.036871ms GPU, 0.040714ms CPU, 0.50s total GPU, 1.02s total wall, 13568x 
Run:  [154/732] minmax [Device=0 DataType=bool size=1000000]
Pass: Cold: 0.042108ms GPU, 0.045946ms CPU, 0.50s total GPU, 0.94s total wall, 11888x 
Run:  [155/732] minmax [Device=0 DataType=bool size=10000000]
Pass: Cold: 0.088802ms GPU, 0.092583ms CPU, 0.50s total GPU, 0.63s total wall, 5632x 
Run:  [156/732] minmax [Device=0 DataType=bool size=100000000]
Pass: Cold: 0.472216ms GPU, 0.476343ms CPU, 0.51s total GPU, 0.53s total wall, 1072x 
Run:  [157/732] minmax [Device=0 DataType=I8 size=100000]
Pass: Cold: 0.036729ms GPU, 0.040579ms CPU, 0.50s total GPU, 1.03s total wall, 13616x 
Run:  [158/732] minmax [Device=0 DataType=I8 size=1000000]
Pass: Cold: 0.042087ms GPU, 0.045931ms CPU, 0.50s total GPU, 0.94s total wall, 11888x 
Run:  [159/732] minmax [Device=0 DataType=I8 size=10000000]
Pass: Cold: 0.088563ms GPU, 0.092388ms CPU, 0.50s total GPU, 0.63s total wall, 5648x 
Run:  [160/732] minmax [Device=0 DataType=I8 size=100000000]
Pass: Cold: 0.475893ms GPU, 0.480067ms CPU, 0.55s total GPU, 0.57s total wall, 1152x 
Run:  [161/732] minmax [Device=0 DataType=I32 size=100000]
Pass: Cold: 0.038357ms GPU, 0.042216ms CPU, 0.50s total GPU, 1.00s total wall, 13040x 
Run:  [162/732] minmax [Device=0 DataType=I32 size=1000000]
Pass: Cold: 0.056331ms GPU, 0.060182ms CPU, 0.50s total GPU, 0.78s total wall, 8880x 
Run:  [163/732] minmax [Device=0 DataType=I32 size=10000000]
Pass: Cold: 0.195413ms GPU, 0.199264ms CPU, 0.50s total GPU, 0.56s total wall, 2560x 
Run:  [164/732] minmax [Device=0 DataType=I32 size=100000000]
Pass: Cold: 1.578812ms GPU, 1.582936ms CPU, 0.50s total GPU, 0.51s total wall, 317x 
Run:  [165/732] minmax [Device=0 DataType=F32 size=100000]
Pass: Cold: 0.038604ms GPU, 0.042485ms CPU, 0.52s total GPU, 1.04s total wall, 13456x 
Run:  [166/732] minmax [Device=0 DataType=F32 size=1000000]
Pass: Cold: 0.056316ms GPU, 0.060167ms CPU, 0.50s total GPU, 0.78s total wall, 8880x 
Run:  [167/732] minmax [Device=0 DataType=F32 size=10000000]
Pass: Cold: 0.195300ms GPU, 0.199160ms CPU, 0.50s total GPU, 0.56s total wall, 2576x 
Run:  [168/732] minmax [Device=0 DataType=F32 size=100000000]
Pass: Cold: 1.579835ms GPU, 1.583876ms CPU, 0.50s total GPU, 0.51s total wall, 317x 
Run:  [169/732] minmax [Device=0 DataType=cudf::timestamp_ms size=100000]
Pass: Cold: 0.041838ms GPU, 0.045671ms CPU, 0.50s total GPU, 0.94s total wall, 11952x 
Run:  [170/732] minmax [Device=0 DataType=cudf::timestamp_ms size=1000000]
Pass: Cold: 0.078062ms GPU, 0.081834ms CPU, 0.50s total GPU, 0.65s total wall, 6416x 
Run:  [171/732] minmax [Device=0 DataType=cudf::timestamp_ms size=10000000]
Pass: Cold: 0.345494ms GPU, 0.349274ms CPU, 0.50s total GPU, 0.53s total wall, 1456x 
Run:  [172/732] minmax [Device=0 DataType=cudf::timestamp_ms size=100000000]
Pass: Cold: 3.097961ms GPU, 3.101814ms CPU, 0.50s total GPU, 0.51s total wall, 162x 
Run:  [173/732] rank_scan [Device=0 T=I32 null_probability=0 data_size=10000]
Pass: Cold: 0.037817ms GPU, 0.041559ms CPU, 0.50s total GPU, 1.02s total wall, 13232x 
Run:  [174/732] rank_scan [Device=0 T=I32 null_probability=0.1 data_size=10000]
Pass: Cold: 0.038489ms GPU, 0.042229ms CPU, 0.50s total GPU, 1.01s total wall, 12992x 
Run:  [175/732] rank_scan [Device=0 T=I32 null_probability=0.5 data_size=10000]
Pass: Cold: 0.038199ms GPU, 0.041943ms CPU, 0.50s total GPU, 1.02s total wall, 13104x 
Run:  [176/732] rank_scan [Device=0 T=I32 null_probability=0.9 data_size=10000]
Pass: Cold: 0.038441ms GPU, 0.042202ms CPU, 0.50s total GPU, 1.01s total wall, 13008x 
Run:  [177/732] rank_scan [Device=0 T=I32 null_probability=0 data_size=100000]
Pass: Cold: 0.038523ms GPU, 0.042257ms CPU, 0.50s total GPU, 1.00s total wall, 12992x 
Run:  [178/732] rank_scan [Device=0 T=I32 null_probability=0.1 data_size=100000]
Pass: Cold: 0.039714ms GPU, 0.043483ms CPU, 0.50s total GPU, 0.99s total wall, 12592x 
Run:  [179/732] rank_scan [Device=0 T=I32 null_probability=0.5 data_size=100000]
Pass: Cold: 0.039383ms GPU, 0.043146ms CPU, 0.50s total GPU, 0.99s total wall, 12704x 
Run:  [180/732] rank_scan [Device=0 T=I32 null_probability=0.9 data_size=100000]
Pass: Cold: 0.039501ms GPU, 0.043249ms CPU, 0.50s total GPU, 0.99s total wall, 12672x 
Run:  [181/732] rank_scan [Device=0 T=I32 null_probability=0 data_size=1000000]
Pass: Cold: 0.048927ms GPU, 0.052677ms CPU, 0.50s total GPU, 0.87s total wall, 10224x 
Run:  [182/732] rank_scan [Device=0 T=I32 null_probability=0.1 data_size=1000000]
Pass: Cold: 0.051798ms GPU, 0.055553ms CPU, 0.51s total GPU, 0.88s total wall, 9920x 
Run:  [183/732] rank_scan [Device=0 T=I32 null_probability=0.5 data_size=1000000]
Pass: Cold: 0.050457ms GPU, 0.054203ms CPU, 0.50s total GPU, 0.86s total wall, 9920x 
Run:  [184/732] rank_scan [Device=0 T=I32 null_probability=0.9 data_size=1000000]
Pass: Cold: 0.048092ms GPU, 0.051852ms CPU, 0.50s total GPU, 0.88s total wall, 10400x 
Run:  [185/732] rank_scan [Device=0 T=I32 null_probability=0 data_size=10000000]
Pass: Cold: 0.204377ms GPU, 0.208154ms CPU, 0.50s total GPU, 0.58s total wall, 2448x 
Run:  [186/732] rank_scan [Device=0 T=I32 null_probability=0.1 data_size=10000000]
Pass: Cold: 0.218618ms GPU, 0.222449ms CPU, 0.50s total GPU, 0.58s total wall, 2288x 
Run:  [187/732] rank_scan [Device=0 T=I32 null_probability=0.5 data_size=10000000]
Pass: Cold: 0.215697ms GPU, 0.219548ms CPU, 0.50s total GPU, 0.58s total wall, 2320x 
Run:  [188/732] rank_scan [Device=0 T=I32 null_probability=0.9 data_size=10000000]
Pass: Cold: 0.201691ms GPU, 0.205508ms CPU, 0.58s total GPU, 0.68s total wall, 2880x 
Run:  [189/732] rank_scan [Device=0 T=I32 null_probability=0 data_size=100000000]
Pass: Cold: 1.711623ms GPU, 1.715694ms CPU, 0.50s total GPU, 0.51s total wall, 293x 
Run:  [190/732] rank_scan [Device=0 T=I32 null_probability=0.1 data_size=100000000]
Pass: Cold: 1.917371ms GPU, 1.921433ms CPU, 0.50s total GPU, 0.51s total wall, 261x 
Run:  [191/732] rank_scan [Device=0 T=I32 null_probability=0.5 data_size=100000000]
Pass: Cold: 1.891812ms GPU, 1.895830ms CPU, 0.50s total GPU, 0.51s total wall, 265x 
Run:  [192/732] rank_scan [Device=0 T=I32 null_probability=0.9 data_size=100000000]
Pass: Cold: 1.744610ms GPU, 1.748708ms CPU, 0.50s total GPU, 0.51s total wall, 287x 
Run:  [193/732] rank_scan [Device=0 T=cudf::list_view null_probability=0 data_size=10000]
Pass: Cold: 0.062680ms GPU, 0.066417ms CPU, 0.50s total GPU, 0.79s total wall, 7984x 
Run:  [194/732] rank_scan [Device=0 T=cudf::list_view null_probability=0.1 data_size=10000]
Pass: Cold: 0.128156ms GPU, 0.131931ms CPU, 0.50s total GPU, 0.63s total wall, 3904x 
Run:  [195/732] rank_scan [Device=0 T=cudf::list_view null_probability=0.5 data_size=10000]
Pass: Cold: 0.108017ms GPU, 0.111718ms CPU, 0.50s total GPU, 0.66s total wall, 4640x 
Run:  [196/732] rank_scan [Device=0 T=cudf::list_view null_probability=0.9 data_size=10000]
Pass: Cold: 0.078825ms GPU, 0.082573ms CPU, 0.50s total GPU, 0.72s total wall, 6352x 
Run:  [197/732] rank_scan [Device=0 T=cudf::list_view null_probability=0 data_size=100000]
Pass: Cold: 0.076886ms GPU, 0.080620ms CPU, 0.50s total GPU, 0.73s total wall, 6512x 
Run:  [198/732] rank_scan [Device=0 T=cudf::list_view null_probability=0.1 data_size=100000]
Pass: Cold: 0.143512ms GPU, 0.147265ms CPU, 0.50s total GPU, 0.61s total wall, 3488x 
Run:  [199/732] rank_scan [Device=0 T=cudf::list_view null_probability=0.5 data_size=100000]
Pass: Cold: 0.114091ms GPU, 0.117811ms CPU, 0.50s total GPU, 0.64s total wall, 4384x 
Run:  [200/732] rank_scan [Device=0 T=cudf::list_view null_probability=0.9 data_size=100000]
Pass: Cold: 0.081184ms GPU, 0.084883ms CPU, 0.50s total GPU, 0.71s total wall, 6160x 
Run:  [201/732] rank_scan [Device=0 T=cudf::list_view null_probability=0 data_size=1000000]
Pass: Cold: 0.064601ms GPU, 0.068319ms CPU, 0.50s total GPU, 0.77s total wall, 7744x 
Run:  [202/732] rank_scan [Device=0 T=cudf::list_view null_probability=0.1 data_size=1000000]
Pass: Cold: 0.126873ms GPU, 0.130583ms CPU, 0.50s total GPU, 0.63s total wall, 3952x 
Run:  [203/732] rank_scan [Device=0 T=cudf::list_view null_probability=0.5 data_size=1000000]
Pass: Cold: 0.166584ms GPU, 0.170302ms CPU, 0.50s total GPU, 0.60s total wall, 3008x 
Run:  [204/732] rank_scan [Device=0 T=cudf::list_view null_probability=0.9 data_size=1000000]
Pass: Cold: 0.110509ms GPU, 0.114232ms CPU, 0.50s total GPU, 0.65s total wall, 4528x 
Run:  [205/732] rank_scan [Device=0 T=cudf::list_view null_probability=0 data_size=10000000]
Pass: Cold: 0.653030ms GPU, 0.656711ms CPU, 0.50s total GPU, 0.52s total wall, 768x 
Run:  [206/732] rank_scan [Device=0 T=cudf::list_view null_probability=0.1 data_size=10000000]
Pass: Cold: 0.253160ms GPU, 0.256926ms CPU, 0.50s total GPU, 0.56s total wall, 1984x 
Run:  [207/732] rank_scan [Device=0 T=cudf::list_view null_probability=0.5 data_size=10000000]
Pass: Cold: 0.274136ms GPU, 0.277870ms CPU, 0.50s total GPU, 0.56s total wall, 1824x 
Run:  [208/732] rank_scan [Device=0 T=cudf::list_view null_probability=0.9 data_size=10000000]
Pass: Cold: 0.423624ms GPU, 0.427547ms CPU, 0.93s total GPU, 1.00s total wall, 2192x 
Run:  [209/732] rank_scan [Device=0 T=cudf::list_view null_probability=0 data_size=100000000]
Pass: Cold: 2.033826ms GPU, 2.037583ms CPU, 4.49s total GPU, 4.57s total wall, 2208x 
Run:  [210/732] rank_scan [Device=0 T=cudf::list_view null_probability=0.1 data_size=100000000]
Pass: Cold: 3.046222ms GPU, 3.049976ms CPU, 7.26s total GPU, 7.34s total wall, 2384x 
Run:  [211/732] rank_scan [Device=0 T=cudf::list_view null_probability=0.5 data_size=100000000]
Pass: Cold: 2.047548ms GPU, 2.051650ms CPU, 3.70s total GPU, 3.76s total wall, 1808x 
Run:  [212/732] rank_scan [Device=0 T=cudf::list_view null_probability=0.9 data_size=100000000]
Pass: Cold: 3.638738ms GPU, 3.642812ms CPU, 2.79s total GPU, 2.82s total wall, 768x 
Run:  [213/732] reduction [Device=0 DataType=I32 AggKinds=2 size=100000]
Pass: Cold: 0.025906ms GPU, 0.029632ms CPU, 0.50s total GPU, 1.33s total wall, 19312x 
Run:  [214/732] reduction [Device=0 DataType=I32 AggKinds=2 size=1000000]
Pass: Cold: 0.045398ms GPU, 0.049080ms CPU, 0.50s total GPU, 0.85s total wall, 11024x 
Run:  [215/732] reduction [Device=0 DataType=I32 AggKinds=2 size=10000000]
Pass: Cold: 0.188752ms GPU, 0.192429ms CPU, 0.50s total GPU, 0.56s total wall, 2656x 
Run:  [216/732] reduction [Device=0 DataType=I32 AggKinds=2 size=100000000]
Pass: Cold: 1.698472ms GPU, 1.702236ms CPU, 0.50s total GPU, 0.51s total wall, 295x 
Run:  [217/732] reduction [Device=0 DataType=I32 AggKinds=0 size=100000]
Pass: Cold: 0.024912ms GPU, 0.028612ms CPU, 0.50s total GPU, 1.36s total wall, 20080x 
Run:  [218/732] reduction [Device=0 DataType=I32 AggKinds=0 size=1000000]
Pass: Cold: 0.045423ms GPU, 0.049131ms CPU, 0.50s total GPU, 0.85s total wall, 11008x 
Run:  [219/732] reduction [Device=0 DataType=I32 AggKinds=0 size=10000000]
Pass: Cold: 0.188354ms GPU, 0.192075ms CPU, 0.50s total GPU, 0.56s total wall, 2656x 
Run:  [220/732] reduction [Device=0 DataType=I32 AggKinds=0 size=100000000]
Pass: Cold: 1.698882ms GPU, 1.702642ms CPU, 0.50s total GPU, 0.51s total wall, 295x 
Run:  [221/732] reduction [Device=0 DataType=I32 AggKinds=1 size=100000]
Pass: Cold: 0.025555ms GPU, 0.029231ms CPU, 0.50s total GPU, 1.33s total wall, 19568x 
Run:  [222/732] reduction [Device=0 DataType=I32 AggKinds=1 size=1000000]
Pass: Cold: 0.045357ms GPU, 0.049022ms CPU, 0.50s total GPU, 0.85s total wall, 11024x 
Run:  [223/732] reduction [Device=0 DataType=I32 AggKinds=1 size=10000000]
Pass: Cold: 0.189145ms GPU, 0.192841ms CPU, 0.58s total GPU, 0.64s total wall, 3040x 
Run:  [224/732] reduction [Device=0 DataType=I32 AggKinds=1 size=100000000]
Pass: Cold: 1.695802ms GPU, 1.699517ms CPU, 0.50s total GPU, 0.51s total wall, 295x 
Run:  [225/732] reduction [Device=0 DataType=I32 AggKinds=11 size=100000]
Pass: Cold: 0.174462ms GPU, 0.178269ms CPU, 0.50s total GPU, 0.59s total wall, 2880x 
Run:  [226/732] reduction [Device=0 DataType=I32 AggKinds=11 size=1000000]
Pass: Cold: 0.521353ms GPU, 0.525147ms CPU, 0.50s total GPU, 0.52s total wall, 960x 
Run:  [227/732] reduction [Device=0 DataType=I32 AggKinds=11 size=10000000]
Pass: Cold: 2.179531ms GPU, 2.183455ms CPU, 0.50s total GPU, 0.51s total wall, 230x 
Run:  [228/732] reduction [Device=0 DataType=I32 AggKinds=11 size=100000000]
Warn: Current measurement timed out (15.01s) while over noise threshold (0.79% > 0.50%)
Pass: Cold: 18.744898ms GPU, 18.748536ms CPU, 15.00s total GPU, 15.01s total wall, 800x 
Run:  [229/732] reduction [Device=0 DataType=I32 AggKinds=12 size=100000]
Pass: Cold: 0.173726ms GPU, 0.177459ms CPU, 0.50s total GPU, 0.59s total wall, 2880x 
Run:  [230/732] reduction [Device=0 DataType=I32 AggKinds=12 size=1000000]
Pass: Cold: 0.522590ms GPU, 0.526377ms CPU, 1.10s total GPU, 1.16s total wall, 2112x 
Run:  [231/732] reduction [Device=0 DataType=I32 AggKinds=12 size=10000000]
Pass: Cold: 2.177847ms GPU, 2.181777ms CPU, 0.50s total GPU, 0.51s total wall, 230x 
Run:  [232/732] reduction [Device=0 DataType=I32 AggKinds=12 size=100000000]
Warn: Current measurement timed out (15.01s) while over noise threshold (0.81% > 0.50%)
Pass: Cold: 18.743134ms GPU, 18.746785ms CPU, 14.99s total GPU, 15.01s total wall, 800x 
Run:  [233/732] reduction [Device=0 DataType=I32 AggKinds=9 size=100000]
Pass: Cold: 0.036263ms GPU, 0.040021ms CPU, 0.50s total GPU, 1.03s total wall, 13792x 
Run:  [234/732] reduction [Device=0 DataType=I32 AggKinds=9 size=1000000]
Pass: Cold: 0.060485ms GPU, 0.064326ms CPU, 0.50s total GPU, 0.74s total wall, 8272x 
Run:  [235/732] reduction [Device=0 DataType=I32 AggKinds=9 size=10000000]
Pass: Cold: 0.234302ms GPU, 0.238148ms CPU, 0.51s total GPU, 0.56s total wall, 2176x 
Run:  [236/732] reduction [Device=0 DataType=I32 AggKinds=9 size=100000000]
Pass: Cold: 2.033494ms GPU, 2.037332ms CPU, 5.37s total GPU, 5.43s total wall, 2640x 
Run:  [237/732] reduction [Device=0 DataType=I64 AggKinds=2 size=100000]
Pass: Cold: 0.028818ms GPU, 0.032491ms CPU, 0.50s total GPU, 1.21s total wall, 17360x 
Run:  [238/732] reduction [Device=0 DataType=I64 AggKinds=2 size=1000000]
Pass: Cold: 0.066105ms GPU, 0.069807ms CPU, 0.50s total GPU, 0.69s total wall, 7568x 
Run:  [239/732] reduction [Device=0 DataType=I64 AggKinds=2 size=10000000]
Pass: Cold: 0.334733ms GPU, 0.338555ms CPU, 0.50s total GPU, 0.54s total wall, 1504x 
Run:  [240/732] reduction [Device=0 DataType=I64 AggKinds=2 size=100000000]
Pass: Cold: 3.064305ms GPU, 3.068212ms CPU, 0.50s total GPU, 0.51s total wall, 164x 
Run:  [241/732] reduction [Device=0 DataType=I64 AggKinds=0 size=100000]
Pass: Cold: 0.028184ms GPU, 0.031900ms CPU, 0.50s total GPU, 1.23s total wall, 17744x 
Run:  [242/732] reduction [Device=0 DataType=I64 AggKinds=0 size=1000000]
Pass: Cold: 0.066274ms GPU, 0.070009ms CPU, 0.50s total GPU, 0.69s total wall, 7552x 
Run:  [243/732] reduction [Device=0 DataType=I64 AggKinds=0 size=10000000]
Pass: Cold: 0.333846ms GPU, 0.337601ms CPU, 0.50s total GPU, 0.53s total wall, 1504x 
Run:  [244/732] reduction [Device=0 DataType=I64 AggKinds=0 size=100000000]
Pass: Cold: 3.031749ms GPU, 3.035549ms CPU, 0.50s total GPU, 0.50s total wall, 165x 
Run:  [245/732] reduction [Device=0 DataType=I64 AggKinds=1 size=100000]
Pass: Cold: 0.028943ms GPU, 0.032658ms CPU, 0.50s total GPU, 1.20s total wall, 17280x 
Run:  [246/732] reduction [Device=0 DataType=I64 AggKinds=1 size=1000000]
Pass: Cold: 0.065970ms GPU, 0.069705ms CPU, 0.50s total GPU, 0.69s total wall, 7584x 
Run:  [247/732] reduction [Device=0 DataType=I64 AggKinds=1 size=10000000]
Pass: Cold: 0.334571ms GPU, 0.338345ms CPU, 0.54s total GPU, 0.58s total wall, 1616x 
Run:  [248/732] reduction [Device=0 DataType=I64 AggKinds=1 size=100000000]
Pass: Cold: 3.066225ms GPU, 3.070014ms CPU, 0.50s total GPU, 0.51s total wall, 164x 
Run:  [249/732] reduction [Device=0 DataType=I64 AggKinds=11 size=100000]
Pass: Cold: 0.175741ms GPU, 0.179517ms CPU, 0.50s total GPU, 0.59s total wall, 2848x 
Run:  [250/732] reduction [Device=0 DataType=I64 AggKinds=11 size=1000000]
Pass: Cold: 0.537569ms GPU, 0.541325ms CPU, 0.51s total GPU, 0.53s total wall, 944x 
Run:  [251/732] reduction [Device=0 DataType=I64 AggKinds=11 size=10000000]
Pass: Cold: 2.184681ms GPU, 2.188489ms CPU, 0.50s total GPU, 0.51s total wall, 229x 
Run:  [252/732] reduction [Device=0 DataType=I64 AggKinds=11 size=100000000]
Warn: Current measurement timed out (15.00s) while over noise threshold (0.79% > 0.50%)
Pass: Cold: 18.777564ms GPU, 18.781124ms CPU, 14.98s total GPU, 15.00s total wall, 798x 
Run:  [253/732] reduction [Device=0 DataType=I64 AggKinds=12 size=100000]
Pass: Cold: 0.174166ms GPU, 0.177936ms CPU, 0.50s total GPU, 0.59s total wall, 2880x 
Run:  [254/732] reduction [Device=0 DataType=I64 AggKinds=12 size=1000000]
Pass: Cold: 0.536454ms GPU, 0.540288ms CPU, 0.51s total GPU, 0.53s total wall, 944x 
Run:  [255/732] reduction [Device=0 DataType=I64 AggKinds=12 size=10000000]
Pass: Cold: 2.186386ms GPU, 2.190180ms CPU, 0.50s total GPU, 0.51s total wall, 229x 
Run:  [256/732] reduction [Device=0 DataType=I64 AggKinds=12 size=100000000]
Warn: Current measurement timed out (15.00s) while over noise threshold (0.80% > 0.50%)
Pass: Cold: 18.774829ms GPU, 18.778355ms CPU, 14.98s total GPU, 15.00s total wall, 798x 
Run:  [257/732] reduction [Device=0 DataType=I64 AggKinds=9 size=100000]
Pass: Cold: 0.038708ms GPU, 0.042494ms CPU, 0.50s total GPU, 0.99s total wall, 12928x 
Run:  [258/732] reduction [Device=0 DataType=I64 AggKinds=9 size=1000000]
Pass: Cold: 0.078840ms GPU, 0.082671ms CPU, 0.50s total GPU, 0.66s total wall, 6352x 
Run:  [259/732] reduction [Device=0 DataType=I64 AggKinds=9 size=10000000]
Pass: Cold: 0.352101ms GPU, 0.355955ms CPU, 0.59s total GPU, 0.62s total wall, 1664x 
Run:  [260/732] reduction [Device=0 DataType=I64 AggKinds=9 size=100000000]
Pass: Cold: 3.143634ms GPU, 3.147529ms CPU, 0.50s total GPU, 0.51s total wall, 160x 
Run:  [261/732] reduction [Device=0 DataType=F64 AggKinds=2 size=100000]
Pass: Cold: 0.030799ms GPU, 0.034523ms CPU, 0.50s total GPU, 1.15s total wall, 16240x 
Run:  [262/732] reduction [Device=0 DataType=F64 AggKinds=2 size=1000000]
Pass: Cold: 0.068807ms GPU, 0.072528ms CPU, 0.50s total GPU, 0.68s total wall, 7280x 
Run:  [263/732] reduction [Device=0 DataType=F64 AggKinds=2 size=10000000]
Pass: Cold: 0.340767ms GPU, 0.344668ms CPU, 0.50s total GPU, 0.53s total wall, 1472x 
Run:  [264/732] reduction [Device=0 DataType=F64 AggKinds=2 size=100000000]
Pass: Cold: 3.123613ms GPU, 3.127620ms CPU, 0.50s total GPU, 0.51s total wall, 161x 
Run:  [265/732] reduction [Device=0 DataType=F64 AggKinds=0 size=100000]
Pass: Cold: 0.029720ms GPU, 0.033452ms CPU, 0.50s total GPU, 1.18s total wall, 16832x 
Run:  [266/732] reduction [Device=0 DataType=F64 AggKinds=0 size=1000000]
Pass: Cold: 0.068636ms GPU, 0.072398ms CPU, 0.50s total GPU, 0.68s total wall, 7296x 
Run:  [267/732] reduction [Device=0 DataType=F64 AggKinds=0 size=10000000]
Pass: Cold: 0.339992ms GPU, 0.343843ms CPU, 0.50s total GPU, 0.53s total wall, 1472x 
Run:  [268/732] reduction [Device=0 DataType=F64 AggKinds=0 size=100000000]
Pass: Cold: 3.116822ms GPU, 3.120778ms CPU, 0.50s total GPU, 0.51s total wall, 161x 
Run:  [269/732] reduction [Device=0 DataType=F64 AggKinds=1 size=100000]
Pass: Cold: 0.030530ms GPU, 0.034287ms CPU, 0.50s total GPU, 1.16s total wall, 16384x 
Run:  [270/732] reduction [Device=0 DataType=F64 AggKinds=1 size=1000000]
Pass: Cold: 0.068736ms GPU, 0.072520ms CPU, 0.50s total GPU, 0.68s total wall, 7280x 
Run:  [271/732] reduction [Device=0 DataType=F64 AggKinds=1 size=10000000]
Pass: Cold: 0.340310ms GPU, 0.344166ms CPU, 0.50s total GPU, 0.53s total wall, 1472x 
Run:  [272/732] reduction [Device=0 DataType=F64 AggKinds=1 size=100000000]
Pass: Cold: 3.118440ms GPU, 3.122477ms CPU, 0.50s total GPU, 0.51s total wall, 161x 
Run:  [273/732] reduction [Device=0 DataType=F64 AggKinds=11 size=100000]
Pass: Cold: 0.175536ms GPU, 0.179334ms CPU, 0.50s total GPU, 0.59s total wall, 2864x 
Run:  [274/732] reduction [Device=0 DataType=F64 AggKinds=11 size=1000000]
Pass: Cold: 0.518874ms GPU, 0.522664ms CPU, 0.51s total GPU, 0.53s total wall, 976x 
Run:  [275/732] reduction [Device=0 DataType=F64 AggKinds=11 size=10000000]
Pass: Cold: 2.083607ms GPU, 2.087261ms CPU, 0.50s total GPU, 0.50s total wall, 240x 
Run:  [276/732] reduction [Device=0 DataType=F64 AggKinds=11 size=100000000]
Warn: Current measurement timed out (15.02s) while over noise threshold (0.85% > 0.50%)
Pass: Cold: 17.767657ms GPU, 17.771394ms CPU, 15.00s total GPU, 15.02s total wall, 844x 
Run:  [277/732] reduction [Device=0 DataType=F64 AggKinds=12 size=100000]
Pass: Cold: 0.173753ms GPU, 0.177529ms CPU, 0.50s total GPU, 0.59s total wall, 2880x 
Run:  [278/732] reduction [Device=0 DataType=F64 AggKinds=12 size=1000000]
Pass: Cold: 0.519117ms GPU, 0.522970ms CPU, 0.51s total GPU, 0.53s total wall, 976x 
Run:  [279/732] reduction [Device=0 DataType=F64 AggKinds=12 size=10000000]
Pass: Cold: 2.085850ms GPU, 2.089745ms CPU, 0.50s total GPU, 0.51s total wall, 240x 
Run:  [280/732] reduction [Device=0 DataType=F64 AggKinds=12 size=100000000]
Warn: Current measurement timed out (15.01s) while over noise threshold (0.77% > 0.50%)
Pass: Cold: 17.762603ms GPU, 17.766279ms CPU, 14.99s total GPU, 15.01s total wall, 844x 
Run:  [281/732] reduction [Device=0 DataType=F64 AggKinds=9 size=100000]
Pass: Cold: 0.038091ms GPU, 0.041914ms CPU, 0.50s total GPU, 1.00s total wall, 13136x 
Run:  [282/732] reduction [Device=0 DataType=F64 AggKinds=9 size=1000000]
Pass: Cold: 0.076880ms GPU, 0.080719ms CPU, 0.50s total GPU, 0.66s total wall, 6512x 
Run:  [283/732] reduction [Device=0 DataType=F64 AggKinds=9 size=10000000]
Pass: Cold: 0.349012ms GPU, 0.352820ms CPU, 0.52s total GPU, 0.56s total wall, 1504x 
Run:  [284/732] reduction [Device=0 DataType=F64 AggKinds=9 size=100000000]
Pass: Cold: 3.127200ms GPU, 3.131416ms CPU, 0.50s total GPU, 0.50s total wall, 160x 
Run:  [285/732] reduction [Device=0 DataType=cudf::timestamp_ms AggKinds=2 size=100000]
Pass: Cold: 0.030466ms GPU, 0.034218ms CPU, 0.50s total GPU, 1.19s total wall, 16416x 
Run:  [286/732] reduction [Device=0 DataType=cudf::timestamp_ms AggKinds=2 size=1000000]
Pass: Cold: 0.068252ms GPU, 0.072108ms CPU, 0.50s total GPU, 0.70s total wall, 7328x 
Run:  [287/732] reduction [Device=0 DataType=cudf::timestamp_ms AggKinds=2 size=10000000]
Pass: Cold: 0.335580ms GPU, 0.339309ms CPU, 0.90s total GPU, 0.96s total wall, 2688x 
Run:  [288/732] reduction [Device=0 DataType=cudf::timestamp_ms AggKinds=2 size=100000000]
Pass: Cold: 3.071842ms GPU, 3.075683ms CPU, 0.50s total GPU, 0.50s total wall, 163x 
Run:  [289/732] reduction [Device=0 DataType=cudf::timestamp_ms AggKinds=0 size=100000]
Skip: Skip chrono types for some aggregations
Run:  [290/732] reduction [Device=0 DataType=cudf::timestamp_ms AggKinds=0 size=1000000]
Skip: Skip chrono types for some aggregations
Run:  [291/732] reduction [Device=0 DataType=cudf::timestamp_ms AggKinds=0 size=10000000]
Skip: Skip chrono types for some aggregations
Run:  [292/732] reduction [Device=0 DataType=cudf::timestamp_ms AggKinds=0 size=100000000]
Skip: Skip chrono types for some aggregations
Run:  [293/732] reduction [Device=0 DataType=cudf::timestamp_ms AggKinds=1 size=100000]
Skip: Skip chrono types for some aggregations
Run:  [294/732] reduction [Device=0 DataType=cudf::timestamp_ms AggKinds=1 size=1000000]
Skip: Skip chrono types for some aggregations
Run:  [295/732] reduction [Device=0 DataType=cudf::timestamp_ms AggKinds=1 size=10000000]
Skip: Skip chrono types for some aggregations
Run:  [296/732] reduction [Device=0 DataType=cudf::timestamp_ms AggKinds=1 size=100000000]
Skip: Skip chrono types for some aggregations
Run:  [297/732] reduction [Device=0 DataType=cudf::timestamp_ms AggKinds=11 size=100000]
Skip: Skip chrono types for some aggregations
Run:  [298/732] reduction [Device=0 DataType=cudf::timestamp_ms AggKinds=11 size=1000000]
Skip: Skip chrono types for some aggregations
Run:  [299/732] reduction [Device=0 DataType=cudf::timestamp_ms AggKinds=11 size=10000000]
Skip: Skip chrono types for some aggregations
Run:  [300/732] reduction [Device=0 DataType=cudf::timestamp_ms AggKinds=11 size=100000000]
Skip: Skip chrono types for some aggregations
Run:  [301/732] reduction [Device=0 DataType=cudf::timestamp_ms AggKinds=12 size=100000]
Skip: Skip chrono types for some aggregations
Run:  [302/732] reduction [Device=0 DataType=cudf::timestamp_ms AggKinds=12 size=1000000]
Skip: Skip chrono types for some aggregations
Run:  [303/732] reduction [Device=0 DataType=cudf::timestamp_ms AggKinds=12 size=10000000]
Skip: Skip chrono types for some aggregations
Run:  [304/732] reduction [Device=0 DataType=cudf::timestamp_ms AggKinds=12 size=100000000]
Skip: Skip chrono types for some aggregations
Run:  [305/732] reduction [Device=0 DataType=cudf::timestamp_ms AggKinds=9 size=100000]
Skip: Skip chrono types for some aggregations
Run:  [306/732] reduction [Device=0 DataType=cudf::timestamp_ms AggKinds=9 size=1000000]
Skip: Skip chrono types for some aggregations
Run:  [307/732] reduction [Device=0 DataType=cudf::timestamp_ms AggKinds=9 size=10000000]
Skip: Skip chrono types for some aggregations
Run:  [308/732] reduction [Device=0 DataType=cudf::timestamp_ms AggKinds=9 size=100000000]
Skip: Skip chrono types for some aggregations
Run:  [309/732] scan [Device=0 DataType=I8 nulls=0 size=100000]
Pass: Cold: 0.027654ms GPU, 0.031472ms CPU, 0.50s total GPU, 1.27s total wall, 18096x 
Run:  [310/732] scan [Device=0 DataType=I8 nulls=0.1 size=100000]
Pass: Cold: 0.028361ms GPU, 0.032156ms CPU, 0.50s total GPU, 1.24s total wall, 17632x 
Run:  [311/732] scan [Device=0 DataType=I8 nulls=0 size=1000000]
Pass: Cold: 0.038172ms GPU, 0.041954ms CPU, 0.50s total GPU, 1.02s total wall, 13104x 
Run:  [312/732] scan [Device=0 DataType=I8 nulls=0.1 size=1000000]
Pass: Cold: 0.037087ms GPU, 0.040869ms CPU, 0.50s total GPU, 1.03s total wall, 13488x 
Run:  [313/732] scan [Device=0 DataType=I8 nulls=0 size=10000000]
Pass: Cold: 0.130896ms GPU, 0.134791ms CPU, 0.50s total GPU, 0.63s total wall, 3824x 
Run:  [314/732] scan [Device=0 DataType=I8 nulls=0.1 size=10000000]
Pass: Cold: 0.150249ms GPU, 0.154358ms CPU, 0.50s total GPU, 0.61s total wall, 3328x 
Run:  [315/732] scan [Device=0 DataType=I8 nulls=0 size=100000000]
Pass: Cold: 1.192375ms GPU, 1.196434ms CPU, 1.11s total GPU, 1.14s total wall, 928x 
Run:  [316/732] scan [Device=0 DataType=I8 nulls=0.1 size=100000000]
Pass: Cold: 1.445058ms GPU, 1.449155ms CPU, 1.57s total GPU, 1.61s total wall, 1088x 
Run:  [317/732] scan [Device=0 DataType=I32 nulls=0 size=100000]
Pass: Cold: 0.028675ms GPU, 0.032481ms CPU, 0.50s total GPU, 1.24s total wall, 17440x 
Run:  [318/732] scan [Device=0 DataType=I32 nulls=0.1 size=100000]
Pass: Cold: 0.028346ms GPU, 0.032132ms CPU, 0.50s total GPU, 1.25s total wall, 17648x 
Run:  [319/732] scan [Device=0 DataType=I32 nulls=0 size=1000000]
Pass: Cold: 0.057409ms GPU, 0.061176ms CPU, 0.50s total GPU, 0.83s total wall, 8720x 
Run:  [320/732] scan [Device=0 DataType=I32 nulls=0.1 size=1000000]
Pass: Cold: 0.058583ms GPU, 0.062269ms CPU, 0.50s total GPU, 0.82s total wall, 8544x 
Run:  [321/732] scan [Device=0 DataType=I32 nulls=0 size=10000000]
Pass: Cold: 0.372496ms GPU, 0.376281ms CPU, 0.60s total GPU, 0.66s total wall, 1616x 
Run:  [322/732] scan [Device=0 DataType=I32 nulls=0.1 size=10000000]
Pass: Cold: 0.371804ms GPU, 0.375575ms CPU, 0.51s total GPU, 0.55s total wall, 1360x 
Run:  [323/732] scan [Device=0 DataType=I32 nulls=0 size=100000000]
Pass: Cold: 3.557203ms GPU, 3.560966ms CPU, 1.37s total GPU, 1.38s total wall, 384x 
Run:  [324/732] scan [Device=0 DataType=I32 nulls=0.1 size=100000000]
Pass: Cold: 3.551431ms GPU, 3.555260ms CPU, 0.92s total GPU, 0.93s total wall, 260x 
Run:  [325/732] scan [Device=0 DataType=U64 nulls=0 size=100000]
Pass: Cold: 0.032534ms GPU, 0.036273ms CPU, 0.50s total GPU, 1.13s total wall, 15376x 
Run:  [326/732] scan [Device=0 DataType=U64 nulls=0.1 size=100000]
Pass: Cold: 0.031977ms GPU, 0.035689ms CPU, 0.50s total GPU, 1.14s total wall, 15648x 
Run:  [327/732] scan [Device=0 DataType=U64 nulls=0 size=1000000]
Pass: Cold: 0.091365ms GPU, 0.095131ms CPU, 0.50s total GPU, 0.70s total wall, 5488x 
Run:  [328/732] scan [Device=0 DataType=U64 nulls=0.1 size=1000000]
Pass: Cold: 0.089317ms GPU, 0.093080ms CPU, 0.50s total GPU, 0.70s total wall, 5600x 
Run:  [329/732] scan [Device=0 DataType=U64 nulls=0 size=10000000]
Pass: Cold: 0.710035ms GPU, 0.713786ms CPU, 0.50s total GPU, 0.52s total wall, 705x 
Run:  [330/732] scan [Device=0 DataType=U64 nulls=0.1 size=10000000]
Pass: Cold: 0.704311ms GPU, 0.708132ms CPU, 0.50s total GPU, 0.52s total wall, 710x 
Run:  [331/732] scan [Device=0 DataType=U64 nulls=0 size=100000000]
Pass: Cold: 6.930680ms GPU, 6.934663ms CPU, 1.25s total GPU, 1.26s total wall, 181x 
Run:  [332/732] scan [Device=0 DataType=U64 nulls=0.1 size=100000000]
Pass: Cold: 6.881586ms GPU, 6.885393ms CPU, 0.65s total GPU, 0.65s total wall, 94x 
Run:  [333/732] scan [Device=0 DataType=F32 nulls=0 size=100000]
Pass: Cold: 0.028532ms GPU, 0.032327ms CPU, 0.50s total GPU, 1.24s total wall, 17536x 
Run:  [334/732] scan [Device=0 DataType=F32 nulls=0.1 size=100000]
Pass: Cold: 0.028519ms GPU, 0.032303ms CPU, 0.50s total GPU, 1.24s total wall, 17536x 
Run:  [335/732] scan [Device=0 DataType=F32 nulls=0 size=1000000]
Pass: Cold: 0.057509ms GPU, 0.061258ms CPU, 0.50s total GPU, 0.83s total wall, 8704x 
Run:  [336/732] scan [Device=0 DataType=F32 nulls=0.1 size=1000000]
Pass: Cold: 0.059025ms GPU, 0.062673ms CPU, 0.50s total GPU, 0.81s total wall, 8480x 
Run:  [337/732] scan [Device=0 DataType=F32 nulls=0 size=10000000]
Pass: Cold: 0.370712ms GPU, 0.374482ms CPU, 0.60s total GPU, 0.65s total wall, 1616x 
Run:  [338/732] scan [Device=0 DataType=F32 nulls=0.1 size=10000000]
Pass: Cold: 0.370321ms GPU, 0.374177ms CPU, 0.50s total GPU, 0.55s total wall, 1360x 
Run:  [339/732] scan [Device=0 DataType=F32 nulls=0 size=100000000]
Pass: Cold: 3.527690ms GPU, 3.531563ms CPU, 0.50s total GPU, 0.51s total wall, 142x 
Run:  [340/732] scan [Device=0 DataType=F32 nulls=0.1 size=100000000]
Pass: Cold: 3.522073ms GPU, 3.525963ms CPU, 0.50s total GPU, 0.50s total wall, 142x 
Run:  [341/732] scan [Device=0 DataType=I16 nulls=0 size=100000]
Pass: Cold: 0.027791ms GPU, 0.031579ms CPU, 0.50s total GPU, 1.26s total wall, 18000x 
Run:  [342/732] scan [Device=0 DataType=I16 nulls=0.1 size=100000]
Pass: Cold: 0.028891ms GPU, 0.032657ms CPU, 0.50s total GPU, 1.22s total wall, 17312x 
Run:  [343/732] scan [Device=0 DataType=I16 nulls=0 size=1000000]
Pass: Cold: 0.040905ms GPU, 0.044658ms CPU, 0.50s total GPU, 0.99s total wall, 12224x 
Run:  [344/732] scan [Device=0 DataType=I16 nulls=0.1 size=1000000]
Pass: Cold: 0.041210ms GPU, 0.044992ms CPU, 0.50s total GPU, 0.99s total wall, 12144x 
Run:  [345/732] scan [Device=0 DataType=I16 nulls=0 size=10000000]
Pass: Cold: 0.200918ms GPU, 0.204690ms CPU, 0.50s total GPU, 0.58s total wall, 2496x 
Run:  [346/732] scan [Device=0 DataType=I16 nulls=0.1 size=10000000]
Pass: Cold: 0.205832ms GPU, 0.209715ms CPU, 0.50s total GPU, 0.58s total wall, 2432x 
Run:  [347/732] scan [Device=0 DataType=I16 nulls=0 size=100000000]
Pass: Cold: 1.839559ms GPU, 1.843429ms CPU, 0.50s total GPU, 0.51s total wall, 272x 
Run:  [348/732] scan [Device=0 DataType=I16 nulls=0.1 size=100000000]
Pass: Cold: 1.877777ms GPU, 1.881774ms CPU, 0.50s total GPU, 0.51s total wall, 267x 
Run:  [349/732] scan [Device=0 DataType=U32 nulls=0 size=100000]
Pass: Cold: 0.028591ms GPU, 0.032370ms CPU, 0.50s total GPU, 1.24s total wall, 17504x 
Run:  [350/732] scan [Device=0 DataType=U32 nulls=0.1 size=100000]
Pass: Cold: 0.028688ms GPU, 0.032441ms CPU, 0.50s total GPU, 1.24s total wall, 17440x 
Run:  [351/732] scan [Device=0 DataType=U32 nulls=0 size=1000000]
Pass: Cold: 0.057930ms GPU, 0.061675ms CPU, 0.53s total GPU, 0.88s total wall, 9152x 
Run:  [352/732] scan [Device=0 DataType=U32 nulls=0.1 size=1000000]
Pass: Cold: 0.058755ms GPU, 0.062424ms CPU, 0.50s total GPU, 0.81s total wall, 8512x 
Run:  [353/732] scan [Device=0 DataType=U32 nulls=0 size=10000000]
Pass: Cold: 0.372406ms GPU, 0.376182ms CPU, 0.50s total GPU, 0.54s total wall, 1344x 
Run:  [354/732] scan [Device=0 DataType=U32 nulls=0.1 size=10000000]
Pass: Cold: 0.371997ms GPU, 0.375797ms CPU, 0.51s total GPU, 0.55s total wall, 1360x 
Run:  [355/732] scan [Device=0 DataType=U32 nulls=0 size=100000000]
Pass: Cold: 3.556350ms GPU, 3.560086ms CPU, 1.22s total GPU, 1.23s total wall, 344x 
Run:  [356/732] scan [Device=0 DataType=U32 nulls=0.1 size=100000000]
Pass: Cold: 3.553980ms GPU, 3.557748ms CPU, 0.82s total GPU, 0.83s total wall, 230x 
Run:  [357/732] scan [Device=0 DataType=F64 nulls=0 size=100000]
Pass: Cold: 0.034451ms GPU, 0.038246ms CPU, 0.50s total GPU, 1.08s total wall, 14528x 
Run:  [358/732] scan [Device=0 DataType=F64 nulls=0.1 size=100000]
Pass: Cold: 0.034629ms GPU, 0.038416ms CPU, 0.50s total GPU, 1.08s total wall, 14448x 
Run:  [359/732] scan [Device=0 DataType=F64 nulls=0 size=1000000]
Pass: Cold: 0.096717ms GPU, 0.100424ms CPU, 0.50s total GPU, 0.68s total wall, 5184x 
Run:  [360/732] scan [Device=0 DataType=F64 nulls=0.1 size=1000000]
Pass: Cold: 0.093784ms GPU, 0.097492ms CPU, 0.50s total GPU, 0.69s total wall, 5344x 
Run:  [361/732] scan [Device=0 DataType=F64 nulls=0 size=10000000]
Pass: Cold: 0.715617ms GPU, 0.719469ms CPU, 0.50s total GPU, 0.53s total wall, 704x 
Run:  [362/732] scan [Device=0 DataType=F64 nulls=0.1 size=10000000]
Pass: Cold: 0.701297ms GPU, 0.705178ms CPU, 1.17s total GPU, 1.22s total wall, 1664x 
Run:  [363/732] scan [Device=0 DataType=F64 nulls=0 size=100000000]
Pass: Cold: 6.942689ms GPU, 6.946387ms CPU, 0.51s total GPU, 0.51s total wall, 73x 
Run:  [364/732] scan [Device=0 DataType=F64 nulls=0.1 size=100000000]
Pass: Cold: 6.795003ms GPU, 6.799024ms CPU, 0.50s total GPU, 0.51s total wall, 74x 
Run:  [365/732] structs_scan [Device=0 null_probability=0 null_policy=0 data_size=10000]
Pass: Cold: 0.710411ms GPU, 0.714227ms CPU, 1.40s total GPU, 1.46s total wall, 1968x 
Run:  [366/732] structs_scan [Device=0 null_probability=0.1 null_policy=0 data_size=10000]
Pass: Cold: 2.471138ms GPU, 2.475285ms CPU, 7.59s total GPU, 7.70s total wall, 3072x 
Run:  [367/732] structs_scan [Device=0 null_probability=0.5 null_policy=0 data_size=10000]
Pass: Cold: 2.375569ms GPU, 2.379675ms CPU, 4.79s total GPU, 4.86s total wall, 2016x 
Run:  [368/732] structs_scan [Device=0 null_probability=0.9 null_policy=0 data_size=10000]
Pass: Cold: 1.908344ms GPU, 1.912483ms CPU, 4.00s total GPU, 4.07s total wall, 2096x 
Run:  [369/732] structs_scan [Device=0 null_probability=0 null_policy=1 data_size=10000]
Pass: Cold: 0.710286ms GPU, 0.714072ms CPU, 1.63s total GPU, 1.70s total wall, 2288x 
Run:  [370/732] structs_scan [Device=0 null_probability=0.1 null_policy=1 data_size=10000]
Pass: Cold: 2.466615ms GPU, 2.470765ms CPU, 6.43s total GPU, 6.52s total wall, 2608x 
Run:  [371/732] structs_scan [Device=0 null_probability=0.5 null_policy=1 data_size=10000]
Pass: Cold: 2.372864ms GPU, 2.376962ms CPU, 1.82s total GPU, 1.85s total wall, 768x 
Run:  [372/732] structs_scan [Device=0 null_probability=0.9 null_policy=1 data_size=10000]
Pass: Cold: 1.962562ms GPU, 1.966783ms CPU, 4.46s total GPU, 4.54s total wall, 2272x 
Run:  [373/732] structs_scan [Device=0 null_probability=0 null_policy=0 data_size=100000]
Pass: Cold: 0.978281ms GPU, 0.982212ms CPU, 0.52s total GPU, 0.53s total wall, 528x 
Run:  [374/732] structs_scan [Device=0 null_probability=0.1 null_policy=0 data_size=100000]
Pass: Cold: 2.799747ms GPU, 2.803965ms CPU, 7.30s total GPU, 7.39s total wall, 2608x 
Run:  [375/732] structs_scan [Device=0 null_probability=0.5 null_policy=0 data_size=100000]
Pass: Cold: 2.534809ms GPU, 2.539025ms CPU, 7.02s total GPU, 7.11s total wall, 2768x 
Run:  [376/732] structs_scan [Device=0 null_probability=0.9 null_policy=0 data_size=100000]
Pass: Cold: 2.021708ms GPU, 2.025866ms CPU, 5.11s total GPU, 5.20s total wall, 2528x 
Run:  [377/732] structs_scan [Device=0 null_probability=0 null_policy=1 data_size=100000]
Pass: Cold: 0.976634ms GPU, 0.980547ms CPU, 0.70s total GPU, 0.73s total wall, 720x 
Run:  [378/732] structs_scan [Device=0 null_probability=0.1 null_policy=1 data_size=100000]
Pass: Cold: 2.734257ms GPU, 2.738438ms CPU, 4.07s total GPU, 4.12s total wall, 1488x 
Run:  [379/732] structs_scan [Device=0 null_probability=0.5 null_policy=1 data_size=100000]
Pass: Cold: 2.565065ms GPU, 2.569275ms CPU, 7.02s total GPU, 7.11s total wall, 2736x 
Run:  [380/732] structs_scan [Device=0 null_probability=0.9 null_policy=1 data_size=100000]
Pass: Cold: 2.062668ms GPU, 2.066831ms CPU, 6.14s total GPU, 6.24s total wall, 2976x 
Run:  [381/732] structs_scan [Device=0 null_probability=0 null_policy=0 data_size=1000000]
Pass: Cold: 5.942883ms GPU, 5.947136ms CPU, 8.56s total GPU, 8.61s total wall, 1440x 
Run:  [382/732] structs_scan [Device=0 null_probability=0.1 null_policy=0 data_size=1000000]
Pass: Cold: 8.379690ms GPU, 8.383863ms CPU, 9.25s total GPU, 9.28s total wall, 1104x 
Run:  [383/732] structs_scan [Device=0 null_probability=0.5 null_policy=0 data_size=1000000]
Pass: Cold: 6.100973ms GPU, 6.105174ms CPU, 11.71s total GPU, 11.77s total wall, 1920x 
Run:  [384/732] structs_scan [Device=0 null_probability=0.9 null_policy=0 data_size=1000000]
Pass: Cold: 4.702232ms GPU, 4.706425ms CPU, 8.13s total GPU, 8.17s total wall, 1728x 
Run:  [385/732] structs_scan [Device=0 null_probability=0 null_policy=1 data_size=1000000]
Pass: Cold: 5.970113ms GPU, 5.974411ms CPU, 8.79s total GPU, 8.84s total wall, 1472x 
Run:  [386/732] structs_scan [Device=0 null_probability=0.1 null_policy=1 data_size=1000000]
Pass: Cold: 7.505899ms GPU, 7.510101ms CPU, 6.73s total GPU, 6.75s total wall, 896x 
Run:  [387/732] structs_scan [Device=0 null_probability=0.5 null_policy=1 data_size=1000000]
Pass: Cold: 6.137994ms GPU, 6.142213ms CPU, 11.20s total GPU, 11.24s total wall, 1824x 
Run:  [388/732] structs_scan [Device=0 null_probability=0.9 null_policy=1 data_size=1000000]
Pass: Cold: 4.760722ms GPU, 4.765045ms CPU, 0.76s total GPU, 0.77s total wall, 160x 
Run:  [389/732] structs_scan [Device=0 null_probability=0 null_policy=0 data_size=10000000]
Pass: Cold: 50.058552ms GPU, 50.063163ms CPU, 5.61s total GPU, 5.61s total wall, 112x 
Run:  [390/732] structs_scan [Device=0 null_probability=0.1 null_policy=0 data_size=10000000]
Pass: Cold: 58.680516ms GPU, 58.684885ms CPU, 7.51s total GPU, 7.52s total wall, 128x 
Run:  [391/732] structs_scan [Device=0 null_probability=0.5 null_policy=0 data_size=10000000]
Pass: Cold: 41.843705ms GPU, 41.848223ms CPU, 1.42s total GPU, 1.42s total wall, 34x 
Run:  [392/732] structs_scan [Device=0 null_probability=0.9 null_policy=0 data_size=10000000]
Warn: Current measurement timed out (15.03s) while over noise threshold (0.62% > 0.50%)
Pass: Cold: 30.517928ms GPU, 30.522292ms CPU, 15.01s total GPU, 15.03s total wall, 492x 
Run:  [393/732] structs_scan [Device=0 null_probability=0 null_policy=1 data_size=10000000]
Pass: Cold: 50.212033ms GPU, 50.216465ms CPU, 5.62s total GPU, 5.63s total wall, 112x 
Run:  [394/732] structs_scan [Device=0 null_probability=0.1 null_policy=1 data_size=10000000]
Pass: Cold: 53.396335ms GPU, 53.400448ms CPU, 4.27s total GPU, 4.27s total wall, 80x 
Run:  [395/732] structs_scan [Device=0 null_probability=0.5 null_policy=1 data_size=10000000]
Pass: Cold: 41.840381ms GPU, 41.844593ms CPU, 2.01s total GPU, 2.01s total wall, 48x 
Run:  [396/732] structs_scan [Device=0 null_probability=0.9 null_policy=1 data_size=10000000]
Warn: Current measurement timed out (15.02s) while over noise threshold (0.58% > 0.50%)
Pass: Cold: 30.560993ms GPU, 30.565400ms CPU, 15.01s total GPU, 15.02s total wall, 491x 
Run:  [397/732] segmented_reduction [Device=0 DataType=bool AggregationKinds=0 column_size=100000 num_segments=1000]
Pass: Cold: 0.036041ms GPU, 0.040181ms CPU, 0.50s total GPU, 1.07s total wall, 13888x 
Run:  [398/732] segmented_reduction [Device=0 DataType=bool AggregationKinds=0 column_size=1000000 num_segments=1000]
Pass: Cold: 0.041807ms GPU, 0.045887ms CPU, 0.50s total GPU, 0.97s total wall, 11968x 
Run:  [399/732] segmented_reduction [Device=0 DataType=bool AggregationKinds=0 column_size=10000000 num_segments=1000]
Pass: Cold: 0.084148ms GPU, 0.088325ms CPU, 0.50s total GPU, 0.65s total wall, 5952x 
Run:  [400/732] segmented_reduction [Device=0 DataType=bool AggregationKinds=0 column_size=100000000 num_segments=1000]
Pass: Cold: 0.472620ms GPU, 0.477055ms CPU, 0.52s total GPU, 0.55s total wall, 1104x 
Run:  [401/732] segmented_reduction [Device=0 DataType=bool AggregationKinds=0 column_size=100000 num_segments=10000]
Pass: Cold: 0.104303ms GPU, 0.108418ms CPU, 0.50s total GPU, 0.67s total wall, 4800x 
Run:  [402/732] segmented_reduction [Device=0 DataType=bool AggregationKinds=0 column_size=1000000 num_segments=10000]
Pass: Cold: 0.106386ms GPU, 0.110512ms CPU, 0.50s total GPU, 0.66s total wall, 4704x 
Run:  [403/732] segmented_reduction [Device=0 DataType=bool AggregationKinds=0 column_size=10000000 num_segments=10000]
Pass: Cold: 0.171671ms GPU, 0.176036ms CPU, 0.50s total GPU, 0.57s total wall, 2928x 
Run:  [404/732] segmented_reduction [Device=0 DataType=bool AggregationKinds=0 column_size=100000000 num_segments=10000]
Pass: Cold: 0.476873ms GPU, 0.481387ms CPU, 0.59s total GPU, 0.62s total wall, 1232x 
Run:  [405/732] segmented_reduction [Device=0 DataType=bool AggregationKinds=0 column_size=100000 num_segments=100000]
Pass: Cold: 0.782998ms GPU, 0.787222ms CPU, 1.82s total GPU, 1.89s total wall, 2320x 
Run:  [406/732] segmented_reduction [Device=0 DataType=bool AggregationKinds=0 column_size=1000000 num_segments=100000]
Pass: Cold: 0.811033ms GPU, 0.815228ms CPU, 0.73s total GPU, 0.76s total wall, 896x 
Run:  [407/732] segmented_reduction [Device=0 DataType=bool AggregationKinds=0 column_size=10000000 num_segments=100000]
Pass: Cold: 0.867487ms GPU, 0.871771ms CPU, 0.57s total GPU, 0.58s total wall, 656x 
Run:  [408/732] segmented_reduction [Device=0 DataType=bool AggregationKinds=0 column_size=100000000 num_segments=100000]
Pass: Cold: 1.521427ms GPU, 1.525930ms CPU, 1.02s total GPU, 1.04s total wall, 672x 
Run:  [409/732] segmented_reduction [Device=0 DataType=bool AggregationKinds=1 column_size=100000 num_segments=1000]
Pass: Cold: 0.035545ms GPU, 0.039726ms CPU, 0.50s total GPU, 1.07s total wall, 14080x 
Run:  [410/732] segmented_reduction [Device=0 DataType=bool AggregationKinds=1 column_size=1000000 num_segments=1000]
Pass: Cold: 0.043794ms GPU, 0.047934ms CPU, 0.52s total GPU, 0.98s total wall, 11824x 
Run:  [411/732] segmented_reduction [Device=0 DataType=bool AggregationKinds=1 column_size=10000000 num_segments=1000]
Pass: Cold: 0.083445ms GPU, 0.087698ms CPU, 0.50s total GPU, 0.65s total wall, 6000x 
Run:  [412/732] segmented_reduction [Device=0 DataType=bool AggregationKinds=1 column_size=100000000 num_segments=1000]
Pass: Cold: 0.467234ms GPU, 0.471637ms CPU, 0.50s total GPU, 0.53s total wall, 1071x 
Run:  [413/732] segmented_reduction [Device=0 DataType=bool AggregationKinds=1 column_size=100000 num_segments=10000]
Pass: Cold: 0.103612ms GPU, 0.107768ms CPU, 0.50s total GPU, 0.67s total wall, 4832x 
Run:  [414/732] segmented_reduction [Device=0 DataType=bool AggregationKinds=1 column_size=1000000 num_segments=10000]
Pass: Cold: 0.106002ms GPU, 0.110204ms CPU, 0.50s total GPU, 0.66s total wall, 4720x 
Run:  [415/732] segmented_reduction [Device=0 DataType=bool AggregationKinds=1 column_size=10000000 num_segments=10000]
Pass: Cold: 0.189669ms GPU, 0.194002ms CPU, 0.50s total GPU, 0.56s total wall, 2640x 
Run:  [416/732] segmented_reduction [Device=0 DataType=bool AggregationKinds=1 column_size=100000000 num_segments=10000]
Pass: Cold: 0.469095ms GPU, 0.473591ms CPU, 0.50s total GPU, 0.53s total wall, 1072x 
Run:  [417/732] segmented_reduction [Device=0 DataType=bool AggregationKinds=1 column_size=100000 num_segments=100000]
Pass: Cold: 0.780097ms GPU, 0.784338ms CPU, 1.64s total GPU, 1.71s total wall, 2096x 
Run:  [418/732] segmented_reduction [Device=0 DataType=bool AggregationKinds=1 column_size=1000000 num_segments=100000]
Pass: Cold: 0.811297ms GPU, 0.815531ms CPU, 1.43s total GPU, 1.49s total wall, 1760x 
Run:  [419/732] segmented_reduction [Device=0 DataType=bool AggregationKinds=1 column_size=10000000 num_segments=100000]
Pass: Cold: 0.867852ms GPU, 0.872154ms CPU, 0.72s total GPU, 0.74s total wall, 832x 
Run:  [420/732] segmented_reduction [Device=0 DataType=bool AggregationKinds=1 column_size=100000000 num_segments=100000]
Pass: Cold: 1.680051ms GPU, 1.684505ms CPU, 1.72s total GPU, 1.74s total wall, 1024x 
Run:  [421/732] segmented_reduction [Device=0 DataType=bool AggregationKinds=2 column_size=100000 num_segments=1000]
Pass: Cold: 0.035944ms GPU, 0.040092ms CPU, 0.50s total GPU, 1.07s total wall, 13920x 
Run:  [422/732] segmented_reduction [Device=0 DataType=bool AggregationKinds=2 column_size=1000000 num_segments=1000]
Pass: Cold: 0.042049ms GPU, 0.046193ms CPU, 0.50s total GPU, 0.96s total wall, 11904x 
Run:  [423/732] segmented_reduction [Device=0 DataType=bool AggregationKinds=2 column_size=10000000 num_segments=1000]
Pass: Cold: 0.085501ms GPU, 0.089724ms CPU, 0.50s total GPU, 0.65s total wall, 5856x 
Run:  [424/732] segmented_reduction [Device=0 DataType=bool AggregationKinds=2 column_size=100000000 num_segments=1000]
Pass: Cold: 0.465541ms GPU, 0.470026ms CPU, 0.53s total GPU, 0.56s total wall, 1136x 
Run:  [425/732] segmented_reduction [Device=0 DataType=bool AggregationKinds=2 column_size=100000 num_segments=10000]
Pass: Cold: 0.106589ms GPU, 0.110766ms CPU, 0.50s total GPU, 0.66s total wall, 4704x 
Run:  [426/732] segmented_reduction [Device=0 DataType=bool AggregationKinds=2 column_size=1000000 num_segments=10000]
Pass: Cold: 0.108949ms GPU, 0.113082ms CPU, 0.50s total GPU, 0.66s total wall, 4592x 
Run:  [427/732] segmented_reduction [Device=0 DataType=bool AggregationKinds=2 column_size=10000000 num_segments=10000]
Pass: Cold: 0.175287ms GPU, 0.179636ms CPU, 0.50s total GPU, 0.57s total wall, 2864x 
Run:  [428/732] segmented_reduction [Device=0 DataType=bool AggregationKinds=2 column_size=100000000 num_segments=10000]
Pass: Cold: 0.482497ms GPU, 0.487156ms CPU, 0.50s total GPU, 0.53s total wall, 1040x 
Run:  [429/732] segmented_reduction [Device=0 DataType=bool AggregationKinds=2 column_size=100000 num_segments=100000]
Pass: Cold: 0.797054ms GPU, 0.801378ms CPU, 2.30s total GPU, 2.39s total wall, 2880x 
Run:  [430/732] segmented_reduction [Device=0 DataType=bool AggregationKinds=2 column_size=1000000 num_segments=100000]
Pass: Cold: 0.831478ms GPU, 0.835728ms CPU, 0.93s total GPU, 0.97s total wall, 1120x 
Run:  [431/732] segmented_reduction [Device=0 DataType=bool AggregationKinds=2 column_size=10000000 num_segments=100000]
Pass: Cold: 0.886986ms GPU, 0.891279ms CPU, 0.94s total GPU, 0.96s total wall, 1056x 
Run:  [432/732] segmented_reduction [Device=0 DataType=bool AggregationKinds=2 column_size=100000000 num_segments=100000]
Pass: Cold: 1.553846ms GPU, 1.558303ms CPU, 1.32s total GPU, 1.34s total wall, 848x 
Run:  [433/732] segmented_reduction [Device=0 DataType=bool AggregationKinds=7 column_size=100000 num_segments=1000]
Pass: Cold: 0.035761ms GPU, 0.039928ms CPU, 0.50s total GPU, 1.07s total wall, 13984x 
Run:  [434/732] segmented_reduction [Device=0 DataType=bool AggregationKinds=7 column_size=1000000 num_segments=1000]
Pass: Cold: 0.042011ms GPU, 0.046154ms CPU, 0.50s total GPU, 0.96s total wall, 11904x 
Run:  [435/732] segmented_reduction [Device=0 DataType=bool AggregationKinds=7 column_size=10000000 num_segments=1000]
Pass: Cold: 0.084928ms GPU, 0.089174ms CPU, 0.50s total GPU, 0.65s total wall, 5888x 
Run:  [436/732] segmented_reduction [Device=0 DataType=bool AggregationKinds=7 column_size=100000000 num_segments=1000]
Pass: Cold: 0.466692ms GPU, 0.471237ms CPU, 0.93s total GPU, 0.97s total wall, 1984x 
Run:  [437/732] segmented_reduction [Device=0 DataType=bool AggregationKinds=7 column_size=100000 num_segments=10000]
Pass: Cold: 0.106577ms GPU, 0.110777ms CPU, 0.50s total GPU, 0.66s total wall, 4704x 
Run:  [438/732] segmented_reduction [Device=0 DataType=bool AggregationKinds=7 column_size=1000000 num_segments=10000]
Pass: Cold: 0.108211ms GPU, 0.112359ms CPU, 0.50s total GPU, 0.66s total wall, 4624x 
Run:  [439/732] segmented_reduction [Device=0 DataType=bool AggregationKinds=7 column_size=10000000 num_segments=10000]
Pass: Cold: 0.175380ms GPU, 0.179685ms CPU, 0.50s total GPU, 0.57s total wall, 2864x 
Run:  [440/732] segmented_reduction [Device=0 DataType=bool AggregationKinds=7 column_size=100000000 num_segments=10000]
Pass: Cold: 0.482168ms GPU, 0.486751ms CPU, 0.56s total GPU, 0.58s total wall, 1152x 
Run:  [441/732] segmented_reduction [Device=0 DataType=bool AggregationKinds=7 column_size=100000 num_segments=100000]
Pass: Cold: 0.796262ms GPU, 0.800525ms CPU, 2.32s total GPU, 2.42s total wall, 2912x 
Run:  [442/732] segmented_reduction [Device=0 DataType=bool AggregationKinds=7 column_size=1000000 num_segments=100000]
Pass: Cold: 0.830383ms GPU, 0.834488ms CPU, 0.65s total GPU, 0.68s total wall, 784x 
Run:  [443/732] segmented_reduction [Device=0 DataType=bool AggregationKinds=7 column_size=10000000 num_segments=100000]
Pass: Cold: 0.888409ms GPU, 0.892824ms CPU, 1.42s total GPU, 1.46s total wall, 1600x 
Run:  [444/732] segmented_reduction [Device=0 DataType=bool AggregationKinds=7 column_size=100000000 num_segments=100000]
Pass: Cold: 1.553020ms GPU, 1.557457ms CPU, 1.66s total GPU, 1.69s total wall, 1072x 
Run:  [445/732] segmented_reduction [Device=0 DataType=bool AggregationKinds=9 column_size=100000 num_segments=1000]
Pass: Cold: 0.064862ms GPU, 0.069005ms CPU, 0.50s total GPU, 0.78s total wall, 7712x 
Run:  [446/732] segmented_reduction [Device=0 DataType=bool AggregationKinds=9 column_size=1000000 num_segments=1000]
Pass: Cold: 0.082848ms GPU, 0.086941ms CPU, 0.50s total GPU, 0.71s total wall, 6048x 
Run:  [447/732] segmented_reduction [Device=0 DataType=bool AggregationKinds=9 column_size=10000000 num_segments=1000]
Pass: Cold: 0.245103ms GPU, 0.249230ms CPU, 0.50s total GPU, 0.55s total wall, 2048x 
Run:  [448/732] segmented_reduction [Device=0 DataType=bool AggregationKinds=9 column_size=100000000 num_segments=1000]
Pass: Cold: 1.845945ms GPU, 1.850053ms CPU, 5.70s total GPU, 5.78s total wall, 3088x 
Run:  [449/732] segmented_reduction [Device=0 DataType=bool AggregationKinds=9 column_size=100000 num_segments=10000]
Pass: Cold: 0.220606ms GPU, 0.224720ms CPU, 0.53s total GPU, 0.60s total wall, 2384x 
Run:  [450/732] segmented_reduction [Device=0 DataType=bool AggregationKinds=9 column_size=1000000 num_segments=10000]
Pass: Cold: 0.226704ms GPU, 0.230800ms CPU, 0.50s total GPU, 0.57s total wall, 2208x 
Run:  [451/732] segmented_reduction [Device=0 DataType=bool AggregationKinds=9 column_size=10000000 num_segments=10000]
Pass: Cold: 0.396885ms GPU, 0.400999ms CPU, 0.50s total GPU, 0.53s total wall, 1264x 
Run:  [452/732] segmented_reduction [Device=0 DataType=bool AggregationKinds=9 column_size=100000000 num_segments=10000]
Pass: Cold: 2.004341ms GPU, 2.008453ms CPU, 6.25s total GPU, 6.33s total wall, 3120x 
Run:  [453/732] segmented_reduction [Device=0 DataType=bool AggregationKinds=9 column_size=100000 num_segments=100000]
Pass: Cold: 1.780173ms GPU, 1.784212ms CPU, 0.50s total GPU, 0.51s total wall, 281x 
Run:  [454/732] segmented_reduction [Device=0 DataType=bool AggregationKinds=9 column_size=1000000 num_segments=100000]
Pass: Cold: 1.791065ms GPU, 1.795097ms CPU, 0.50s total GPU, 0.51s total wall, 280x 
Run:  [455/732] segmented_reduction [Device=0 DataType=bool AggregationKinds=9 column_size=10000000 num_segments=100000]
Pass: Cold: 1.874982ms GPU, 1.878991ms CPU, 0.50s total GPU, 0.51s total wall, 267x 
Run:  [456/732] segmented_reduction [Device=0 DataType=bool AggregationKinds=9 column_size=100000000 num_segments=100000]
Pass: Cold: 3.500934ms GPU, 3.505050ms CPU, 9.52s total GPU, 9.61s total wall, 2720x 
Run:  [457/732] segmented_reduction [Device=0 DataType=bool AggregationKinds=11 column_size=100000 num_segments=1000]
Pass: Cold: 0.248722ms GPU, 0.252847ms CPU, 0.50s total GPU, 0.57s total wall, 2016x 
Run:  [458/732] segmented_reduction [Device=0 DataType=bool AggregationKinds=11 column_size=1000000 num_segments=1000]
Pass: Cold: 0.591750ms GPU, 0.595830ms CPU, 0.58s total GPU, 0.61s total wall, 976x 
Run:  [459/732] segmented_reduction [Device=0 DataType=bool AggregationKinds=11 column_size=10000000 num_segments=1000]
Pass: Cold: 2.228445ms GPU, 2.232617ms CPU, 0.50s total GPU, 0.51s total wall, 225x 
Run:  [460/732] segmented_reduction [Device=0 DataType=bool AggregationKinds=11 column_size=100000000 num_segments=1000]
Warn: Current measurement timed out (15.02s) while over noise threshold (0.53% > 0.50%)
Pass: Cold: 18.747240ms GPU, 18.751273ms CPU, 15.00s total GPU, 15.02s total wall, 800x 
Run:  [461/732] segmented_reduction [Device=0 DataType=bool AggregationKinds=11 column_size=100000 num_segments=10000]
Pass: Cold: 0.489348ms GPU, 0.493558ms CPU, 0.50s total GPU, 0.53s total wall, 1024x 
Run:  [462/732] segmented_reduction [Device=0 DataType=bool AggregationKinds=11 column_size=1000000 num_segments=10000]
Pass: Cold: 1.888057ms GPU, 1.892201ms CPU, 0.50s total GPU, 0.51s total wall, 265x 
Run:  [463/732] segmented_reduction [Device=0 DataType=bool AggregationKinds=11 column_size=10000000 num_segments=10000]
Pass: Cold: 5.306847ms GPU, 5.310963ms CPU, 0.50s total GPU, 0.51s total wall, 95x 
Run:  [464/732] segmented_reduction [Device=0 DataType=bool AggregationKinds=11 column_size=100000000 num_segments=10000]
Warn: Current measurement timed out (15.01s) while over noise threshold (0.52% > 0.50%)
Pass: Cold: 21.827430ms GPU, 21.831410ms CPU, 15.00s total GPU, 15.01s total wall, 687x 
Run:  [465/732] segmented_reduction [Device=0 DataType=bool AggregationKinds=11 column_size=100000 num_segments=100000]
Pass: Cold: 1.091153ms GPU, 1.095531ms CPU, 2.04s total GPU, 2.11s total wall, 1872x 
Run:  [466/732] segmented_reduction [Device=0 DataType=bool AggregationKinds=11 column_size=1000000 num_segments=100000]
Pass: Cold: 4.420894ms GPU, 4.425005ms CPU, 11.80s total GPU, 11.89s total wall, 2669x 
Run:  [467/732] segmented_reduction [Device=0 DataType=bool AggregationKinds=11 column_size=10000000 num_segments=100000]
Pass: Cold: 18.336772ms GPU, 18.340788ms CPU, 3.30s total GPU, 3.31s total wall, 180x 
Run:  [468/732] segmented_reduction [Device=0 DataType=bool AggregationKinds=11 column_size=100000000 num_segments=100000]
Pass: Cold: 52.443643ms GPU, 52.447527ms CPU, 4.93s total GPU, 4.93s total wall, 94x 
Run:  [469/732] segmented_reduction [Device=0 DataType=bool AggregationKinds=17 column_size=100000 num_segments=1000]
Pass: Cold: 0.093317ms GPU, 0.097462ms CPU, 0.50s total GPU, 0.69s total wall, 5360x 
Run:  [470/732] segmented_reduction [Device=0 DataType=bool AggregationKinds=17 column_size=1000000 num_segments=1000]
Pass: Cold: 0.183941ms GPU, 0.188048ms CPU, 0.50s total GPU, 0.57s total wall, 2720x 
Run:  [471/732] segmented_reduction [Device=0 DataType=bool AggregationKinds=17 column_size=10000000 num_segments=1000]
Pass: Cold: 1.200308ms GPU, 1.204650ms CPU, 0.59s total GPU, 0.60s total wall, 494x 
Run:  [472/732] segmented_reduction [Device=0 DataType=bool AggregationKinds=17 column_size=100000000 num_segments=1000]
Pass: Cold: 11.135531ms GPU, 11.139940ms CPU, 0.50s total GPU, 0.50s total wall, 45x 
Run:  [473/732] segmented_reduction [Device=0 DataType=bool AggregationKinds=17 column_size=100000 num_segments=10000]
Pass: Cold: 0.140701ms GPU, 0.144901ms CPU, 0.55s total GPU, 0.68s total wall, 3888x 
Run:  [474/732] segmented_reduction [Device=0 DataType=bool AggregationKinds=17 column_size=1000000 num_segments=10000]
Pass: Cold: 0.237124ms GPU, 0.241337ms CPU, 0.50s total GPU, 0.55s total wall, 2112x 
Run:  [475/732] segmented_reduction [Device=0 DataType=bool AggregationKinds=17 column_size=10000000 num_segments=10000]
Pass: Cold: 1.247123ms GPU, 1.251418ms CPU, 0.67s total GPU, 0.68s total wall, 535x 
Run:  [476/732] segmented_reduction [Device=0 DataType=bool AggregationKinds=17 column_size=100000000 num_segments=10000]
Pass: Cold: 11.240069ms GPU, 11.244308ms CPU, 0.51s total GPU, 0.51s total wall, 45x 
Run:  [477/732] segmented_reduction [Device=0 DataType=bool AggregationKinds=17 column_size=100000 num_segments=100000]
Pass: Cold: 0.620712ms GPU, 0.625002ms CPU, 1.29s total GPU, 1.36s total wall, 2080x 
Run:  [478/732] segmented_reduction [Device=0 DataType=bool AggregationKinds=17 column_size=1000000 num_segments=100000]
Pass: Cold: 0.893009ms GPU, 0.897213ms CPU, 1.36s total GPU, 1.40s total wall, 1520x 
Run:  [479/732] segmented_reduction [Device=0 DataType=bool AggregationKinds=17 column_size=10000000 num_segments=100000]
Pass: Cold: 1.955938ms GPU, 1.960368ms CPU, 3.16s total GPU, 3.20s total wall, 1616x 
Run:  [480/732] segmented_reduction [Device=0 DataType=bool AggregationKinds=17 column_size=100000000 num_segments=100000]
Pass: Cold: 11.818253ms GPU, 11.822698ms CPU, 0.51s total GPU, 0.51s total wall, 43x 
Run:  [481/732] segmented_reduction [Device=0 DataType=I32 AggregationKinds=0 column_size=100000 num_segments=1000]
Pass: Cold: 0.034795ms GPU, 0.039001ms CPU, 0.50s total GPU, 1.09s total wall, 14384x 
Run:  [482/732] segmented_reduction [Device=0 DataType=I32 AggregationKinds=0 column_size=1000000 num_segments=1000]
Pass: Cold: 0.052952ms GPU, 0.057129ms CPU, 0.50s total GPU, 0.80s total wall, 9456x 
Run:  [483/732] segmented_reduction [Device=0 DataType=I32 AggregationKinds=0 column_size=10000000 num_segments=1000]
Pass: Cold: 0.195653ms GPU, 0.199910ms CPU, 0.50s total GPU, 0.56s total wall, 2560x 
Run:  [484/732] segmented_reduction [Device=0 DataType=I32 AggregationKinds=0 column_size=100000000 num_segments=1000]
Pass: Cold: 1.732848ms GPU, 1.737162ms CPU, 0.50s total GPU, 0.51s total wall, 289x 
Run:  [485/732] segmented_reduction [Device=0 DataType=I32 AggregationKinds=0 column_size=100000 num_segments=10000]
Pass: Cold: 0.096634ms GPU, 0.100827ms CPU, 0.50s total GPU, 0.68s total wall, 5184x 
Run:  [486/732] segmented_reduction [Device=0 DataType=I32 AggregationKinds=0 column_size=1000000 num_segments=10000]
Pass: Cold: 0.103743ms GPU, 0.107940ms CPU, 0.50s total GPU, 0.62s total wall, 4832x 
Run:  [487/732] segmented_reduction [Device=0 DataType=I32 AggregationKinds=0 column_size=10000000 num_segments=10000]
Pass: Cold: 0.207907ms GPU, 0.212218ms CPU, 0.50s total GPU, 0.56s total wall, 2416x 
Run:  [488/732] segmented_reduction [Device=0 DataType=I32 AggregationKinds=0 column_size=100000000 num_segments=10000]
Pass: Cold: 1.561167ms GPU, 1.565531ms CPU, 0.50s total GPU, 0.51s total wall, 321x 
Run:  [489/732] segmented_reduction [Device=0 DataType=I32 AggregationKinds=0 column_size=100000 num_segments=100000]
Pass: Cold: 0.701215ms GPU, 0.705410ms CPU, 0.50s total GPU, 0.53s total wall, 720x 
Run:  [490/732] segmented_reduction [Device=0 DataType=I32 AggregationKinds=0 column_size=1000000 num_segments=100000]
Pass: Cold: 0.734991ms GPU, 0.739193ms CPU, 0.51s total GPU, 0.52s total wall, 688x 
Run:  [491/732] segmented_reduction [Device=0 DataType=I32 AggregationKinds=0 column_size=10000000 num_segments=100000]
Pass: Cold: 0.791676ms GPU, 0.796057ms CPU, 0.56s total GPU, 0.57s total wall, 704x 
Run:  [492/732] segmented_reduction [Device=0 DataType=I32 AggregationKinds=0 column_size=100000000 num_segments=100000]
Pass: Cold: 1.785540ms GPU, 1.790035ms CPU, 1.25s total GPU, 1.26s total wall, 698x 
Run:  [493/732] segmented_reduction [Device=0 DataType=I32 AggregationKinds=1 column_size=100000 num_segments=1000]
Pass: Cold: 0.034609ms GPU, 0.038786ms CPU, 0.50s total GPU, 1.09s total wall, 14448x 
Run:  [494/732] segmented_reduction [Device=0 DataType=I32 AggregationKinds=1 column_size=1000000 num_segments=1000]
Pass: Cold: 0.052643ms GPU, 0.056856ms CPU, 0.50s total GPU, 0.80s total wall, 9504x 
Run:  [495/732] segmented_reduction [Device=0 DataType=I32 AggregationKinds=1 column_size=10000000 num_segments=1000]
Pass: Cold: 0.195706ms GPU, 0.199946ms CPU, 0.50s total GPU, 0.56s total wall, 2560x 
Run:  [496/732] segmented_reduction [Device=0 DataType=I32 AggregationKinds=1 column_size=100000000 num_segments=1000]
Pass: Cold: 1.731449ms GPU, 1.735798ms CPU, 0.50s total GPU, 0.51s total wall, 289x 
Run:  [497/732] segmented_reduction [Device=0 DataType=I32 AggregationKinds=1 column_size=100000 num_segments=10000]
Pass: Cold: 0.097271ms GPU, 0.101490ms CPU, 0.50s total GPU, 0.68s total wall, 5152x 
Run:  [498/732] segmented_reduction [Device=0 DataType=I32 AggregationKinds=1 column_size=1000000 num_segments=10000]
Pass: Cold: 0.103610ms GPU, 0.107807ms CPU, 0.50s total GPU, 0.62s total wall, 4832x 
Run:  [499/732] segmented_reduction [Device=0 DataType=I32 AggregationKinds=1 column_size=10000000 num_segments=10000]
Pass: Cold: 0.208321ms GPU, 0.212647ms CPU, 0.50s total GPU, 0.56s total wall, 2416x 
Run:  [500/732] segmented_reduction [Device=0 DataType=I32 AggregationKinds=1 column_size=100000000 num_segments=10000]
Pass: Cold: 1.563441ms GPU, 1.567707ms CPU, 0.76s total GPU, 0.77s total wall, 487x 
Run:  [501/732] segmented_reduction [Device=0 DataType=I32 AggregationKinds=1 column_size=100000 num_segments=100000]
Pass: Cold: 0.703142ms GPU, 0.707424ms CPU, 0.70s total GPU, 0.73s total wall, 992x 
Run:  [502/732] segmented_reduction [Device=0 DataType=I32 AggregationKinds=1 column_size=1000000 num_segments=100000]
Pass: Cold: 0.737052ms GPU, 0.741325ms CPU, 1.12s total GPU, 1.16s total wall, 1520x 
Run:  [503/732] segmented_reduction [Device=0 DataType=I32 AggregationKinds=1 column_size=10000000 num_segments=100000]
Pass: Cold: 0.806548ms GPU, 0.810922ms CPU, 1.07s total GPU, 1.10s total wall, 1328x 
Run:  [504/732] segmented_reduction [Device=0 DataType=I32 AggregationKinds=1 column_size=100000000 num_segments=100000]
Pass: Cold: 1.788739ms GPU, 1.793170ms CPU, 0.97s total GPU, 0.98s total wall, 543x 
Run:  [505/732] segmented_reduction [Device=0 DataType=I32 AggregationKinds=2 column_size=100000 num_segments=1000]
Pass: Cold: 0.034895ms GPU, 0.039132ms CPU, 0.50s total GPU, 1.08s total wall, 14336x 
Run:  [506/732] segmented_reduction [Device=0 DataType=I32 AggregationKinds=2 column_size=1000000 num_segments=1000]
Pass: Cold: 0.052540ms GPU, 0.056755ms CPU, 0.50s total GPU, 0.80s total wall, 9520x 
Run:  [507/732] segmented_reduction [Device=0 DataType=I32 AggregationKinds=2 column_size=10000000 num_segments=1000]
Pass: Cold: 0.195681ms GPU, 0.199926ms CPU, 0.50s total GPU, 0.56s total wall, 2560x 
Run:  [508/732] segmented_reduction [Device=0 DataType=I32 AggregationKinds=2 column_size=100000000 num_segments=1000]
Pass: Cold: 1.731621ms GPU, 1.735885ms CPU, 0.50s total GPU, 0.51s total wall, 289x 
Run:  [509/732] segmented_reduction [Device=0 DataType=I32 AggregationKinds=2 column_size=100000 num_segments=10000]
Pass: Cold: 0.099183ms GPU, 0.103390ms CPU, 0.50s total GPU, 0.68s total wall, 5056x 
Run:  [510/732] segmented_reduction [Device=0 DataType=I32 AggregationKinds=2 column_size=1000000 num_segments=10000]
Pass: Cold: 0.105998ms GPU, 0.110154ms CPU, 0.50s total GPU, 0.62s total wall, 4720x 
Run:  [511/732] segmented_reduction [Device=0 DataType=I32 AggregationKinds=2 column_size=10000000 num_segments=10000]
Pass: Cold: 0.208750ms GPU, 0.213119ms CPU, 0.50s total GPU, 0.56s total wall, 2400x 
Run:  [512/732] segmented_reduction [Device=0 DataType=I32 AggregationKinds=2 column_size=100000000 num_segments=10000]
Pass: Cold: 1.563976ms GPU, 1.568238ms CPU, 0.92s total GPU, 0.93s total wall, 586x 
Run:  [513/732] segmented_reduction [Device=0 DataType=I32 AggregationKinds=2 column_size=100000 num_segments=100000]
Pass: Cold: 0.728939ms GPU, 0.733179ms CPU, 1.42s total GPU, 1.49s total wall, 1952x 
Run:  [514/732] segmented_reduction [Device=0 DataType=I32 AggregationKinds=2 column_size=1000000 num_segments=100000]
Pass: Cold: 0.764819ms GPU, 0.769098ms CPU, 0.50s total GPU, 0.52s total wall, 656x 
Run:  [515/732] segmented_reduction [Device=0 DataType=I32 AggregationKinds=2 column_size=10000000 num_segments=100000]
Pass: Cold: 0.825633ms GPU, 0.830082ms CPU, 1.49s total GPU, 1.54s total wall, 1808x 
Run:  [516/732] segmented_reduction [Device=0 DataType=I32 AggregationKinds=2 column_size=100000000 num_segments=100000]
Pass: Cold: 1.791508ms GPU, 1.795983ms CPU, 0.50s total GPU, 0.51s total wall, 280x 
Run:  [517/732] segmented_reduction [Device=0 DataType=I32 AggregationKinds=7 column_size=100000 num_segments=1000]
Pass: Cold: 0.036846ms GPU, 0.041007ms CPU, 0.50s total GPU, 1.04s total wall, 13584x 
Run:  [518/732] segmented_reduction [Device=0 DataType=I32 AggregationKinds=7 column_size=1000000 num_segments=1000]
Pass: Cold: 0.055605ms GPU, 0.059752ms CPU, 0.50s total GPU, 0.77s total wall, 8992x 
Run:  [519/732] segmented_reduction [Device=0 DataType=I32 AggregationKinds=7 column_size=10000000 num_segments=1000]
Pass: Cold: 0.197394ms GPU, 0.201603ms CPU, 0.50s total GPU, 0.56s total wall, 2544x 
Run:  [520/732] segmented_reduction [Device=0 DataType=I32 AggregationKinds=7 column_size=100000000 num_segments=1000]
Pass: Cold: 1.761832ms GPU, 1.766122ms CPU, 1.75s total GPU, 1.77s total wall, 992x 
Run:  [521/732] segmented_reduction [Device=0 DataType=I32 AggregationKinds=7 column_size=100000 num_segments=10000]
Pass: Cold: 0.112138ms GPU, 0.116290ms CPU, 0.50s total GPU, 0.65s total wall, 4464x 
Run:  [522/732] segmented_reduction [Device=0 DataType=I32 AggregationKinds=7 column_size=1000000 num_segments=10000]
Pass: Cold: 0.120453ms GPU, 0.124602ms CPU, 0.52s total GPU, 0.63s total wall, 4336x 
Run:  [523/732] segmented_reduction [Device=0 DataType=I32 AggregationKinds=7 column_size=10000000 num_segments=10000]
Pass: Cold: 0.234822ms GPU, 0.239195ms CPU, 0.50s total GPU, 0.55s total wall, 2144x 
Run:  [524/732] segmented_reduction [Device=0 DataType=I32 AggregationKinds=7 column_size=100000000 num_segments=10000]
Pass: Cold: 1.585007ms GPU, 1.589397ms CPU, 0.50s total GPU, 0.51s total wall, 316x 
Run:  [525/732] segmented_reduction [Device=0 DataType=I32 AggregationKinds=7 column_size=100000 num_segments=100000]
Pass: Cold: 0.860247ms GPU, 0.864411ms CPU, 1.28s total GPU, 1.33s total wall, 1488x 
Run:  [526/732] segmented_reduction [Device=0 DataType=I32 AggregationKinds=7 column_size=1000000 num_segments=100000]
Pass: Cold: 0.896416ms GPU, 0.900636ms CPU, 0.75s total GPU, 0.77s total wall, 832x 
Run:  [527/732] segmented_reduction [Device=0 DataType=I32 AggregationKinds=7 column_size=10000000 num_segments=100000]
Pass: Cold: 0.974275ms GPU, 0.978693ms CPU, 0.84s total GPU, 0.86s total wall, 864x 
Run:  [528/732] segmented_reduction [Device=0 DataType=I32 AggregationKinds=7 column_size=100000000 num_segments=100000]
Pass: Cold: 2.089365ms GPU, 2.093880ms CPU, 1.74s total GPU, 1.76s total wall, 832x 
Run:  [529/732] segmented_reduction [Device=0 DataType=I32 AggregationKinds=9 column_size=100000 num_segments=1000]
Pass: Cold: 0.064621ms GPU, 0.068802ms CPU, 0.50s total GPU, 0.78s total wall, 7744x 
Run:  [530/732] segmented_reduction [Device=0 DataType=I32 AggregationKinds=9 column_size=1000000 num_segments=1000]
Pass: Cold: 0.086775ms GPU, 0.090977ms CPU, 0.50s total GPU, 0.65s total wall, 5776x 
Run:  [531/732] segmented_reduction [Device=0 DataType=I32 AggregationKinds=9 column_size=10000000 num_segments=1000]
Pass: Cold: 0.257789ms GPU, 0.262051ms CPU, 0.50s total GPU, 0.55s total wall, 1952x 
Run:  [532/732] segmented_reduction [Device=0 DataType=I32 AggregationKinds=9 column_size=100000000 num_segments=1000]
Pass: Cold: 2.053042ms GPU, 2.057389ms CPU, 2.37s total GPU, 2.39s total wall, 1152x 
Run:  [533/732] segmented_reduction [Device=0 DataType=I32 AggregationKinds=9 column_size=100000 num_segments=10000]
Pass: Cold: 0.221176ms GPU, 0.225399ms CPU, 0.50s total GPU, 0.58s total wall, 2272x 
Run:  [534/732] segmented_reduction [Device=0 DataType=I32 AggregationKinds=9 column_size=1000000 num_segments=10000]
Pass: Cold: 0.226884ms GPU, 0.231096ms CPU, 0.50s total GPU, 0.56s total wall, 2208x 
Run:  [535/732] segmented_reduction [Device=0 DataType=I32 AggregationKinds=9 column_size=10000000 num_segments=10000]
Pass: Cold: 0.405127ms GPU, 0.409348ms CPU, 0.77s total GPU, 0.82s total wall, 1904x 
Run:  [536/732] segmented_reduction [Device=0 DataType=I32 AggregationKinds=9 column_size=100000000 num_segments=10000]
Pass: Cold: 2.218647ms GPU, 2.223017ms CPU, 4.58s total GPU, 4.63s total wall, 2064x 
Run:  [537/732] segmented_reduction [Device=0 DataType=I32 AggregationKinds=9 column_size=100000 num_segments=100000]
Pass: Cold: 1.783745ms GPU, 1.787856ms CPU, 5.02s total GPU, 5.12s total wall, 2816x 
Run:  [538/732] segmented_reduction [Device=0 DataType=I32 AggregationKinds=9 column_size=1000000 num_segments=100000]
Pass: Cold: 1.793357ms GPU, 1.797426ms CPU, 0.50s total GPU, 0.51s total wall, 279x 
Run:  [539/732] segmented_reduction [Device=0 DataType=I32 AggregationKinds=9 column_size=10000000 num_segments=100000]
Pass: Cold: 1.883708ms GPU, 1.887881ms CPU, 5.55s total GPU, 5.63s total wall, 2944x 
Run:  [540/732] segmented_reduction [Device=0 DataType=I32 AggregationKinds=9 column_size=100000000 num_segments=100000]
Pass: Cold: 3.739469ms GPU, 3.743714ms CPU, 7.66s total GPU, 7.72s total wall, 2048x 
Run:  [541/732] segmented_reduction [Device=0 DataType=I32 AggregationKinds=11 column_size=100000 num_segments=1000]
Pass: Cold: 0.252705ms GPU, 0.256884ms CPU, 0.50s total GPU, 0.57s total wall, 1984x 
Run:  [542/732] segmented_reduction [Device=0 DataType=I32 AggregationKinds=11 column_size=1000000 num_segments=1000]
Pass: Cold: 0.594885ms GPU, 0.599081ms CPU, 0.50s total GPU, 0.52s total wall, 841x 
Run:  [543/732] segmented_reduction [Device=0 DataType=I32 AggregationKinds=11 column_size=10000000 num_segments=1000]
Pass: Cold: 2.232795ms GPU, 2.236937ms CPU, 0.50s total GPU, 0.51s total wall, 224x 
Run:  [544/732] segmented_reduction [Device=0 DataType=I32 AggregationKinds=11 column_size=100000000 num_segments=1000]
Warn: Current measurement timed out (15.02s) while over noise threshold (0.52% > 0.50%)
Pass: Cold: 18.792351ms GPU, 18.796399ms CPU, 15.00s total GPU, 15.02s total wall, 798x 
Run:  [545/732] segmented_reduction [Device=0 DataType=I32 AggregationKinds=11 column_size=100000 num_segments=10000]
Pass: Cold: 0.493667ms GPU, 0.497789ms CPU, 0.54s total GPU, 0.57s total wall, 1088x 
Run:  [546/732] segmented_reduction [Device=0 DataType=I32 AggregationKinds=11 column_size=1000000 num_segments=10000]
Pass: Cold: 1.893038ms GPU, 1.897179ms CPU, 0.50s total GPU, 0.51s total wall, 265x 
Run:  [547/732] segmented_reduction [Device=0 DataType=I32 AggregationKinds=11 column_size=10000000 num_segments=10000]
Pass: Cold: 5.301957ms GPU, 5.306105ms CPU, 0.50s total GPU, 0.51s total wall, 95x 
Run:  [548/732] segmented_reduction [Device=0 DataType=I32 AggregationKinds=11 column_size=100000000 num_segments=10000]
Pass: Cold: 21.849931ms GPU, 21.853967ms CPU, 12.13s total GPU, 12.14s total wall, 555x 
Run:  [549/732] segmented_reduction [Device=0 DataType=I32 AggregationKinds=11 column_size=100000 num_segments=100000]
Pass: Cold: 1.105961ms GPU, 1.110298ms CPU, 2.07s total GPU, 2.13s total wall, 1872x 
Run:  [550/732] segmented_reduction [Device=0 DataType=I32 AggregationKinds=11 column_size=1000000 num_segments=100000]
Pass: Cold: 4.491690ms GPU, 4.495815ms CPU, 12.00s total GPU, 12.09s total wall, 2672x 
Run:  [551/732] segmented_reduction [Device=0 DataType=I32 AggregationKinds=11 column_size=10000000 num_segments=100000]
Pass: Cold: 18.348065ms GPU, 18.352128ms CPU, 0.51s total GPU, 0.51s total wall, 28x 
Run:  [552/732] segmented_reduction [Device=0 DataType=I32 AggregationKinds=11 column_size=100000000 num_segments=100000]
Pass: Cold: 52.457487ms GPU, 52.461217ms CPU, 5.46s total GPU, 5.46s total wall, 104x 
Run:  [553/732] segmented_reduction [Device=0 DataType=I32 AggregationKinds=17 column_size=100000 num_segments=1000]
Pass: Cold: 0.093392ms GPU, 0.097540ms CPU, 0.50s total GPU, 0.69s total wall, 5360x 
Run:  [554/732] segmented_reduction [Device=0 DataType=I32 AggregationKinds=17 column_size=1000000 num_segments=1000]
Pass: Cold: 0.190041ms GPU, 0.194188ms CPU, 0.50s total GPU, 0.57s total wall, 2640x 
Run:  [555/732] segmented_reduction [Device=0 DataType=I32 AggregationKinds=17 column_size=10000000 num_segments=1000]
Pass: Cold: 1.270856ms GPU, 1.275195ms CPU, 0.50s total GPU, 0.51s total wall, 394x 
Run:  [556/732] segmented_reduction [Device=0 DataType=I32 AggregationKinds=17 column_size=100000000 num_segments=1000]
Pass: Cold: 11.869594ms GPU, 11.873803ms CPU, 0.51s total GPU, 0.51s total wall, 43x 
Run:  [557/732] segmented_reduction [Device=0 DataType=I32 AggregationKinds=17 column_size=100000 num_segments=10000]
Pass: Cold: 0.141104ms GPU, 0.145255ms CPU, 0.50s total GPU, 0.62s total wall, 3552x 
Run:  [558/732] segmented_reduction [Device=0 DataType=I32 AggregationKinds=17 column_size=1000000 num_segments=10000]
Pass: Cold: 0.245747ms GPU, 0.249856ms CPU, 0.50s total GPU, 0.55s total wall, 2048x 
Run:  [559/732] segmented_reduction [Device=0 DataType=I32 AggregationKinds=17 column_size=10000000 num_segments=10000]
Pass: Cold: 1.308196ms GPU, 1.312598ms CPU, 0.50s total GPU, 0.51s total wall, 383x 
Run:  [560/732] segmented_reduction [Device=0 DataType=I32 AggregationKinds=17 column_size=100000000 num_segments=10000]
Pass: Cold: 11.920446ms GPU, 11.924649ms CPU, 0.50s total GPU, 0.50s total wall, 42x 
Run:  [561/732] segmented_reduction [Device=0 DataType=I32 AggregationKinds=17 column_size=100000 num_segments=100000]
Pass: Cold: 0.619613ms GPU, 0.623777ms CPU, 0.65s total GPU, 0.69s total wall, 1056x 
Run:  [562/732] segmented_reduction [Device=0 DataType=I32 AggregationKinds=17 column_size=1000000 num_segments=100000]
Pass: Cold: 0.896740ms GPU, 0.900870ms CPU, 0.69s total GPU, 0.71s total wall, 768x 
Run:  [563/732] segmented_reduction [Device=0 DataType=I32 AggregationKinds=17 column_size=10000000 num_segments=100000]
Pass: Cold: 2.012622ms GPU, 2.016958ms CPU, 1.96s total GPU, 1.98s total wall, 972x 
Run:  [564/732] segmented_reduction [Device=0 DataType=I32 AggregationKinds=17 column_size=100000000 num_segments=100000]
Pass: Cold: 12.374967ms GPU, 12.379304ms CPU, 0.51s total GPU, 0.51s total wall, 41x 
Run:  [565/732] segmented_reduction [Device=0 DataType=F32 AggregationKinds=0 column_size=100000 num_segments=1000]
Pass: Cold: 0.034561ms GPU, 0.038712ms CPU, 0.50s total GPU, 1.09s total wall, 14480x 
Run:  [566/732] segmented_reduction [Device=0 DataType=F32 AggregationKinds=0 column_size=1000000 num_segments=1000]
Pass: Cold: 0.051848ms GPU, 0.055973ms CPU, 0.50s total GPU, 0.80s total wall, 9648x 
Run:  [567/732] segmented_reduction [Device=0 DataType=F32 AggregationKinds=0 column_size=10000000 num_segments=1000]
Pass: Cold: 0.196225ms GPU, 0.200490ms CPU, 0.50s total GPU, 0.56s total wall, 2560x 
Run:  [568/732] segmented_reduction [Device=0 DataType=F32 AggregationKinds=0 column_size=100000000 num_segments=1000]
Pass: Cold: 1.733443ms GPU, 1.737859ms CPU, 0.50s total GPU, 0.51s total wall, 289x 
Run:  [569/732] segmented_reduction [Device=0 DataType=F32 AggregationKinds=0 column_size=100000 num_segments=10000]
Pass: Cold: 0.097014ms GPU, 0.101187ms CPU, 0.50s total GPU, 0.68s total wall, 5168x 
Run:  [570/732] segmented_reduction [Device=0 DataType=F32 AggregationKinds=0 column_size=1000000 num_segments=10000]
Pass: Cold: 0.105717ms GPU, 0.109933ms CPU, 0.50s total GPU, 0.62s total wall, 4736x 
Run:  [571/732] segmented_reduction [Device=0 DataType=F32 AggregationKinds=0 column_size=10000000 num_segments=10000]
Pass: Cold: 0.212137ms GPU, 0.216596ms CPU, 0.50s total GPU, 0.56s total wall, 2368x 
Run:  [572/732] segmented_reduction [Device=0 DataType=F32 AggregationKinds=0 column_size=100000000 num_segments=10000]
Pass: Cold: 1.566049ms GPU, 1.570492ms CPU, 0.50s total GPU, 0.51s total wall, 320x 
Run:  [573/732] segmented_reduction [Device=0 DataType=F32 AggregationKinds=0 column_size=100000 num_segments=100000]
Pass: Cold: 0.704423ms GPU, 0.708611ms CPU, 1.52s total GPU, 1.59s total wall, 2160x 
Run:  [574/732] segmented_reduction [Device=0 DataType=F32 AggregationKinds=0 column_size=1000000 num_segments=100000]
Pass: Cold: 0.743037ms GPU, 0.747213ms CPU, 0.51s total GPU, 0.53s total wall, 688x 
Run:  [575/732] segmented_reduction [Device=0 DataType=F32 AggregationKinds=0 column_size=10000000 num_segments=100000]
Pass: Cold: 0.818941ms GPU, 0.823379ms CPU, 1.94s total GPU, 2.00s total wall, 2368x 
Run:  [576/732] segmented_reduction [Device=0 DataType=F32 AggregationKinds=0 column_size=100000000 num_segments=100000]
Pass: Cold: 1.841584ms GPU, 1.846304ms CPU, 2.21s total GPU, 2.24s total wall, 1200x 
Run:  [577/732] segmented_reduction [Device=0 DataType=F32 AggregationKinds=1 column_size=100000 num_segments=1000]
Pass: Cold: 0.034794ms GPU, 0.039035ms CPU, 0.50s total GPU, 1.09s total wall, 14384x 
Run:  [578/732] segmented_reduction [Device=0 DataType=F32 AggregationKinds=1 column_size=1000000 num_segments=1000]
Pass: Cold: 0.051881ms GPU, 0.056081ms CPU, 0.50s total GPU, 0.80s total wall, 9648x 
Run:  [579/732] segmented_reduction [Device=0 DataType=F32 AggregationKinds=1 column_size=10000000 num_segments=1000]
Pass: Cold: 0.196187ms GPU, 0.200470ms CPU, 0.50s total GPU, 0.56s total wall, 2560x 
Run:  [580/732] segmented_reduction [Device=0 DataType=F32 AggregationKinds=1 column_size=100000000 num_segments=1000]
Pass: Cold: 1.733748ms GPU, 1.738189ms CPU, 0.50s total GPU, 0.51s total wall, 289x 
Run:  [581/732] segmented_reduction [Device=0 DataType=F32 AggregationKinds=1 column_size=100000 num_segments=10000]
Pass: Cold: 0.096702ms GPU, 0.100894ms CPU, 0.50s total GPU, 0.68s total wall, 5184x 
Run:  [582/732] segmented_reduction [Device=0 DataType=F32 AggregationKinds=1 column_size=1000000 num_segments=10000]
Pass: Cold: 0.104183ms GPU, 0.108369ms CPU, 0.50s total GPU, 0.62s total wall, 4800x 
Run:  [583/732] segmented_reduction [Device=0 DataType=F32 AggregationKinds=1 column_size=10000000 num_segments=10000]
Pass: Cold: 0.210926ms GPU, 0.215290ms CPU, 0.50s total GPU, 0.56s total wall, 2384x 
Run:  [584/732] segmented_reduction [Device=0 DataType=F32 AggregationKinds=1 column_size=100000000 num_segments=10000]
Pass: Cold: 1.565127ms GPU, 1.569584ms CPU, 0.50s total GPU, 0.51s total wall, 320x 
Run:  [585/732] segmented_reduction [Device=0 DataType=F32 AggregationKinds=1 column_size=100000 num_segments=100000]
Pass: Cold: 0.705842ms GPU, 0.710059ms CPU, 1.52s total GPU, 1.60s total wall, 2160x 
Run:  [586/732] segmented_reduction [Device=0 DataType=F32 AggregationKinds=1 column_size=1000000 num_segments=100000]
Pass: Cold: 0.740194ms GPU, 0.744497ms CPU, 0.82s total GPU, 0.84s total wall, 1104x 
Run:  [587/732] segmented_reduction [Device=0 DataType=F32 AggregationKinds=1 column_size=10000000 num_segments=100000]
Pass: Cold: 0.812409ms GPU, 0.816791ms CPU, 2.09s total GPU, 2.16s total wall, 2576x 
Run:  [588/732] segmented_reduction [Device=0 DataType=F32 AggregationKinds=1 column_size=100000000 num_segments=100000]
Pass: Cold: 1.821765ms GPU, 1.826451ms CPU, 1.83s total GPU, 1.85s total wall, 1003x 
Run:  [589/732] segmented_reduction [Device=0 DataType=F32 AggregationKinds=2 column_size=100000 num_segments=1000]
Pass: Cold: 0.035466ms GPU, 0.039677ms CPU, 0.50s total GPU, 1.07s total wall, 14112x 
Run:  [590/732] segmented_reduction [Device=0 DataType=F32 AggregationKinds=2 column_size=1000000 num_segments=1000]
Pass: Cold: 0.052589ms GPU, 0.056777ms CPU, 0.50s total GPU, 0.80s total wall, 9520x 
Run:  [591/732] segmented_reduction [Device=0 DataType=F32 AggregationKinds=2 column_size=10000000 num_segments=1000]
Pass: Cold: 0.196959ms GPU, 0.201254ms CPU, 0.50s total GPU, 0.56s total wall, 2544x 
Run:  [592/732] segmented_reduction [Device=0 DataType=F32 AggregationKinds=2 column_size=100000000 num_segments=1000]
Pass: Cold: 1.734107ms GPU, 1.738438ms CPU, 0.50s total GPU, 0.51s total wall, 289x 
Run:  [593/732] segmented_reduction [Device=0 DataType=F32 AggregationKinds=2 column_size=100000 num_segments=10000]
Pass: Cold: 0.100390ms GPU, 0.104584ms CPU, 0.50s total GPU, 0.67s total wall, 4992x 
Run:  [594/732] segmented_reduction [Device=0 DataType=F32 AggregationKinds=2 column_size=1000000 num_segments=10000]
Pass: Cold: 0.108441ms GPU, 0.112648ms CPU, 0.50s total GPU, 0.62s total wall, 4624x 
Run:  [595/732] segmented_reduction [Device=0 DataType=F32 AggregationKinds=2 column_size=10000000 num_segments=10000]
Pass: Cold: 0.215627ms GPU, 0.220081ms CPU, 0.50s total GPU, 0.56s total wall, 2320x 
Run:  [596/732] segmented_reduction [Device=0 DataType=F32 AggregationKinds=2 column_size=100000000 num_segments=10000]
Pass: Cold: 1.567439ms GPU, 1.571839ms CPU, 0.50s total GPU, 0.51s total wall, 319x 
Run:  [597/732] segmented_reduction [Device=0 DataType=F32 AggregationKinds=2 column_size=100000 num_segments=100000]
Pass: Cold: 0.734784ms GPU, 0.738978ms CPU, 1.93s total GPU, 2.02s total wall, 2624x 
Run:  [598/732] segmented_reduction [Device=0 DataType=F32 AggregationKinds=2 column_size=1000000 num_segments=100000]
Pass: Cold: 0.771489ms GPU, 0.775669ms CPU, 0.68s total GPU, 0.70s total wall, 880x 
Run:  [599/732] segmented_reduction [Device=0 DataType=F32 AggregationKinds=2 column_size=10000000 num_segments=100000]
Pass: Cold: 0.856649ms GPU, 0.861024ms CPU, 1.54s total GPU, 1.58s total wall, 1792x 
Run:  [600/732] segmented_reduction [Device=0 DataType=F32 AggregationKinds=2 column_size=100000000 num_segments=100000]
Pass: Cold: 1.893645ms GPU, 1.898334ms CPU, 2.33s total GPU, 2.36s total wall, 1232x 
Run:  [601/732] segmented_reduction [Device=0 DataType=F32 AggregationKinds=7 column_size=100000 num_segments=1000]
Pass: Cold: 0.036799ms GPU, 0.040966ms CPU, 0.50s total GPU, 1.04s total wall, 13600x 
Run:  [602/732] segmented_reduction [Device=0 DataType=F32 AggregationKinds=7 column_size=1000000 num_segments=1000]
Pass: Cold: 0.054894ms GPU, 0.059034ms CPU, 0.50s total GPU, 0.77s total wall, 9120x 
Run:  [603/732] segmented_reduction [Device=0 DataType=F32 AggregationKinds=7 column_size=10000000 num_segments=1000]
Pass: Cold: 0.198263ms GPU, 0.202579ms CPU, 0.50s total GPU, 0.56s total wall, 2528x 
Run:  [604/732] segmented_reduction [Device=0 DataType=F32 AggregationKinds=7 column_size=100000000 num_segments=1000]
Pass: Cold: 1.762098ms GPU, 1.766523ms CPU, 0.51s total GPU, 0.51s total wall, 288x 
Run:  [605/732] segmented_reduction [Device=0 DataType=F32 AggregationKinds=7 column_size=100000 num_segments=10000]
Pass: Cold: 0.112425ms GPU, 0.116576ms CPU, 0.50s total GPU, 0.65s total wall, 4448x 
Run:  [606/732] segmented_reduction [Device=0 DataType=F32 AggregationKinds=7 column_size=1000000 num_segments=10000]
Pass: Cold: 0.120500ms GPU, 0.124663ms CPU, 0.50s total GPU, 0.60s total wall, 4160x 
Run:  [607/732] segmented_reduction [Device=0 DataType=F32 AggregationKinds=7 column_size=10000000 num_segments=10000]
Pass: Cold: 0.239871ms GPU, 0.244277ms CPU, 0.50s total GPU, 0.55s total wall, 2096x 
Run:  [608/732] segmented_reduction [Device=0 DataType=F32 AggregationKinds=7 column_size=100000000 num_segments=10000]
Pass: Cold: 1.588527ms GPU, 1.592916ms CPU, 0.50s total GPU, 0.51s total wall, 315x 
Run:  [609/732] segmented_reduction [Device=0 DataType=F32 AggregationKinds=7 column_size=100000 num_segments=100000]
Pass: Cold: 0.861972ms GPU, 0.866192ms CPU, 2.21s total GPU, 2.29s total wall, 2560x 
Run:  [610/732] segmented_reduction [Device=0 DataType=F32 AggregationKinds=7 column_size=1000000 num_segments=100000]
Pass: Cold: 0.898616ms GPU, 0.902911ms CPU, 1.19s total GPU, 1.23s total wall, 1328x 
Run:  [611/732] segmented_reduction [Device=0 DataType=F32 AggregationKinds=7 column_size=10000000 num_segments=100000]
Pass: Cold: 0.983013ms GPU, 0.987382ms CPU, 1.48s total GPU, 1.51s total wall, 1504x 
Run:  [612/732] segmented_reduction [Device=0 DataType=F32 AggregationKinds=7 column_size=100000000 num_segments=100000]
Pass: Cold: 2.148602ms GPU, 2.153387ms CPU, 2.06s total GPU, 2.09s total wall, 960x 
Run:  [613/732] segmented_reduction [Device=0 DataType=F32 AggregationKinds=9 column_size=100000 num_segments=1000]
Pass: Cold: 0.064695ms GPU, 0.068882ms CPU, 0.50s total GPU, 0.78s total wall, 7744x 
Run:  [614/732] segmented_reduction [Device=0 DataType=F32 AggregationKinds=9 column_size=1000000 num_segments=1000]
Pass: Cold: 0.086850ms GPU, 0.091019ms CPU, 0.50s total GPU, 0.65s total wall, 5760x 
Run:  [615/732] segmented_reduction [Device=0 DataType=F32 AggregationKinds=9 column_size=10000000 num_segments=1000]
Pass: Cold: 0.266152ms GPU, 0.270463ms CPU, 0.56s total GPU, 0.61s total wall, 2112x 
Run:  [616/732] segmented_reduction [Device=0 DataType=F32 AggregationKinds=9 column_size=100000000 num_segments=1000]
Pass: Cold: 2.203108ms GPU, 2.207475ms CPU, 4.02s total GPU, 4.06s total wall, 1824x 
Run:  [617/732] segmented_reduction [Device=0 DataType=F32 AggregationKinds=9 column_size=100000 num_segments=10000]
Pass: Cold: 0.221471ms GPU, 0.225674ms CPU, 0.50s total GPU, 0.58s total wall, 2272x 
Run:  [618/732] segmented_reduction [Device=0 DataType=F32 AggregationKinds=9 column_size=1000000 num_segments=10000]
Pass: Cold: 0.226553ms GPU, 0.230736ms CPU, 0.52s total GPU, 0.57s total wall, 2288x 
Run:  [619/732] segmented_reduction [Device=0 DataType=F32 AggregationKinds=9 column_size=10000000 num_segments=10000]
Pass: Cold: 0.419856ms GPU, 0.424144ms CPU, 0.80s total GPU, 0.85s total wall, 1904x 
Run:  [620/732] segmented_reduction [Device=0 DataType=F32 AggregationKinds=9 column_size=100000000 num_segments=10000]
Pass: Cold: 2.369864ms GPU, 2.374239ms CPU, 2.50s total GPU, 2.53s total wall, 1056x 
Run:  [621/732] segmented_reduction [Device=0 DataType=F32 AggregationKinds=9 column_size=100000 num_segments=100000]
Pass: Cold: 1.781597ms GPU, 1.785737ms CPU, 4.96s total GPU, 5.06s total wall, 2784x 
Run:  [622/732] segmented_reduction [Device=0 DataType=F32 AggregationKinds=9 column_size=1000000 num_segments=100000]
Pass: Cold: 1.791910ms GPU, 1.795966ms CPU, 0.50s total GPU, 0.51s total wall, 280x 
Run:  [623/732] segmented_reduction [Device=0 DataType=F32 AggregationKinds=9 column_size=10000000 num_segments=100000]
Pass: Cold: 1.883692ms GPU, 1.887824ms CPU, 5.43s total GPU, 5.51s total wall, 2880x 
Run:  [624/732] segmented_reduction [Device=0 DataType=F32 AggregationKinds=9 column_size=100000000 num_segments=100000]
Pass: Cold: 3.916428ms GPU, 3.920731ms CPU, 4.32s total GPU, 4.36s total wall, 1104x 
Run:  [625/732] segmented_reduction [Device=0 DataType=F32 AggregationKinds=11 column_size=100000 num_segments=1000]
Pass: Cold: 0.253082ms GPU, 0.257266ms CPU, 0.50s total GPU, 0.57s total wall, 1984x 
Run:  [626/732] segmented_reduction [Device=0 DataType=F32 AggregationKinds=11 column_size=1000000 num_segments=1000]
Pass: Cold: 0.595324ms GPU, 0.599445ms CPU, 0.67s total GPU, 0.69s total wall, 1120x 
Run:  [627/732] segmented_reduction [Device=0 DataType=F32 AggregationKinds=11 column_size=10000000 num_segments=1000]
Pass: Cold: 2.238948ms GPU, 2.243090ms CPU, 4.44s total GPU, 4.49s total wall, 1984x 
Run:  [628/732] segmented_reduction [Device=0 DataType=F32 AggregationKinds=11 column_size=100000000 num_segments=1000]
Warn: Current measurement timed out (15.01s) while over noise threshold (0.53% > 0.50%)
Pass: Cold: 18.806903ms GPU, 18.810930ms CPU, 14.99s total GPU, 15.01s total wall, 797x 
Run:  [629/732] segmented_reduction [Device=0 DataType=F32 AggregationKinds=11 column_size=100000 num_segments=10000]
Pass: Cold: 0.493040ms GPU, 0.497301ms CPU, 0.52s total GPU, 0.56s total wall, 1056x 
Run:  [630/732] segmented_reduction [Device=0 DataType=F32 AggregationKinds=11 column_size=1000000 num_segments=10000]
Pass: Cold: 1.895390ms GPU, 1.899512ms CPU, 0.50s total GPU, 0.51s total wall, 264x 
Run:  [631/732] segmented_reduction [Device=0 DataType=F32 AggregationKinds=11 column_size=10000000 num_segments=10000]
Pass: Cold: 5.309151ms GPU, 5.313205ms CPU, 0.50s total GPU, 0.51s total wall, 95x 
Run:  [632/732] segmented_reduction [Device=0 DataType=F32 AggregationKinds=11 column_size=100000000 num_segments=10000]
Pass: Cold: 21.860028ms GPU, 21.863997ms CPU, 12.59s total GPU, 12.61s total wall, 576x 
Run:  [633/732] segmented_reduction [Device=0 DataType=F32 AggregationKinds=11 column_size=100000 num_segments=100000]
Pass: Cold: 1.109307ms GPU, 1.113627ms CPU, 2.41s total GPU, 2.49s total wall, 2176x 
Run:  [634/732] segmented_reduction [Device=0 DataType=F32 AggregationKinds=11 column_size=1000000 num_segments=100000]
Pass: Cold: 4.490957ms GPU, 4.495049ms CPU, 10.49s total GPU, 10.57s total wall, 2336x 
Run:  [635/732] segmented_reduction [Device=0 DataType=F32 AggregationKinds=11 column_size=10000000 num_segments=100000]
Pass: Cold: 18.372116ms GPU, 18.376193ms CPU, 6.08s total GPU, 6.09s total wall, 331x 
Run:  [636/732] segmented_reduction [Device=0 DataType=F32 AggregationKinds=11 column_size=100000000 num_segments=100000]
Pass: Cold: 52.454479ms GPU, 52.458287ms CPU, 5.77s total GPU, 5.77s total wall, 110x 
Run:  [637/732] segmented_reduction [Device=0 DataType=F32 AggregationKinds=17 column_size=100000 num_segments=1000]
Pass: Cold: 0.094265ms GPU, 0.098405ms CPU, 0.50s total GPU, 0.69s total wall, 5312x 
Run:  [638/732] segmented_reduction [Device=0 DataType=F32 AggregationKinds=17 column_size=1000000 num_segments=1000]
Pass: Cold: 0.191070ms GPU, 0.195240ms CPU, 0.50s total GPU, 0.57s total wall, 2624x 
Run:  [639/732] segmented_reduction [Device=0 DataType=F32 AggregationKinds=17 column_size=10000000 num_segments=1000]
Pass: Cold: 1.273497ms GPU, 1.277829ms CPU, 0.50s total GPU, 0.51s total wall, 393x 
Run:  [640/732] segmented_reduction [Device=0 DataType=F32 AggregationKinds=17 column_size=100000000 num_segments=1000]
Pass: Cold: 11.885669ms GPU, 11.890024ms CPU, 0.51s total GPU, 0.51s total wall, 43x 
Run:  [641/732] segmented_reduction [Device=0 DataType=F32 AggregationKinds=17 column_size=100000 num_segments=10000]
Pass: Cold: 0.142477ms GPU, 0.146645ms CPU, 0.50s total GPU, 0.62s total wall, 3520x 
Run:  [642/732] segmented_reduction [Device=0 DataType=F32 AggregationKinds=17 column_size=1000000 num_segments=10000]
Pass: Cold: 0.246140ms GPU, 0.250253ms CPU, 0.50s total GPU, 0.55s total wall, 2032x 
Run:  [643/732] segmented_reduction [Device=0 DataType=F32 AggregationKinds=17 column_size=10000000 num_segments=10000]
Pass: Cold: 1.311526ms GPU, 1.315904ms CPU, 0.50s total GPU, 0.51s total wall, 382x 
Run:  [644/732] segmented_reduction [Device=0 DataType=F32 AggregationKinds=17 column_size=100000000 num_segments=10000]
Pass: Cold: 11.947269ms GPU, 11.951655ms CPU, 0.50s total GPU, 0.50s total wall, 42x 
Run:  [645/732] segmented_reduction [Device=0 DataType=F32 AggregationKinds=17 column_size=100000 num_segments=100000]
Pass: Cold: 0.620257ms GPU, 0.624485ms CPU, 1.01s total GPU, 1.07s total wall, 1632x 
Run:  [646/732] segmented_reduction [Device=0 DataType=F32 AggregationKinds=17 column_size=1000000 num_segments=100000]
Pass: Cold: 0.896652ms GPU, 0.900784ms CPU, 0.72s total GPU, 0.74s total wall, 800x 
Run:  [647/732] segmented_reduction [Device=0 DataType=F32 AggregationKinds=17 column_size=10000000 num_segments=100000]
Pass: Cold: 2.021245ms GPU, 2.025595ms CPU, 2.20s total GPU, 2.23s total wall, 1088x 
Run:  [648/732] segmented_reduction [Device=0 DataType=F32 AggregationKinds=17 column_size=100000000 num_segments=100000]
Pass: Cold: 12.410953ms GPU, 12.415386ms CPU, 0.51s total GPU, 0.51s total wall, 41x 
Run:  [649/732] segmented_reduction [Device=0 DataType=F64 AggregationKinds=0 column_size=100000 num_segments=1000]
Pass: Cold: 0.045796ms GPU, 0.049893ms CPU, 0.50s total GPU, 0.92s total wall, 10928x 
Run:  [650/732] segmented_reduction [Device=0 DataType=F64 AggregationKinds=0 column_size=1000000 num_segments=1000]
Pass: Cold: 0.075917ms GPU, 0.080029ms CPU, 0.50s total GPU, 0.67s total wall, 6592x 
Run:  [651/732] segmented_reduction [Device=0 DataType=F64 AggregationKinds=0 column_size=10000000 num_segments=1000]
Pass: Cold: 0.349083ms GPU, 0.353467ms CPU, 0.50s total GPU, 0.54s total wall, 1440x 
Run:  [652/732] segmented_reduction [Device=0 DataType=F64 AggregationKinds=0 column_size=100000000 num_segments=1000]
Pass: Cold: 3.154958ms GPU, 3.159498ms CPU, 0.50s total GPU, 0.51s total wall, 159x 
Run:  [653/732] segmented_reduction [Device=0 DataType=F64 AggregationKinds=0 column_size=100000 num_segments=10000]
Pass: Cold: 0.201625ms GPU, 0.205745ms CPU, 0.50s total GPU, 0.58s total wall, 2480x 
Run:  [654/732] segmented_reduction [Device=0 DataType=F64 AggregationKinds=0 column_size=1000000 num_segments=10000]
Pass: Cold: 0.201113ms GPU, 0.205276ms CPU, 0.50s total GPU, 0.56s total wall, 2496x 
Run:  [655/732] segmented_reduction [Device=0 DataType=F64 AggregationKinds=0 column_size=10000000 num_segments=10000]
Pass: Cold: 0.379726ms GPU, 0.384162ms CPU, 0.50s total GPU, 0.54s total wall, 1328x 
Run:  [656/732] segmented_reduction [Device=0 DataType=F64 AggregationKinds=0 column_size=100000000 num_segments=10000]
Pass: Cold: 3.029927ms GPU, 3.034448ms CPU, 0.50s total GPU, 0.51s total wall, 166x 
Run:  [657/732] segmented_reduction [Device=0 DataType=F64 AggregationKinds=0 column_size=100000 num_segments=100000]
Pass: Cold: 1.735773ms GPU, 1.739898ms CPU, 5.25s total GPU, 5.35s total wall, 3024x 
Run:  [658/732] segmented_reduction [Device=0 DataType=F64 AggregationKinds=0 column_size=1000000 num_segments=100000]
Pass: Cold: 1.736609ms GPU, 1.740653ms CPU, 0.50s total GPU, 0.51s total wall, 288x 
Run:  [659/732] segmented_reduction [Device=0 DataType=F64 AggregationKinds=0 column_size=10000000 num_segments=100000]
Pass: Cold: 1.818566ms GPU, 1.822787ms CPU, 2.56s total GPU, 2.60s total wall, 1408x 
Run:  [660/732] segmented_reduction [Device=0 DataType=F64 AggregationKinds=0 column_size=100000000 num_segments=100000]
Pass: Cold: 3.593706ms GPU, 3.598318ms CPU, 2.07s total GPU, 2.08s total wall, 576x 
Run:  [661/732] segmented_reduction [Device=0 DataType=F64 AggregationKinds=1 column_size=100000 num_segments=1000]
Pass: Cold: 0.046070ms GPU, 0.050197ms CPU, 0.50s total GPU, 0.92s total wall, 10864x 
Run:  [662/732] segmented_reduction [Device=0 DataType=F64 AggregationKinds=1 column_size=1000000 num_segments=1000]
Pass: Cold: 0.075748ms GPU, 0.079878ms CPU, 0.50s total GPU, 0.67s total wall, 6608x 
Run:  [663/732] segmented_reduction [Device=0 DataType=F64 AggregationKinds=1 column_size=10000000 num_segments=1000]
Pass: Cold: 0.350020ms GPU, 0.354410ms CPU, 0.92s total GPU, 0.99s total wall, 2640x 
Run:  [664/732] segmented_reduction [Device=0 DataType=F64 AggregationKinds=1 column_size=100000000 num_segments=1000]
Pass: Cold: 3.147725ms GPU, 3.152213ms CPU, 0.50s total GPU, 0.50s total wall, 159x 
Run:  [665/732] segmented_reduction [Device=0 DataType=F64 AggregationKinds=1 column_size=100000 num_segments=10000]
Pass: Cold: 0.200919ms GPU, 0.205031ms CPU, 0.50s total GPU, 0.58s total wall, 2496x 
Run:  [666/732] segmented_reduction [Device=0 DataType=F64 AggregationKinds=1 column_size=1000000 num_segments=10000]
Pass: Cold: 0.201393ms GPU, 0.205538ms CPU, 0.50s total GPU, 0.56s total wall, 2496x 
Run:  [667/732] segmented_reduction [Device=0 DataType=F64 AggregationKinds=1 column_size=10000000 num_segments=10000]
Pass: Cold: 0.375675ms GPU, 0.380032ms CPU, 0.53s total GPU, 0.56s total wall, 1408x 
Run:  [668/732] segmented_reduction [Device=0 DataType=F64 AggregationKinds=1 column_size=100000000 num_segments=10000]
Pass: Cold: 3.030603ms GPU, 3.035067ms CPU, 0.50s total GPU, 0.50s total wall, 165x 
Run:  [669/732] segmented_reduction [Device=0 DataType=F64 AggregationKinds=1 column_size=100000 num_segments=100000]
Pass: Cold: 1.735493ms GPU, 1.739607ms CPU, 5.22s total GPU, 5.32s total wall, 3008x 
Run:  [670/732] segmented_reduction [Device=0 DataType=F64 AggregationKinds=1 column_size=1000000 num_segments=100000]
Pass: Cold: 1.736539ms GPU, 1.740667ms CPU, 0.50s total GPU, 0.51s total wall, 288x 
Run:  [671/732] segmented_reduction [Device=0 DataType=F64 AggregationKinds=1 column_size=10000000 num_segments=100000]
Pass: Cold: 1.796103ms GPU, 1.800233ms CPU, 1.90s total GPU, 1.92s total wall, 1056x 
Run:  [672/732] segmented_reduction [Device=0 DataType=F64 AggregationKinds=1 column_size=100000000 num_segments=100000]
Pass: Cold: 3.529099ms GPU, 3.533602ms CPU, 1.98s total GPU, 1.99s total wall, 560x 
Run:  [673/732] segmented_reduction [Device=0 DataType=F64 AggregationKinds=2 column_size=100000 num_segments=1000]
Pass: Cold: 0.046476ms GPU, 0.050584ms CPU, 0.50s total GPU, 0.91s total wall, 10768x 
Run:  [674/732] segmented_reduction [Device=0 DataType=F64 AggregationKinds=2 column_size=1000000 num_segments=1000]
Pass: Cold: 0.076056ms GPU, 0.080184ms CPU, 0.50s total GPU, 0.67s total wall, 6576x 
Run:  [675/732] segmented_reduction [Device=0 DataType=F64 AggregationKinds=2 column_size=10000000 num_segments=1000]
Pass: Cold: 0.349489ms GPU, 0.353871ms CPU, 0.50s total GPU, 0.54s total wall, 1440x 
Run:  [676/732] segmented_reduction [Device=0 DataType=F64 AggregationKinds=2 column_size=100000000 num_segments=1000]
Pass: Cold: 3.152361ms GPU, 3.156783ms CPU, 0.50s total GPU, 0.51s total wall, 159x 
Run:  [677/732] segmented_reduction [Device=0 DataType=F64 AggregationKinds=2 column_size=100000 num_segments=10000]
Pass: Cold: 0.204390ms GPU, 0.208523ms CPU, 0.50s total GPU, 0.58s total wall, 2448x 
Run:  [678/732] segmented_reduction [Device=0 DataType=F64 AggregationKinds=2 column_size=1000000 num_segments=10000]
Pass: Cold: 0.203402ms GPU, 0.207559ms CPU, 0.50s total GPU, 0.56s total wall, 2464x 
Run:  [679/732] segmented_reduction [Device=0 DataType=F64 AggregationKinds=2 column_size=10000000 num_segments=10000]
Pass: Cold: 0.386721ms GPU, 0.391156ms CPU, 0.50s total GPU, 0.53s total wall, 1296x 
Run:  [680/732] segmented_reduction [Device=0 DataType=F64 AggregationKinds=2 column_size=100000000 num_segments=10000]
Pass: Cold: 3.029077ms GPU, 3.033595ms CPU, 0.50s total GPU, 0.51s total wall, 166x 
Run:  [681/732] segmented_reduction [Device=0 DataType=F64 AggregationKinds=2 column_size=100000 num_segments=100000]
Pass: Cold: 1.758888ms GPU, 1.762995ms CPU, 5.38s total GPU, 5.48s total wall, 3056x 
Run:  [682/732] segmented_reduction [Device=0 DataType=F64 AggregationKinds=2 column_size=1000000 num_segments=100000]
Pass: Cold: 1.763683ms GPU, 1.767807ms CPU, 0.50s total GPU, 0.51s total wall, 284x 
Run:  [683/732] segmented_reduction [Device=0 DataType=F64 AggregationKinds=2 column_size=10000000 num_segments=100000]
Pass: Cold: 1.834952ms GPU, 1.839111ms CPU, 2.61s total GPU, 2.65s total wall, 1424x 
Run:  [684/732] segmented_reduction [Device=0 DataType=F64 AggregationKinds=2 column_size=100000000 num_segments=100000]
Pass: Cold: 3.642593ms GPU, 3.647162ms CPU, 2.91s total GPU, 2.93s total wall, 800x 
Run:  [685/732] segmented_reduction [Device=0 DataType=F64 AggregationKinds=7 column_size=100000 num_segments=1000]
Pass: Cold: 0.036947ms GPU, 0.041057ms CPU, 0.50s total GPU, 1.04s total wall, 13536x 
Run:  [686/732] segmented_reduction [Device=0 DataType=F64 AggregationKinds=7 column_size=1000000 num_segments=1000]
Pass: Cold: 0.072914ms GPU, 0.077062ms CPU, 0.50s total GPU, 0.68s total wall, 6864x 
Run:  [687/732] segmented_reduction [Device=0 DataType=F64 AggregationKinds=7 column_size=10000000 num_segments=1000]
Pass: Cold: 0.343963ms GPU, 0.348345ms CPU, 0.72s total GPU, 0.76s total wall, 2080x 
Run:  [688/732] segmented_reduction [Device=0 DataType=F64 AggregationKinds=7 column_size=100000000 num_segments=1000]
Pass: Cold: 3.207601ms GPU, 3.212216ms CPU, 0.50s total GPU, 0.50s total wall, 156x 
Run:  [689/732] segmented_reduction [Device=0 DataType=F64 AggregationKinds=7 column_size=100000 num_segments=10000]
Pass: Cold: 0.114777ms GPU, 0.118901ms CPU, 0.50s total GPU, 0.65s total wall, 4368x 
Run:  [690/732] segmented_reduction [Device=0 DataType=F64 AggregationKinds=7 column_size=1000000 num_segments=10000]
Pass: Cold: 0.124935ms GPU, 0.129144ms CPU, 0.50s total GPU, 0.60s total wall, 4016x 
Run:  [691/732] segmented_reduction [Device=0 DataType=F64 AggregationKinds=7 column_size=10000000 num_segments=10000]
Pass: Cold: 0.348200ms GPU, 0.352708ms CPU, 0.50s total GPU, 0.54s total wall, 1440x 
Run:  [692/732] segmented_reduction [Device=0 DataType=F64 AggregationKinds=7 column_size=100000000 num_segments=10000]
Pass: Cold: 2.998736ms GPU, 3.003162ms CPU, 0.50s total GPU, 0.50s total wall, 167x 
Run:  [693/732] segmented_reduction [Device=0 DataType=F64 AggregationKinds=7 column_size=100000 num_segments=100000]
Pass: Cold: 0.876212ms GPU, 0.880342ms CPU, 2.20s total GPU, 2.29s total wall, 2512x 
Run:  [694/732] segmented_reduction [Device=0 DataType=F64 AggregationKinds=7 column_size=1000000 num_segments=100000]
Pass: Cold: 0.920715ms GPU, 0.924917ms CPU, 1.06s total GPU, 1.09s total wall, 1152x 
Run:  [695/732] segmented_reduction [Device=0 DataType=F64 AggregationKinds=7 column_size=10000000 num_segments=100000]
Pass: Cold: 1.045031ms GPU, 1.049474ms CPU, 1.66s total GPU, 1.69s total wall, 1584x 
Run:  [696/732] segmented_reduction [Device=0 DataType=F64 AggregationKinds=7 column_size=100000000 num_segments=100000]
Pass: Cold: 3.116564ms GPU, 3.121234ms CPU, 0.50s total GPU, 0.51s total wall, 161x 
Run:  [697/732] segmented_reduction [Device=0 DataType=F64 AggregationKinds=9 column_size=100000 num_segments=1000]
Pass: Cold: 0.066659ms GPU, 0.070892ms CPU, 0.50s total GPU, 0.77s total wall, 7504x 
Run:  [698/732] segmented_reduction [Device=0 DataType=F64 AggregationKinds=9 column_size=1000000 num_segments=1000]
Pass: Cold: 0.097720ms GPU, 0.101999ms CPU, 0.50s total GPU, 0.63s total wall, 5120x 
Run:  [699/732] segmented_reduction [Device=0 DataType=F64 AggregationKinds=9 column_size=10000000 num_segments=1000]
Pass: Cold: 0.370138ms GPU, 0.374504ms CPU, 0.50s total GPU, 0.53s total wall, 1360x 
Run:  [700/732] segmented_reduction [Device=0 DataType=F64 AggregationKinds=9 column_size=100000000 num_segments=1000]
Pass: Cold: 3.171612ms GPU, 3.176082ms CPU, 0.50s total GPU, 0.50s total wall, 158x 
Run:  [701/732] segmented_reduction [Device=0 DataType=F64 AggregationKinds=9 column_size=100000 num_segments=10000]
Pass: Cold: 0.222047ms GPU, 0.226274ms CPU, 0.50s total GPU, 0.58s total wall, 2256x 
Run:  [702/732] segmented_reduction [Device=0 DataType=F64 AggregationKinds=9 column_size=1000000 num_segments=10000]
Pass: Cold: 0.221742ms GPU, 0.225937ms CPU, 0.50s total GPU, 0.55s total wall, 2256x 
Run:  [703/732] segmented_reduction [Device=0 DataType=F64 AggregationKinds=9 column_size=10000000 num_segments=10000]
Pass: Cold: 0.398567ms GPU, 0.402957ms CPU, 0.68s total GPU, 0.72s total wall, 1696x 
Run:  [704/732] segmented_reduction [Device=0 DataType=F64 AggregationKinds=9 column_size=100000000 num_segments=10000]
Pass: Cold: 3.055804ms GPU, 3.060269ms CPU, 0.50s total GPU, 0.51s total wall, 164x 
Run:  [705/732] segmented_reduction [Device=0 DataType=F64 AggregationKinds=9 column_size=100000 num_segments=100000]
Pass: Cold: 1.764593ms GPU, 1.768715ms CPU, 5.42s total GPU, 5.53s total wall, 3072x 
Run:  [706/732] segmented_reduction [Device=0 DataType=F64 AggregationKinds=9 column_size=1000000 num_segments=100000]
Pass: Cold: 1.777480ms GPU, 1.781599ms CPU, 1.11s total GPU, 1.13s total wall, 625x 
Run:  [707/732] segmented_reduction [Device=0 DataType=F64 AggregationKinds=9 column_size=10000000 num_segments=100000]
Pass: Cold: 1.855238ms GPU, 1.859382ms CPU, 2.61s total GPU, 2.65s total wall, 1408x 
Run:  [708/732] segmented_reduction [Device=0 DataType=F64 AggregationKinds=9 column_size=100000000 num_segments=100000]
Pass: Cold: 3.644318ms GPU, 3.648835ms CPU, 0.64s total GPU, 0.65s total wall, 176x 
Run:  [709/732] segmented_reduction [Device=0 DataType=F64 AggregationKinds=11 column_size=100000 num_segments=1000]
Pass: Cold: 0.255429ms GPU, 0.259626ms CPU, 0.65s total GPU, 0.73s total wall, 2528x 
Run:  [710/732] segmented_reduction [Device=0 DataType=F64 AggregationKinds=11 column_size=1000000 num_segments=1000]
Pass: Cold: 0.593886ms GPU, 0.598026ms CPU, 0.50s total GPU, 0.52s total wall, 842x 
Run:  [711/732] segmented_reduction [Device=0 DataType=F64 AggregationKinds=11 column_size=10000000 num_segments=1000]
Pass: Cold: 2.145784ms GPU, 2.149901ms CPU, 4.74s total GPU, 4.79s total wall, 2208x 
Run:  [712/732] segmented_reduction [Device=0 DataType=F64 AggregationKinds=11 column_size=100000000 num_segments=1000]
Warn: Current measurement timed out (15.01s) while over noise threshold (0.54% > 0.50%)
Pass: Cold: 17.817117ms GPU, 17.821179ms CPU, 14.98s total GPU, 15.01s total wall, 841x 
Run:  [713/732] segmented_reduction [Device=0 DataType=F64 AggregationKinds=11 column_size=100000 num_segments=10000]
Pass: Cold: 0.477082ms GPU, 0.481219ms CPU, 0.50s total GPU, 0.54s total wall, 1056x 
Run:  [714/732] segmented_reduction [Device=0 DataType=F64 AggregationKinds=11 column_size=1000000 num_segments=10000]
Pass: Cold: 1.888238ms GPU, 1.892409ms CPU, 0.50s total GPU, 0.51s total wall, 265x 
Run:  [715/732] segmented_reduction [Device=0 DataType=F64 AggregationKinds=11 column_size=10000000 num_segments=10000]
Pass: Cold: 5.212297ms GPU, 5.216506ms CPU, 0.50s total GPU, 0.50s total wall, 96x 
Run:  [716/732] segmented_reduction [Device=0 DataType=F64 AggregationKinds=11 column_size=100000000 num_segments=10000]
Pass: Cold: 20.873410ms GPU, 20.877436ms CPU, 14.28s total GPU, 14.30s total wall, 684x 
Run:  [717/732] segmented_reduction [Device=0 DataType=F64 AggregationKinds=11 column_size=100000 num_segments=100000]
Pass: Cold: 1.081463ms GPU, 1.085800ms CPU, 2.11s total GPU, 2.18s total wall, 1952x 
Run:  [718/732] segmented_reduction [Device=0 DataType=F64 AggregationKinds=11 column_size=1000000 num_segments=100000]
Pass: Cold: 4.319385ms GPU, 4.323446ms CPU, 8.99s total GPU, 9.06s total wall, 2082x 
Run:  [719/732] segmented_reduction [Device=0 DataType=F64 AggregationKinds=11 column_size=10000000 num_segments=100000]
Pass: Cold: 18.308194ms GPU, 18.312270ms CPU, 6.30s total GPU, 6.31s total wall, 344x 
Run:  [720/732] segmented_reduction [Device=0 DataType=F64 AggregationKinds=11 column_size=100000000 num_segments=100000]
Pass: Cold: 51.456769ms GPU, 51.460568ms CPU, 5.45s total GPU, 5.46s total wall, 106x 
Run:  [721/732] segmented_reduction [Device=0 DataType=F64 AggregationKinds=17 column_size=100000 num_segments=1000]
Pass: Cold: 0.097569ms GPU, 0.101700ms CPU, 0.50s total GPU, 0.68s total wall, 5136x 
Run:  [722/732] segmented_reduction [Device=0 DataType=F64 AggregationKinds=17 column_size=1000000 num_segments=1000]
Pass: Cold: 0.208369ms GPU, 0.212568ms CPU, 0.50s total GPU, 0.56s total wall, 2400x 
Run:  [723/732] segmented_reduction [Device=0 DataType=F64 AggregationKinds=17 column_size=10000000 num_segments=1000]
Pass: Cold: 1.417351ms GPU, 1.421701ms CPU, 0.50s total GPU, 0.51s total wall, 353x 
Run:  [724/732] segmented_reduction [Device=0 DataType=F64 AggregationKinds=17 column_size=100000000 num_segments=1000]
Pass: Cold: 13.215490ms GPU, 13.219738ms CPU, 0.50s total GPU, 0.50s total wall, 38x 
Run:  [725/732] segmented_reduction [Device=0 DataType=F64 AggregationKinds=17 column_size=100000 num_segments=10000]
Pass: Cold: 0.145757ms GPU, 0.149969ms CPU, 0.50s total GPU, 0.62s total wall, 3440x 
Run:  [726/732] segmented_reduction [Device=0 DataType=F64 AggregationKinds=17 column_size=1000000 num_segments=10000]
Pass: Cold: 0.262231ms GPU, 0.266384ms CPU, 0.50s total GPU, 0.55s total wall, 1920x 
Run:  [727/732] segmented_reduction [Device=0 DataType=F64 AggregationKinds=17 column_size=10000000 num_segments=10000]
Pass: Cold: 1.455325ms GPU, 1.459685ms CPU, 0.50s total GPU, 0.51s total wall, 344x 
Run:  [728/732] segmented_reduction [Device=0 DataType=F64 AggregationKinds=17 column_size=100000000 num_segments=10000]
Pass: Cold: 13.272678ms GPU, 13.277274ms CPU, 0.50s total GPU, 0.51s total wall, 38x 
Run:  [729/732] segmented_reduction [Device=0 DataType=F64 AggregationKinds=17 column_size=100000 num_segments=100000]
Pass: Cold: 0.620686ms GPU, 0.624967ms CPU, 1.33s total GPU, 1.40s total wall, 2144x 
Run:  [730/732] segmented_reduction [Device=0 DataType=F64 AggregationKinds=17 column_size=1000000 num_segments=100000]
Pass: Cold: 0.912147ms GPU, 0.916299ms CPU, 1.21s total GPU, 1.24s total wall, 1328x 
Run:  [731/732] segmented_reduction [Device=0 DataType=F64 AggregationKinds=17 column_size=10000000 num_segments=100000]
Pass: Cold: 2.167222ms GPU, 2.171657ms CPU, 0.50s total GPU, 0.51s total wall, 231x 
Run:  [732/732] segmented_reduction [Device=0 DataType=F64 AggregationKinds=17 column_size=100000000 num_segments=100000]
Pass: Cold: 13.708491ms GPU, 13.713027ms CPU, 0.51s total GPU, 0.51s total wall, 37x 
```

# Benchmark Results

## anyall

### [0] Tesla T4

| DataType | kind |   size    | Samples |  CPU Time  | Noise  |  GPU Time  | Noise  |  Elem/s  | GlobalMem BW | BWUtil |
|----------|------|-----------|---------|------------|--------|------------|--------|----------|--------------|--------|
|     bool |  any |    100000 |  21968x |  26.412 us | 19.95% |  22.771 us | 11.80% |   4.391G |   4.392 GB/s |  1.37% |
|     bool |  all |    100000 |  21344x |  27.086 us | 17.31% |  23.439 us |  7.49% |   4.266G |   4.266 GB/s |  1.33% |
|     bool |  any |   1000000 |  17616x |  32.012 us | 14.84% |  28.392 us |  7.40% |  35.221G |  35.221 GB/s | 11.00% |
|     bool |  all |   1000000 |  17056x |  32.966 us | 14.21% |  29.319 us |  6.54% |  34.108G |  34.108 GB/s | 10.66% |
|     bool |  any |  10000000 |   6768x |  77.637 us |  5.48% |  73.941 us |  2.15% | 135.243G | 135.243 GB/s | 42.26% |
|     bool |  all |  10000000 |   6752x |  77.789 us |  5.48% |  74.057 us |  2.12% | 135.031G | 135.032 GB/s | 42.19% |
|     bool |  any | 100000000 |   2464x | 457.347 us |  1.29% | 453.350 us |  0.93% | 220.580G | 220.580 GB/s | 68.92% |
|     bool |  all | 100000000 |   1104x | 457.245 us |  0.99% | 453.247 us |  0.43% | 220.630G | 220.630 GB/s | 68.93% |
|       I8 |  any |    100000 |  20608x |  27.932 us | 20.72% |  24.270 us | 13.96% |   4.120G |   4.120 GB/s |  1.29% |
|       I8 |  all |    100000 |  20960x |  27.496 us | 16.87% |  23.869 us |  7.32% |   4.189G |   4.190 GB/s |  1.31% |
|       I8 |  any |   1000000 |  17056x |  33.001 us | 15.28% |  29.340 us |  8.70% |  34.083G |  34.083 GB/s | 10.65% |
|       I8 |  all |   1000000 |  16944x |  33.152 us | 14.12% |  29.512 us |  6.76% |  33.885G |  33.885 GB/s | 10.59% |
|       I8 |  any |  10000000 |   6752x |  77.879 us |  5.54% |  74.146 us |  2.21% | 134.870G | 134.870 GB/s | 42.14% |
|       I8 |  all |  10000000 |   6720x |  78.217 us |  5.64% |  74.473 us |  2.48% | 134.277G | 134.277 GB/s | 41.95% |
|       I8 |  any | 100000000 |   2320x | 458.756 us |  1.34% | 454.832 us |  1.01% | 219.862G | 219.862 GB/s | 68.69% |
|       I8 |  all | 100000000 |   1096x | 460.560 us |  1.03% | 456.390 us |  0.46% | 219.111G | 219.111 GB/s | 68.46% |
|      I32 |  any |    100000 |  19392x |  29.409 us | 17.66% |  25.786 us | 10.60% |   3.878G |  15.512 GB/s |  4.85% |
|      I32 |  all |    100000 |  20352x |  28.219 us | 16.80% |  24.577 us |  7.46% |   4.069G |  16.275 GB/s |  5.09% |
|      I32 |  any |   1000000 |  10992x |  49.101 us | 10.05% |  45.496 us |  6.02% |  21.980G |  87.919 GB/s | 27.47% |
|      I32 |  all |   1000000 |  11216x |  48.229 us |  9.19% |  44.598 us |  4.15% |  22.423G |  89.690 GB/s | 28.02% |
|      I32 |  any |  10000000 |   2736x | 191.265 us |  3.12% | 187.522 us |  2.31% |  53.327G | 213.309 GB/s | 66.65% |
|      I32 |  all |  10000000 |   2688x | 190.126 us |  2.22% | 186.378 us |  0.86% |  53.654G | 214.618 GB/s | 67.05% |
|      I32 |  any | 100000000 |    293x |   1.715 ms |  0.42% |   1.711 ms |  0.36% |  58.441G | 233.762 GB/s | 73.04% |
|      I32 |  all | 100000000 |    293x |   1.714 ms |  0.40% |   1.710 ms |  0.33% |  58.480G | 233.922 GB/s | 73.09% |
|      F32 |  any |    100000 |  19472x |  29.316 us | 18.57% |  25.681 us | 11.77% |   3.894G |  15.576 GB/s |  4.87% |
|      F32 |  all |    100000 |  19200x |  29.685 us | 16.94% |  26.050 us |  9.40% |   3.839G |  15.355 GB/s |  4.80% |
|      F32 |  any |   1000000 |  11136x |  48.600 us |  9.18% |  44.942 us |  4.06% |  22.251G |  89.003 GB/s | 27.81% |
|      F32 |  all |   1000000 |  11008x |  49.094 us |  9.03% |  45.464 us |  4.14% |  21.995G |  87.982 GB/s | 27.49% |
|      F32 |  any |  10000000 |   2688x | 190.479 us |  2.37% | 186.739 us |  1.25% |  53.551G | 214.202 GB/s | 66.92% |
|      F32 |  all |  10000000 |   2672x | 191.165 us |  2.34% | 187.412 us |  1.19% |  53.358G | 213.434 GB/s | 66.68% |
|      F32 |  any | 100000000 |    292x |   1.718 ms |  0.41% |   1.714 ms |  0.34% |  58.339G | 233.357 GB/s | 72.91% |
|      F32 |  all | 100000000 |    292x |   1.718 ms |  0.44% |   1.714 ms |  0.38% |  58.343G | 233.372 GB/s | 72.91% |

## reduction_dictionary

### [0] Tesla T4

| DataType | AggKinds |   size    | Samples |  CPU Time  | Noise  |  GPU Time  | Noise | Elem/s  | GlobalMem BW | BWUtil |
|----------|----------|-----------|---------|------------|--------|------------|-------|---------|--------------|--------|
|      I32 |        7 |    100000 |  12944x |  42.278 us | 11.06% |  38.643 us | 5.75% |  2.588G |  10.351 GB/s |  3.23% |
|      I32 |        7 |   1000000 |   8640x |  61.596 us |  7.30% |  57.951 us | 3.63% | 17.256G |  69.024 GB/s | 21.57% |
|      I32 |        7 |  10000000 |   2304x | 241.420 us |  2.61% | 237.417 us | 1.94% | 42.120G | 168.480 GB/s | 52.64% |
|      I32 |        7 | 100000000 |   1936x |   2.147 ms |  1.35% |   2.142 ms | 1.33% | 46.677G | 186.707 GB/s | 58.33% |
|      I32 |        6 |    100000 |  12992x |  42.134 us | 11.07% |  38.509 us | 5.76% |  2.597G |  10.387 GB/s |  3.25% |
|      I32 |        6 |   1000000 |   8560x |  62.080 us | 10.24% |  58.449 us | 8.12% | 17.109G |  68.436 GB/s | 21.38% |
|      I32 |        6 |  10000000 |   2176x | 234.411 us |  2.16% | 230.549 us | 1.36% | 43.375G | 173.499 GB/s | 54.21% |
|      I32 |        6 | 100000000 |   2384x |   2.087 ms |  1.41% |   2.083 ms | 1.39% | 48.001G | 192.005 GB/s | 59.99% |
|      I32 |        2 |    100000 |  11936x |  45.609 us | 10.46% |  41.914 us | 5.51% |  2.386G |   9.543 GB/s |  2.98% |
|      I32 |        2 |   1000000 |   8160x |  65.052 us |  7.01% |  61.386 us | 3.68% | 16.290G |  65.161 GB/s | 20.36% |
|      I32 |        2 |  10000000 |   2496x | 208.322 us |  2.64% | 204.565 us | 1.90% | 48.884G | 195.537 GB/s | 61.09% |
|      I32 |        2 | 100000000 |    292x |   1.718 ms |  0.42% |   1.714 ms | 0.35% | 58.340G | 233.361 GB/s | 72.91% |
|      I32 |        3 |    100000 |  11888x |  45.747 us | 10.18% |  42.085 us | 5.24% |  2.376G |   9.505 GB/s |  2.97% |
|      I32 |        3 |   1000000 |   7984x |  66.300 us | 10.53% |  62.627 us | 8.67% | 15.968G |  63.870 GB/s | 19.96% |
|      I32 |        3 |  10000000 |   2464x | 207.964 us |  2.25% | 204.177 us | 1.23% | 48.977G | 195.908 GB/s | 61.21% |
|      I32 |        3 | 100000000 |    292x |   1.718 ms |  0.36% |   1.714 ms | 0.28% | 58.351G | 233.405 GB/s | 72.92% |
|      I32 |        9 |    100000 |  10432x |  51.592 us | 12.06% |  47.952 us | 9.28% |  2.085G |   8.342 GB/s |  2.61% |
|      I32 |        9 |   1000000 |   6384x |  82.029 us |  5.62% |  78.397 us | 3.08% | 12.756G |  51.023 GB/s | 15.94% |
|      I32 |        9 |  10000000 |   1792x | 282.959 us |  1.71% | 279.170 us | 1.03% | 35.820G | 143.282 GB/s | 44.77% |
|      I32 |        9 | 100000000 |   2048x |   2.344 ms |  1.71% |   2.340 ms | 1.70% | 42.741G | 170.964 GB/s | 53.42% |
|      F32 |        7 |    100000 |  12880x |  42.459 us | 10.92% |  38.831 us | 5.55% |  2.575G |  10.301 GB/s |  3.22% |
|      F32 |        7 |   1000000 |   8608x |  61.724 us |  7.87% |  58.091 us | 4.69% | 17.214G |  68.858 GB/s | 21.51% |
|      F32 |        7 |  10000000 |   2112x | 240.725 us |  2.29% | 236.782 us | 1.57% | 42.233G | 168.931 GB/s | 52.78% |
|      F32 |        7 | 100000000 |   2224x |   2.206 ms |  1.43% |   2.202 ms | 1.42% | 45.419G | 181.675 GB/s | 56.76% |
|      F32 |        6 |    100000 |  13024x |  42.038 us | 11.18% |  38.393 us | 5.78% |  2.605G |  10.419 GB/s |  3.26% |
|      F32 |        6 |   1000000 |   8752x |  60.849 us |  7.57% |  57.190 us | 3.95% | 17.486G |  69.943 GB/s | 21.85% |
|      F32 |        6 |  10000000 |   2256x | 236.280 us |  2.42% | 232.353 us | 1.68% | 43.038G | 172.152 GB/s | 53.79% |
|      F32 |        6 | 100000000 |   2192x |   2.094 ms |  1.26% |   2.090 ms | 1.24% | 47.842G | 191.369 GB/s | 59.79% |
|      F32 |        2 |    100000 |  11904x |  45.757 us | 10.51% |  42.050 us | 5.65% |  2.378G |   9.513 GB/s |  2.97% |
|      F32 |        2 |   1000000 |   8096x |  65.559 us |  7.75% |  61.867 us | 4.92% | 16.164G |  64.655 GB/s | 20.20% |
|      F32 |        2 |  10000000 |   2464x | 207.530 us |  2.13% | 203.754 us | 1.04% | 49.079G | 196.315 GB/s | 61.34% |
|      F32 |        2 | 100000000 |    292x |   1.718 ms |  0.39% |   1.714 ms | 0.32% | 58.344G | 233.377 GB/s | 72.92% |
|      F32 |        3 |    100000 |  11792x |  46.132 us | 11.20% |  42.429 us | 6.96% |  2.357G |   9.428 GB/s |  2.95% |
|      F32 |        3 |   1000000 |   8096x |  65.553 us |  7.06% |  61.863 us | 3.76% | 16.165G |  64.659 GB/s | 20.20% |
|      F32 |        3 |  10000000 |   2800x | 208.939 us |  3.66% | 205.181 us | 3.16% | 48.738G | 194.950 GB/s | 60.91% |
|      F32 |        3 | 100000000 |    292x |   1.717 ms |  0.40% |   1.714 ms | 0.33% | 58.356G | 233.423 GB/s | 72.93% |
|      F32 |        9 |    100000 |  10560x |  51.025 us |  8.97% |  47.401 us | 4.57% |  2.110G |   8.439 GB/s |  2.64% |
|      F32 |        9 |   1000000 |   6336x |  82.614 us |  8.05% |  78.977 us | 6.59% | 12.662G |  50.648 GB/s | 15.82% |
|      F32 |        9 |  10000000 |   1808x | 281.574 us |  1.75% | 277.827 us | 1.11% | 35.994G | 143.975 GB/s | 44.98% |
|      F32 |        9 | 100000000 |   2176x |   2.353 ms |  1.76% |   2.349 ms | 1.75% | 42.579G | 170.317 GB/s | 53.21% |

## histogram

### [0] Tesla T4

|  T  | null_probability | cardinality | num_rows  | Samples |  CPU Time  | Noise |  GPU Time  | Noise |
|-----|------------------|-------------|-----------|---------|------------|-------|------------|-------|
| I32 |              0.1 |           0 |     10000 |   3872x | 132.829 us | 4.70% | 129.207 us | 3.73% |
| I32 |              0.1 |         100 |     10000 |   4160x | 124.365 us | 4.98% | 120.651 us | 3.90% |
| I32 |              0.1 |        1000 |     10000 |   4608x | 126.417 us | 7.63% | 122.730 us | 7.00% |
| I32 |              0.1 |       10000 |     10000 |   3856x | 133.505 us | 4.53% | 129.794 us | 3.49% |
| I32 |              0.1 |           0 |    100000 |   1952x | 260.782 us | 2.60% | 257.008 us | 2.12% |
| I32 |              0.1 |         100 |    100000 |   2272x | 224.987 us | 2.66% | 221.252 us | 2.03% |
| I32 |              0.1 |        1000 |    100000 |   2224x | 229.975 us | 4.11% | 226.206 us | 3.75% |
| I32 |              0.1 |       10000 |    100000 |   2032x | 250.952 us | 2.47% | 247.167 us | 1.91% |
| I32 |              0.1 |      100000 |    100000 |   1952x | 260.998 us | 2.51% | 257.210 us | 2.03% |
| I32 |              0.1 |           0 |   1000000 |   1360x |   1.782 ms | 0.63% |   1.778 ms | 0.59% |
| I32 |              0.1 |         100 |   1000000 |   1312x |   1.284 ms | 0.84% |   1.280 ms | 0.79% |
| I32 |              0.1 |        1000 |   1000000 |   1280x |   1.305 ms | 0.77% |   1.302 ms | 0.71% |
| I32 |              0.1 |       10000 |   1000000 |   1488x |   1.572 ms | 0.67% |   1.569 ms | 0.61% |
| I32 |              0.1 |      100000 |   1000000 |    960x |   1.800 ms | 0.64% |   1.796 ms | 0.61% |
| I32 |              0.1 |     1000000 |   1000000 |    282x |   1.781 ms | 0.50% |   1.777 ms | 0.45% |
| I32 |              0.1 |           0 |  10000000 |     30x |  16.988 ms | 0.21% |  16.984 ms | 0.21% |
| I32 |              0.1 |         100 |  10000000 |     43x |  11.861 ms | 0.38% |  11.857 ms | 0.38% |
| I32 |              0.1 |        1000 |  10000000 |     42x |  12.027 ms | 0.24% |  12.023 ms | 0.23% |
| I32 |              0.1 |       10000 |  10000000 |     34x |  14.738 ms | 0.30% |  14.735 ms | 0.30% |
| I32 |              0.1 |      100000 |  10000000 |     30x |  17.136 ms | 0.30% |  17.132 ms | 0.30% |
| I32 |              0.1 |     1000000 |  10000000 |     29x |  17.744 ms | 0.29% |  17.740 ms | 0.29% |
| I32 |              0.1 |    10000000 |  10000000 |     30x |  16.990 ms | 0.15% |  16.987 ms | 0.15% |
| I32 |              0.1 |           0 | 100000000 |     11x | 168.972 ms | 0.08% | 168.969 ms | 0.08% |
| I32 |              0.1 |         100 | 100000000 |     11x | 117.898 ms | 0.17% | 117.895 ms | 0.17% |
| I32 |              0.1 |        1000 | 100000000 |     11x | 119.367 ms | 0.12% | 119.364 ms | 0.12% |
| I32 |              0.1 |       10000 | 100000000 |     11x | 146.996 ms | 0.17% | 146.993 ms | 0.17% |
| I32 |              0.1 |      100000 | 100000000 |     14x | 171.253 ms | 0.50% | 171.250 ms | 0.50% |
| I32 |              0.1 |     1000000 | 100000000 |     84x | 179.741 ms | 0.73% | 179.738 ms | 0.73% |
| I32 |              0.1 |    10000000 | 100000000 |     13x | 178.078 ms | 0.49% | 178.075 ms | 0.49% |
| I32 |              0.1 |    50000000 | 100000000 |     11x | 171.162 ms | 0.16% | 171.159 ms | 0.16% |
| I64 |              0.1 |           0 |     10000 |   4048x | 127.797 us | 5.31% | 124.006 us | 4.31% |
| I64 |              0.1 |         100 |     10000 |   4096x | 126.314 us | 4.68% | 122.543 us | 3.47% |
| I64 |              0.1 |        1000 |     10000 |   4016x | 128.346 us | 8.53% | 124.528 us | 7.81% |
| I64 |              0.1 |       10000 |     10000 |   4016x | 128.445 us | 5.24% | 124.694 us | 4.28% |
| I64 |              0.1 |           0 |    100000 |   1904x | 266.718 us | 2.36% | 262.985 us | 1.88% |
| I64 |              0.1 |         100 |    100000 |   2240x | 227.298 us | 2.80% | 223.531 us | 2.19% |
| I64 |              0.1 |        1000 |    100000 |   2560x | 233.282 us | 5.71% | 229.487 us | 5.45% |
| I64 |              0.1 |       10000 |    100000 |   2000x | 254.558 us | 2.58% | 250.771 us | 2.08% |
| I64 |              0.1 |      100000 |    100000 |   1904x | 266.895 us | 2.37% | 263.145 us | 1.88% |
| I64 |              0.1 |           0 |   1000000 |   1184x |   1.839 ms | 0.63% |   1.835 ms | 0.59% |
| I64 |              0.1 |         100 |   1000000 |   1344x |   1.311 ms | 0.80% |   1.307 ms | 0.74% |
| I64 |              0.1 |        1000 |   1000000 |    376x |   1.336 ms | 0.57% |   1.332 ms | 0.49% |
| I64 |              0.1 |       10000 |   1000000 |   1168x |   1.616 ms | 0.71% |   1.612 ms | 0.66% |
| I64 |              0.1 |      100000 |   1000000 |   1200x |   1.840 ms | 0.89% |   1.836 ms | 0.86% |
| I64 |              0.1 |     1000000 |   1000000 |    275x |   1.822 ms | 0.49% |   1.819 ms | 0.45% |
| I64 |              0.1 |           0 |  10000000 |     29x |  17.455 ms | 0.16% |  17.452 ms | 0.15% |
| I64 |              0.1 |         100 |  10000000 |     42x |  12.067 ms | 0.41% |  12.063 ms | 0.41% |
| I64 |              0.1 |        1000 |  10000000 |     41x |  12.302 ms | 0.39% |  12.298 ms | 0.39% |
| I64 |              0.1 |       10000 |  10000000 |     33x |  15.209 ms | 0.28% |  15.205 ms | 0.28% |
| I64 |              0.1 |      100000 |  10000000 |     29x |  17.444 ms | 0.25% |  17.441 ms | 0.25% |
| I64 |              0.1 |     1000000 |  10000000 |    105x |  18.143 ms | 0.50% |  18.139 ms | 0.50% |
| I64 |              0.1 |    10000000 |  10000000 |     29x |  17.443 ms | 0.18% |  17.440 ms | 0.18% |
| I64 |              0.1 |           0 | 100000000 |     11x | 173.333 ms | 0.07% | 173.331 ms | 0.07% |
| I64 |              0.1 |         100 | 100000000 |     11x | 119.794 ms | 0.36% | 119.791 ms | 0.36% |
| I64 |              0.1 |        1000 | 100000000 |     11x | 121.341 ms | 0.11% | 121.338 ms | 0.11% |
| I64 |              0.1 |       10000 | 100000000 |     11x | 149.870 ms | 0.28% | 149.868 ms | 0.28% |
| I64 |              0.1 |      100000 | 100000000 |     87x | 174.234 ms | 0.59% | 174.232 ms | 0.59% |
| I64 |              0.1 |     1000000 | 100000000 |     11x | 181.515 ms | 0.04% | 181.513 ms | 0.04% |
| I64 |              0.1 |    10000000 | 100000000 |     11x | 181.266 ms | 0.31% | 181.263 ms | 0.31% |
| I64 |              0.1 |    50000000 | 100000000 |     11x | 175.344 ms | 0.20% | 175.341 ms | 0.20% |

## minmax

### [0] Tesla T4

|      DataType      |   size    | Samples |  CPU Time  | Noise  |  GPU Time  | Noise |  Elem/s  | GlobalMem BW | BWUtil |
|--------------------|-----------|---------|------------|--------|------------|-------|----------|--------------|--------|
|               bool |    100000 |  13568x |  40.714 us | 12.84% |  36.871 us | 7.35% |   2.712G |   2.712 GB/s |  0.85% |
|               bool |   1000000 |  11888x |  45.946 us | 10.55% |  42.108 us | 5.14% |  23.749G |  23.749 GB/s |  7.42% |
|               bool |  10000000 |   5632x |  92.583 us |  5.26% |  88.802 us | 3.05% | 112.610G | 112.610 GB/s | 35.18% |
|               bool | 100000000 |   1072x | 476.343 us |  1.10% | 472.216 us | 0.66% | 211.767G | 211.767 GB/s | 66.16% |
|                 I8 |    100000 |  13616x |  40.579 us | 12.72% |  36.729 us | 7.09% |   2.723G |   2.723 GB/s |  0.85% |
|                 I8 |   1000000 |  11888x |  45.931 us | 10.47% |  42.087 us | 5.02% |  23.760G |  23.760 GB/s |  7.42% |
|                 I8 |  10000000 |   5648x |  92.388 us |  5.01% |  88.563 us | 2.50% | 112.914G | 112.914 GB/s | 35.28% |
|                 I8 | 100000000 |   1152x | 480.067 us |  1.42% | 475.893 us | 1.10% | 210.131G | 210.131 GB/s | 65.65% |
|                I32 |    100000 |  13040x |  42.216 us | 11.81% |  38.357 us | 6.05% |   2.607G |  10.429 GB/s |  3.26% |
|                I32 |   1000000 |   8880x |  60.182 us |  7.93% |  56.331 us | 3.93% |  17.752G |  71.009 GB/s | 22.19% |
|                I32 |  10000000 |   2560x | 199.264 us |  2.59% | 195.413 us | 1.63% |  51.174G | 204.695 GB/s | 63.95% |
|                I32 | 100000000 |    317x |   1.583 ms |  0.37% |   1.579 ms | 0.26% |  63.339G | 253.355 GB/s | 79.16% |
|                F32 |    100000 |  13456x |  42.485 us | 12.57% |  38.604 us | 7.41% |   2.590G |  10.362 GB/s |  3.24% |
|                F32 |   1000000 |   8880x |  60.167 us |  7.94% |  56.316 us | 3.99% |  17.757G |  71.028 GB/s | 22.19% |
|                F32 |  10000000 |   2576x | 199.160 us |  2.28% | 195.300 us | 1.11% |  51.203G | 204.813 GB/s | 63.99% |
|                F32 | 100000000 |    317x |   1.584 ms |  0.33% |   1.580 ms | 0.20% |  63.298G | 253.191 GB/s | 79.11% |
| cudf::timestamp_ms |    100000 |  11952x |  45.671 us | 11.07% |  41.838 us | 6.11% |   2.390G |  19.122 GB/s |  5.97% |
| cudf::timestamp_ms |   1000000 |   6416x |  81.834 us |  5.70% |  78.062 us | 2.99% |  12.810G | 102.483 GB/s | 32.02% |
| cudf::timestamp_ms |  10000000 |   1456x | 349.274 us |  1.31% | 345.494 us | 0.73% |  28.944G | 231.552 GB/s | 72.35% |
| cudf::timestamp_ms | 100000000 |    162x |   3.102 ms |  0.22% |   3.098 ms | 0.18% |  32.279G | 258.234 GB/s | 80.68% |

## rank_scan

### [0] Tesla T4

|        T        | null_probability | data_size | Samples |  CPU Time  | Noise  |  GPU Time  | Noise  |  Elem/s  | GlobalMem BW | BWUtil |
|-----------------|------------------|-----------|---------|------------|--------|------------|--------|----------|--------------|--------|
|             I32 |                0 |     10000 |  13232x |  41.559 us | 11.51% |  37.817 us |  5.72% |  64.097M | 520.791 MB/s |  0.16% |
|             I32 |              0.1 |     10000 |  12992x |  42.229 us | 11.89% |  38.489 us |  6.75% |  62.979M | 511.705 MB/s |  0.16% |
|             I32 |              0.5 |     10000 |  13104x |  41.943 us | 11.57% |  38.199 us |  5.99% |  63.457M | 515.587 MB/s |  0.16% |
|             I32 |              0.9 |     10000 |  13008x |  42.202 us | 12.20% |  38.441 us |  7.12% |  63.057M | 512.339 MB/s |  0.16% |
|             I32 |                0 |    100000 |  12992x |  42.257 us | 11.39% |  38.523 us |  5.86% | 629.289M |   5.113 GB/s |  1.60% |
|             I32 |              0.1 |    100000 |  12592x |  43.483 us | 14.51% |  39.714 us | 10.76% | 610.410M |   4.960 GB/s |  1.55% |
|             I32 |              0.5 |    100000 |  12704x |  43.146 us | 11.69% |  39.383 us |  6.55% | 615.551M |   5.001 GB/s |  1.56% |
|             I32 |              0.9 |    100000 |  12672x |  43.249 us | 14.49% |  39.501 us | 10.90% | 613.704M |   4.986 GB/s |  1.56% |
|             I32 |                0 |   1000000 |  10224x |  52.677 us |  9.08% |  48.927 us |  4.76% |   4.955G |  40.258 GB/s | 12.58% |
|             I32 |              0.1 |   1000000 |   9920x |  55.553 us | 11.70% |  51.798 us |  9.10% |   4.680G |  38.026 GB/s | 11.88% |
|             I32 |              0.5 |   1000000 |   9920x |  54.203 us |  8.75% |  50.457 us |  4.53% |   4.805G |  39.037 GB/s | 12.20% |
|             I32 |              0.9 |   1000000 |  10400x |  51.852 us |  9.14% |  48.092 us |  4.59% |   5.041G |  40.957 GB/s | 12.80% |
|             I32 |                0 |  10000000 |   2448x | 208.154 us |  3.02% | 204.377 us |  2.31% |  11.862G |  96.375 GB/s | 30.11% |
|             I32 |              0.1 |  10000000 |   2288x | 222.449 us |  2.21% | 218.618 us |  1.31% |  11.089G |  90.098 GB/s | 28.15% |
|             I32 |              0.5 |  10000000 |   2320x | 219.548 us |  2.34% | 215.697 us |  1.46% |  11.239G |  91.318 GB/s | 28.53% |
|             I32 |              0.9 |  10000000 |   2880x | 205.508 us |  2.59% | 201.691 us |  1.73% |  12.020G |  97.659 GB/s | 30.51% |
|             I32 |                0 | 100000000 |    293x |   1.716 ms |  0.33% |   1.712 ms |  0.22% |  14.163G | 115.078 GB/s | 35.95% |
|             I32 |              0.1 | 100000000 |    261x |   1.921 ms |  0.49% |   1.917 ms |  0.45% |  12.644G | 102.729 GB/s | 32.10% |
|             I32 |              0.5 | 100000000 |    265x |   1.896 ms |  0.52% |   1.892 ms |  0.48% |  12.814G | 104.117 GB/s | 32.53% |
|             I32 |              0.9 | 100000000 |    287x |   1.749 ms |  0.47% |   1.745 ms |  0.41% |  13.896G | 112.902 GB/s | 35.27% |
| cudf::list_view |                0 |     10000 |   7984x |  66.417 us |  7.49% |  62.680 us |  4.48% |   3.957M | 170.629 MB/s |  0.05% |
| cudf::list_view |              0.1 |     10000 |   3904x | 131.931 us |  4.43% | 128.156 us |  3.26% |   2.278M |  70.594 MB/s |  0.02% |
| cudf::list_view |              0.5 |     10000 |   4640x | 111.718 us |  9.22% | 108.017 us |  8.54% |   5.888M |  66.480 MB/s |  0.02% |
| cudf::list_view |              0.9 |     10000 |   6352x |  82.573 us |  6.82% |  78.825 us |  4.81% |  23.444M | 190.484 MB/s |  0.06% |
| cudf::list_view |                0 |    100000 |   6512x |  80.620 us |  6.07% |  76.886 us |  3.56% |  32.333M |   1.394 GB/s |  0.44% |
| cudf::list_view |              0.1 |    100000 |   3488x | 147.265 us |  9.34% | 143.512 us |  8.94% |  20.319M | 645.396 MB/s |  0.20% |
| cudf::list_view |              0.5 |    100000 |   4384x | 117.811 us |  5.12% | 114.091 us |  3.90% |  55.727M | 620.408 MB/s |  0.19% |
| cudf::list_view |              0.9 |    100000 |   6160x |  84.883 us |  6.39% |  81.184 us |  4.45% | 227.507M |   1.848 GB/s |  0.58% |
| cudf::list_view |                0 |   1000000 |   7744x |  68.319 us | 11.30% |  64.601 us |  9.67% | 384.883M |  16.598 GB/s |  5.19% |
| cudf::list_view |              0.1 |   1000000 |   3952x | 130.583 us |  4.45% | 126.873 us |  3.32% | 229.868M |   7.480 GB/s |  2.34% |
| cudf::list_view |              0.5 |   1000000 |   3008x | 170.302 us |  3.51% | 166.584 us |  2.69% | 381.705M |   4.300 GB/s |  1.34% |
| cudf::list_view |              0.9 |   1000000 |   4528x | 114.232 us |  9.57% | 110.509 us |  8.91% |   1.671G |  13.580 GB/s |  4.24% |
| cudf::list_view |                0 |  10000000 |    768x | 656.711 us |  1.07% | 653.030 us |  0.91% | 380.748M |  16.420 GB/s |  5.13% |
| cudf::list_view |              0.1 |  10000000 |   1984x | 256.926 us |  2.38% | 253.160 us |  1.84% |   1.152G |  37.785 GB/s | 11.81% |
| cudf::list_view |              0.5 |  10000000 |   1824x | 277.870 us |  2.18% | 274.136 us |  1.69% |   2.320G |  26.053 GB/s |  8.14% |
| cudf::list_view |              0.9 |  10000000 |   2192x | 427.547 us |  1.84% | 423.624 us |  1.58% |   4.360G |  35.426 GB/s | 11.07% |
| cudf::list_view |                0 | 100000000 |   2208x |   2.038 ms |  1.73% |   2.034 ms |  1.72% |   1.223G |  52.721 GB/s | 16.47% |
| cudf::list_view |              0.1 | 100000000 |   2384x |   3.050 ms |  1.24% |   3.046 ms |  1.23% | 957.377M |  31.488 GB/s |  9.84% |
| cudf::list_view |              0.5 | 100000000 |   1808x |   2.052 ms |  1.13% |   2.048 ms |  1.11% |   3.106G |  34.821 GB/s | 10.88% |
| cudf::list_view |              0.9 | 100000000 |    768x |   3.643 ms |  0.85% |   3.639 ms |  0.84% |   5.076G |  41.243 GB/s | 12.89% |

## reduction

### [0] Tesla T4

|      DataType      | AggKinds |   size    | Samples |  CPU Time  | Noise  |  GPU Time  | Noise  |  Elem/s  | GlobalMem BW | BWUtil |
|--------------------|----------|-----------|---------|------------|--------|------------|--------|----------|--------------|--------|
|                I32 |        2 |    100000 |  19312x |  29.632 us | 19.42% |  25.906 us | 12.49% |   3.860G |  15.441 GB/s |  4.82% |
|                I32 |        2 |   1000000 |  11024x |  49.080 us |  9.07% |  45.398 us |  3.98% |  22.027G |  88.109 GB/s | 27.53% |
|                I32 |        2 |  10000000 |   2656x | 192.429 us |  2.19% | 188.752 us |  1.00% |  52.980G | 211.919 GB/s | 66.21% |
|                I32 |        2 | 100000000 |    295x |   1.702 ms |  0.46% |   1.698 ms |  0.40% |  58.876G | 235.506 GB/s | 73.58% |
|                I32 |        0 |    100000 |  20080x |  28.612 us | 16.27% |  24.912 us |  6.34% |   4.014G |  16.056 GB/s |  5.02% |
|                I32 |        0 |   1000000 |  11008x |  49.131 us | 11.44% |  45.423 us |  7.90% |  22.015G |  88.062 GB/s | 27.51% |
|                I32 |        0 |  10000000 |   2656x | 192.075 us |  2.24% | 188.354 us |  1.03% |  53.092G | 212.366 GB/s | 66.35% |
|                I32 |        0 | 100000000 |    295x |   1.703 ms |  0.35% |   1.699 ms |  0.27% |  58.862G | 235.449 GB/s | 73.56% |
|                I32 |        1 |    100000 |  19568x |  29.231 us | 16.55% |  25.555 us |  7.90% |   3.913G |  15.653 GB/s |  4.89% |
|                I32 |        1 |   1000000 |  11024x |  49.022 us |  8.95% |  45.357 us |  3.75% |  22.047G |  88.189 GB/s | 27.55% |
|                I32 |        1 |  10000000 |   3040x | 192.841 us |  2.36% | 189.145 us |  1.34% |  52.869G | 211.478 GB/s | 66.07% |
|                I32 |        1 | 100000000 |    295x |   1.700 ms |  0.38% |   1.696 ms |  0.30% |  58.969G | 235.877 GB/s | 73.70% |
|                I32 |       11 |    100000 |   2880x | 178.269 us |  2.64% | 174.462 us |  1.47% | 573.189M |   2.293 GB/s |  0.72% |
|                I32 |       11 |   1000000 |    960x | 525.147 us |  1.04% | 521.353 us |  0.73% |   1.918G |   7.672 GB/s |  2.40% |
|                I32 |       11 |  10000000 |    230x |   2.183 ms |  0.33% |   2.180 ms |  0.27% |   4.588G |  18.353 GB/s |  5.73% |
|                I32 |       11 | 100000000 |    800x |  18.749 ms |  0.79% |  18.745 ms |  0.79% |   5.335G |  21.339 GB/s |  6.67% |
|                I32 |       12 |    100000 |   2880x | 177.459 us |  2.46% | 173.726 us |  1.20% | 575.619M |   2.302 GB/s |  0.72% |
|                I32 |       12 |   1000000 |   2112x | 526.377 us |  1.54% | 522.590 us |  1.35% |   1.914G |   7.654 GB/s |  2.39% |
|                I32 |       12 |  10000000 |    230x |   2.182 ms |  0.25% |   2.178 ms |  0.17% |   4.592G |  18.367 GB/s |  5.74% |
|                I32 |       12 | 100000000 |    800x |  18.747 ms |  0.81% |  18.743 ms |  0.81% |   5.335G |  21.341 GB/s |  6.67% |
|                I32 |        9 |    100000 |  13792x |  40.021 us | 12.52% |  36.263 us |  6.92% |   2.758G |  11.031 GB/s |  3.45% |
|                I32 |        9 |   1000000 |   8272x |  64.326 us |  7.26% |  60.485 us |  3.44% |  16.533G |  66.132 GB/s | 20.66% |
|                I32 |        9 |  10000000 |   2176x | 238.148 us |  2.20% | 234.302 us |  1.47% |  42.680G | 170.720 GB/s | 53.34% |
|                I32 |        9 | 100000000 |   2640x |   2.037 ms |  2.09% |   2.033 ms |  2.08% |  49.176G | 196.706 GB/s | 61.46% |
|                I64 |        2 |    100000 |  17360x |  32.491 us | 14.46% |  28.818 us |  6.67% |   3.470G |  27.761 GB/s |  8.67% |
|                I64 |        2 |   1000000 |   7568x |  69.807 us |  6.24% |  66.105 us |  2.73% |  15.127G | 121.020 GB/s | 37.81% |
|                I64 |        2 |  10000000 |   1504x | 338.555 us |  1.30% | 334.733 us |  0.61% |  29.875G | 238.996 GB/s | 74.67% |
|                I64 |        2 | 100000000 |    164x |   3.068 ms |  0.32% |   3.064 ms |  0.29% |  32.634G | 261.071 GB/s | 81.57% |
|                I64 |        0 |    100000 |  17744x |  31.900 us | 14.66% |  28.184 us |  6.25% |   3.548G |  28.386 GB/s |  8.87% |
|                I64 |        0 |   1000000 |   7552x |  70.009 us |  8.55% |  66.274 us |  6.40% |  15.089G | 120.712 GB/s | 37.71% |
|                I64 |        0 |  10000000 |   1504x | 337.601 us |  1.27% | 333.846 us |  0.57% |  29.954G | 239.631 GB/s | 74.87% |
|                I64 |        0 | 100000000 |    165x |   3.036 ms |  0.17% |   3.032 ms |  0.12% |  32.984G | 263.874 GB/s | 82.44% |
|                I64 |        1 |    100000 |  17280x |  32.658 us | 15.12% |  28.943 us |  7.77% |   3.455G |  27.641 GB/s |  8.64% |
|                I64 |        1 |   1000000 |   7584x |  69.705 us |  6.35% |  65.970 us |  2.73% |  15.158G | 121.268 GB/s | 37.89% |
|                I64 |        1 |  10000000 |   1616x | 338.345 us |  1.27% | 334.571 us |  0.57% |  29.889G | 239.112 GB/s | 74.71% |
|                I64 |        1 | 100000000 |    164x |   3.070 ms |  0.25% |   3.066 ms |  0.22% |  32.613G | 260.907 GB/s | 81.52% |
|                I64 |       11 |    100000 |   2848x | 179.517 us |  3.07% | 175.741 us |  2.18% | 569.018M |   4.552 GB/s |  1.42% |
|                I64 |       11 |   1000000 |    944x | 541.325 us |  1.23% | 537.569 us |  1.02% |   1.860G |  14.882 GB/s |  4.65% |
|                I64 |       11 |  10000000 |    229x |   2.188 ms |  0.20% |   2.185 ms |  0.11% |   4.577G |  36.619 GB/s | 11.44% |
|                I64 |       11 | 100000000 |    798x |  18.781 ms |  0.79% |  18.778 ms |  0.79% |   5.326G |  42.604 GB/s | 13.31% |
|                I64 |       12 |    100000 |   2880x | 177.936 us |  2.46% | 174.166 us |  1.15% | 574.164M |   4.593 GB/s |  1.44% |
|                I64 |       12 |   1000000 |    944x | 540.288 us |  1.37% | 536.454 us |  1.17% |   1.864G |  14.913 GB/s |  4.66% |
|                I64 |       12 |  10000000 |    229x |   2.190 ms |  0.32% |   2.186 ms |  0.26% |   4.574G |  36.590 GB/s | 11.43% |
|                I64 |       12 | 100000000 |    798x |  18.778 ms |  0.80% |  18.775 ms |  0.80% |   5.326G |  42.610 GB/s | 13.31% |
|                I64 |        9 |    100000 |  12928x |  42.494 us | 11.39% |  38.708 us |  5.72% |   2.583G |  20.668 GB/s |  6.46% |
|                I64 |        9 |   1000000 |   6352x |  82.671 us |  7.56% |  78.840 us |  5.78% |  12.684G | 101.472 GB/s | 31.70% |
|                I64 |        9 |  10000000 |   1664x | 355.955 us |  1.39% | 352.101 us |  0.86% |  28.401G | 227.207 GB/s | 70.99% |
|                I64 |        9 | 100000000 |    160x |   3.148 ms |  0.25% |   3.144 ms |  0.22% |  31.810G | 254.483 GB/s | 79.51% |
|                F64 |        2 |    100000 |  16240x |  34.523 us | 13.93% |  30.799 us |  6.78% |   3.247G |  25.975 GB/s |  8.12% |
|                F64 |        2 |   1000000 |   7280x |  72.528 us |  6.29% |  68.807 us |  3.16% |  14.533G | 116.268 GB/s | 36.33% |
|                F64 |        2 |  10000000 |   1472x | 344.668 us |  1.31% | 340.767 us |  0.62% |  29.346G | 234.765 GB/s | 73.35% |
|                F64 |        2 | 100000000 |    161x |   3.128 ms |  0.25% |   3.124 ms |  0.21% |  32.014G | 256.114 GB/s | 80.02% |
|                F64 |        0 |    100000 |  16832x |  33.452 us | 13.93% |  29.720 us |  5.80% |   3.365G |  26.919 GB/s |  8.41% |
|                F64 |        0 |   1000000 |   7296x |  72.398 us |  6.98% |  68.636 us |  4.24% |  14.570G | 116.557 GB/s | 36.42% |
|                F64 |        0 |  10000000 |   1472x | 343.843 us |  1.28% | 339.992 us |  0.56% |  29.412G | 235.300 GB/s | 73.52% |
|                F64 |        0 | 100000000 |    161x |   3.121 ms |  0.27% |   3.117 ms |  0.25% |  32.084G | 256.672 GB/s | 80.19% |
|                F64 |        1 |    100000 |  16384x |  34.287 us | 16.59% |  30.530 us | 10.92% |   3.275G |  26.204 GB/s |  8.19% |
|                F64 |        1 |   1000000 |   7280x |  72.520 us |  6.20% |  68.736 us |  2.80% |  14.548G | 116.387 GB/s | 36.36% |
|                F64 |        1 |  10000000 |   1472x | 344.166 us |  1.30% | 340.310 us |  0.61% |  29.385G | 235.080 GB/s | 73.45% |
|                F64 |        1 | 100000000 |    161x |   3.122 ms |  0.32% |   3.118 ms |  0.30% |  32.067G | 256.538 GB/s | 80.15% |
|                F64 |       11 |    100000 |   2864x | 179.334 us |  3.68% | 175.536 us |  2.95% | 569.682M |   4.558 GB/s |  1.42% |
|                F64 |       11 |   1000000 |    976x | 522.664 us |  1.43% | 518.874 us |  1.23% |   1.927G |  15.418 GB/s |  4.82% |
|                F64 |       11 |  10000000 |    240x |   2.087 ms |  0.21% |   2.084 ms |  0.13% |   4.799G |  38.395 GB/s | 12.00% |
|                F64 |       11 | 100000000 |    844x |  17.771 ms |  0.85% |  17.768 ms |  0.85% |   5.628G |  45.026 GB/s | 14.07% |
|                F64 |       12 |    100000 |   2880x | 177.529 us |  2.50% | 173.753 us |  1.18% | 575.529M |   4.604 GB/s |  1.44% |
|                F64 |       12 |   1000000 |    976x | 522.970 us |  1.43% | 519.117 us |  1.22% |   1.926G |  15.411 GB/s |  4.81% |
|                F64 |       12 |  10000000 |    240x |   2.090 ms |  0.37% |   2.086 ms |  0.32% |   4.794G |  38.354 GB/s | 11.98% |
|                F64 |       12 | 100000000 |    844x |  17.766 ms |  0.77% |  17.763 ms |  0.77% |   5.630G |  45.038 GB/s | 14.07% |
|                F64 |        9 |    100000 |  13136x |  41.914 us | 11.57% |  38.091 us |  5.62% |   2.625G |  21.002 GB/s |  6.56% |
|                F64 |        9 |   1000000 |   6512x |  80.719 us |  6.15% |  76.880 us |  3.48% |  13.007G | 104.058 GB/s | 32.51% |
|                F64 |        9 |  10000000 |   1504x | 352.820 us |  1.46% | 349.012 us |  0.97% |  28.652G | 229.218 GB/s | 71.62% |
|                F64 |        9 | 100000000 |    160x |   3.131 ms |  0.26% |   3.127 ms |  0.22% |  31.977G | 255.820 GB/s | 79.93% |
| cudf::timestamp_ms |        2 |    100000 |  16416x |  34.218 us | 16.75% |  30.466 us | 11.11% |   3.282G |  26.259 GB/s |  8.20% |
| cudf::timestamp_ms |        2 |   1000000 |   7328x |  72.108 us |  6.48% |  68.252 us |  3.00% |  14.652G | 117.212 GB/s | 36.62% |
| cudf::timestamp_ms |        2 |  10000000 |   2688x | 339.309 us |  1.81% | 335.580 us |  1.40% |  29.799G | 238.393 GB/s | 74.48% |
| cudf::timestamp_ms |        2 | 100000000 |    163x |   3.076 ms |  0.20% |   3.072 ms |  0.15% |  32.554G | 260.430 GB/s | 81.37% |

## scan

### [0] Tesla T4

| DataType | nulls |   size    | Samples |  CPU Time  | Noise  |  GPU Time  | Noise  | Elem/s  | GlobalMem BW | BWUtil |
|----------|-------|-----------|---------|------------|--------|------------|--------|---------|--------------|--------|
|       I8 |     0 |    100000 |  18096x |  31.472 us | 16.98% |  27.654 us |  9.65% |  3.616G |   3.616 GB/s |  1.13% |
|       I8 |   0.1 |    100000 |  17632x |  32.156 us | 15.41% |  28.361 us |  7.50% |  3.526G |   3.526 GB/s |  1.10% |
|       I8 |     0 |   1000000 |  13104x |  41.954 us | 14.59% |  38.172 us | 10.58% | 26.197G |  26.197 GB/s |  8.18% |
|       I8 |   0.1 |   1000000 |  13488x |  40.869 us | 11.39% |  37.087 us |  5.07% | 26.963G |  26.963 GB/s |  8.42% |
|       I8 |     0 |  10000000 |   3824x | 134.791 us |  3.87% | 130.896 us |  2.38% | 76.397G |  76.397 GB/s | 23.87% |
|       I8 |   0.1 |  10000000 |   3328x | 154.358 us |  3.54% | 150.249 us |  2.23% | 66.556G |  66.556 GB/s | 20.79% |
|       I8 |     0 | 100000000 |    928x |   1.196 ms |  1.04% |   1.192 ms |  0.98% | 83.866G |  83.866 GB/s | 26.20% |
|       I8 |   0.1 | 100000000 |   1088x |   1.449 ms |  1.62% |   1.445 ms |  1.59% | 69.201G |  69.201 GB/s | 21.62% |
|      I32 |     0 |    100000 |  17440x |  32.481 us | 17.00% |  28.675 us | 10.43% |  3.487G |  13.950 GB/s |  4.36% |
|      I32 |   0.1 |    100000 |  17648x |  32.132 us | 15.45% |  28.346 us |  7.67% |  3.528G |  14.112 GB/s |  4.41% |
|      I32 |     0 |   1000000 |   8720x |  61.176 us |  7.37% |  57.409 us |  3.32% | 17.419G |  69.676 GB/s | 21.77% |
|      I32 |   0.1 |   1000000 |   8544x |  62.269 us |  7.22% |  58.583 us |  3.49% | 17.070G |  68.280 GB/s | 21.33% |
|      I32 |     0 |  10000000 |   1616x | 376.281 us |  1.30% | 372.496 us |  0.81% | 26.846G | 107.384 GB/s | 33.55% |
|      I32 |   0.1 |  10000000 |   1360x | 375.575 us |  1.20% | 371.804 us |  0.63% | 26.896G | 107.584 GB/s | 33.61% |
|      I32 |     0 | 100000000 |    384x |   3.561 ms |  0.51% |   3.557 ms |  0.50% | 28.112G | 112.448 GB/s | 35.13% |
|      I32 |   0.1 | 100000000 |    260x |   3.555 ms |  0.51% |   3.551 ms |  0.50% | 28.158G | 112.631 GB/s | 35.19% |
|      U64 |     0 |    100000 |  15376x |  36.273 us | 15.98% |  32.534 us | 10.88% |  3.074G |  24.590 GB/s |  7.68% |
|      U64 |   0.1 |    100000 |  15648x |  35.689 us | 13.10% |  31.977 us |  5.94% |  3.127G |  25.018 GB/s |  7.82% |
|      U64 |     0 |   1000000 |   5488x |  95.131 us |  6.52% |  91.365 us |  5.01% | 10.945G |  87.561 GB/s | 27.36% |
|      U64 |   0.1 |   1000000 |   5600x |  93.080 us |  4.88% |  89.317 us |  2.35% | 11.196G |  89.569 GB/s | 27.98% |
|      U64 |     0 |  10000000 |    705x | 713.786 us |  0.64% | 710.035 us |  0.36% | 14.084G | 112.670 GB/s | 35.20% |
|      U64 |   0.1 |  10000000 |    710x | 708.132 us |  0.69% | 704.311 us |  0.43% | 14.198G | 113.586 GB/s | 35.49% |
|      U64 |     0 | 100000000 |    181x |   6.935 ms |  0.50% |   6.931 ms |  0.50% | 14.429G | 115.429 GB/s | 36.06% |
|      U64 |   0.1 | 100000000 |     94x |   6.885 ms |  0.50% |   6.882 ms |  0.50% | 14.532G | 116.252 GB/s | 36.32% |
|      F32 |     0 |    100000 |  17536x |  32.327 us | 15.44% |  28.532 us |  7.64% |  3.505G |  14.020 GB/s |  4.38% |
|      F32 |   0.1 |    100000 |  17536x |  32.303 us | 15.17% |  28.519 us |  7.09% |  3.506G |  14.026 GB/s |  4.38% |
|      F32 |     0 |   1000000 |   8704x |  61.258 us |  7.36% |  57.509 us |  3.38% | 17.389G |  69.555 GB/s | 21.73% |
|      F32 |   0.1 |   1000000 |   8480x |  62.673 us |  7.14% |  59.025 us |  3.57% | 16.942G |  67.768 GB/s | 21.17% |
|      F32 |     0 |  10000000 |   1616x | 374.482 us |  1.29% | 370.712 us |  0.78% | 26.975G | 107.901 GB/s | 33.71% |
|      F32 |   0.1 |  10000000 |   1360x | 374.177 us |  1.23% | 370.321 us |  0.65% | 27.004G | 108.015 GB/s | 33.75% |
|      F32 |     0 | 100000000 |    142x |   3.532 ms |  0.46% |   3.528 ms |  0.44% | 28.347G | 113.389 GB/s | 35.43% |
|      F32 |   0.1 | 100000000 |    142x |   3.526 ms |  0.39% |   3.522 ms |  0.37% | 28.392G | 113.569 GB/s | 35.48% |
|      I16 |     0 |    100000 |  18000x |  31.579 us | 15.29% |  27.791 us |  6.70% |  3.598G |   7.197 GB/s |  2.25% |
|      I16 |   0.1 |    100000 |  17312x |  32.657 us | 16.40% |  28.891 us |  9.83% |  3.461G |   6.923 GB/s |  2.16% |
|      I16 |     0 |   1000000 |  12224x |  44.658 us | 10.26% |  40.905 us |  4.53% | 24.447G |  48.893 GB/s | 15.28% |
|      I16 |   0.1 |   1000000 |  12144x |  44.992 us | 12.49% |  41.210 us |  8.44% | 24.266G |  48.532 GB/s | 15.16% |
|      I16 |     0 |  10000000 |   2496x | 204.690 us |  2.12% | 200.918 us |  0.95% | 49.772G |  99.543 GB/s | 31.10% |
|      I16 |   0.1 |  10000000 |   2432x | 209.715 us |  2.20% | 205.832 us |  1.11% | 48.583G |  97.167 GB/s | 30.36% |
|      I16 |     0 | 100000000 |    272x |   1.843 ms |  0.47% |   1.840 ms |  0.41% | 54.361G | 108.722 GB/s | 33.97% |
|      I16 |   0.1 | 100000000 |    267x |   1.882 ms |  0.26% |   1.878 ms |  0.14% | 53.254G | 106.509 GB/s | 33.28% |
|      U32 |     0 |    100000 |  17504x |  32.370 us | 14.95% |  28.591 us |  6.73% |  3.498G |  13.991 GB/s |  4.37% |
|      U32 |   0.1 |    100000 |  17440x |  32.441 us | 16.50% |  28.688 us |  9.96% |  3.486G |  13.943 GB/s |  4.36% |
|      U32 |     0 |   1000000 |   9152x |  61.675 us |  7.89% |  57.930 us |  4.43% | 17.262G |  69.049 GB/s | 21.57% |
|      U32 |   0.1 |   1000000 |   8512x |  62.424 us |  7.17% |  58.755 us |  3.49% | 17.020G |  68.079 GB/s | 21.27% |
|      U32 |     0 |  10000000 |   1344x | 376.182 us |  1.23% | 372.406 us |  0.68% | 26.852G | 107.410 GB/s | 33.56% |
|      U32 |   0.1 |  10000000 |   1360x | 375.797 us |  1.25% | 371.997 us |  0.68% | 26.882G | 107.528 GB/s | 33.60% |
|      U32 |     0 | 100000000 |    344x |   3.560 ms |  0.51% |   3.556 ms |  0.50% | 28.119G | 112.475 GB/s | 35.14% |
|      U32 |   0.1 | 100000000 |    230x |   3.558 ms |  0.51% |   3.554 ms |  0.50% | 28.137G | 112.550 GB/s | 35.16% |
|      F64 |     0 |    100000 |  14528x |  38.246 us | 12.36% |  34.451 us |  5.44% |  2.903G |  23.221 GB/s |  7.26% |
|      F64 |   0.1 |    100000 |  14448x |  38.416 us | 12.62% |  34.629 us |  6.21% |  2.888G |  23.102 GB/s |  7.22% |
|      F64 |     0 |   1000000 |   5184x | 100.424 us |  4.46% |  96.717 us |  2.26% | 10.339G |  82.716 GB/s | 25.84% |
|      F64 |   0.1 |   1000000 |   5344x |  97.492 us |  4.55% |  93.784 us |  2.21% | 10.663G |  85.302 GB/s | 26.65% |
|      F64 |     0 |  10000000 |    704x | 719.469 us |  0.89% | 715.617 us |  0.71% | 13.974G | 111.792 GB/s | 34.93% |
|      F64 |   0.1 |  10000000 |   1664x | 705.178 us |  0.81% | 701.297 us |  0.59% | 14.259G | 114.074 GB/s | 35.64% |
|      F64 |     0 | 100000000 |     73x |   6.946 ms |  0.26% |   6.943 ms |  0.26% | 14.404G | 115.229 GB/s | 36.00% |
|      F64 |   0.1 | 100000000 |     74x |   6.799 ms |  0.20% |   6.795 ms |  0.18% | 14.717G | 117.734 GB/s | 36.78% |

## structs_scan

### [0] Tesla T4

| null_probability | null_policy | data_size | Samples |  CPU Time  | Noise |  GPU Time  | Noise |  Elem/s  | GlobalMem BW | BWUtil |
|------------------|-------------|-----------|---------|------------|-------|------------|-------|----------|--------------|--------|
|                0 |           0 |     10000 |   1968x | 714.227 us | 1.72% | 710.411 us | 1.63% |  14.076M |   2.781 GB/s |  0.87% |
|              0.1 |           0 |     10000 |   3072x |   2.475 ms | 3.67% |   2.471 ms | 3.66% |   4.047M | 608.240 MB/s |  0.19% |
|              0.5 |           0 |     10000 |   2016x |   2.380 ms | 2.94% |   2.376 ms | 2.94% |   4.210M | 332.183 MB/s |  0.10% |
|              0.9 |           0 |     10000 |   2096x |   1.912 ms | 2.62% |   1.908 ms | 2.61% |   5.240M | 348.560 MB/s |  0.11% |
|                0 |           1 |     10000 |   2288x | 714.072 us | 1.69% | 710.286 us | 1.60% |  14.079M |   2.782 GB/s |  0.87% |
|              0.1 |           1 |     10000 |   2608x |   2.471 ms | 3.78% |   2.467 ms | 3.77% |   4.054M | 465.911 MB/s |  0.15% |
|              0.5 |           1 |     10000 |    768x |   2.377 ms | 0.93% |   2.373 ms | 0.91% |   4.214M | 328.658 MB/s |  0.10% |
|              0.9 |           1 |     10000 |   2272x |   1.967 ms | 5.28% |   1.963 ms | 5.27% |   5.095M | 338.931 MB/s |  0.11% |
|                0 |           0 |    100000 |    528x | 982.212 us | 0.95% | 978.281 us | 0.84% | 102.220M |  19.149 GB/s |  5.98% |
|              0.1 |           0 |    100000 |   2608x |   2.804 ms | 3.42% |   2.800 ms | 3.42% |  35.718M |   4.965 GB/s |  1.55% |
|              0.5 |           0 |    100000 |   2768x |   2.539 ms | 4.50% |   2.535 ms | 4.49% |  39.451M |   3.084 GB/s |  0.96% |
|              0.9 |           0 |    100000 |   2528x |   2.026 ms | 3.15% |   2.022 ms | 3.15% |  49.463M |   3.291 GB/s |  1.03% |
|                0 |           1 |    100000 |    720x | 980.547 us | 0.90% | 976.634 us | 0.80% | 102.392M |  19.181 GB/s |  5.99% |
|              0.1 |           1 |    100000 |   1488x |   2.738 ms | 1.44% |   2.734 ms | 1.43% |  36.573M |   4.191 GB/s |  1.31% |
|              0.5 |           1 |    100000 |   2736x |   2.569 ms | 2.25% |   2.565 ms | 2.24% |  38.985M |   3.044 GB/s |  0.95% |
|              0.9 |           1 |    100000 |   2976x |   2.067 ms | 3.39% |   2.063 ms | 3.39% |  48.481M |   3.225 GB/s |  1.01% |
|                0 |           0 |   1000000 |   1440x |   5.947 ms | 1.06% |   5.943 ms | 1.06% | 168.268M |  30.391 GB/s |  9.50% |
|              0.1 |           0 |   1000000 |   1104x |   8.384 ms | 1.30% |   8.380 ms | 1.30% | 119.336M |  15.948 GB/s |  4.98% |
|              0.5 |           0 |   1000000 |   1920x |   6.105 ms | 1.57% |   6.101 ms | 1.56% | 163.908M |  12.795 GB/s |  4.00% |
|              0.9 |           0 |   1000000 |   1728x |   4.706 ms | 1.21% |   4.702 ms | 1.20% | 212.665M |  14.149 GB/s |  4.42% |
|                0 |           1 |   1000000 |   1472x |   5.974 ms | 1.03% |   5.970 ms | 1.03% | 167.501M |  30.252 GB/s |  9.45% |
|              0.1 |           1 |   1000000 |    896x |   7.510 ms | 1.25% |   7.506 ms | 1.25% | 133.229M |  15.272 GB/s |  4.77% |
|              0.5 |           1 |   1000000 |   1824x |   6.142 ms | 1.61% |   6.138 ms | 1.61% | 162.920M |  12.716 GB/s |  3.97% |
|              0.9 |           1 |   1000000 |    160x |   4.765 ms | 0.63% |   4.761 ms | 0.63% | 210.052M |  13.975 GB/s |  4.37% |
|                0 |           0 |  10000000 |    112x |  50.063 ms | 0.89% |  50.059 ms | 0.89% | 199.766M |  32.990 GB/s | 10.31% |
|              0.1 |           0 |  10000000 |    128x |  58.685 ms | 0.74% |  58.681 ms | 0.74% | 170.414M |  21.436 GB/s |  6.70% |
|              0.5 |           0 |  10000000 |     34x |  41.848 ms | 0.50% |  41.844 ms | 0.50% | 238.985M |  18.646 GB/s |  5.83% |
|              0.9 |           0 |  10000000 |    492x |  30.522 ms | 0.62% |  30.518 ms | 0.62% | 327.676M |  21.801 GB/s |  6.81% |
|                0 |           1 |  10000000 |    112x |  50.216 ms | 0.96% |  50.212 ms | 0.96% | 199.155M |  32.889 GB/s | 10.28% |
|              0.1 |           1 |  10000000 |     80x |  53.400 ms | 1.19% |  53.396 ms | 1.19% | 187.279M |  21.468 GB/s |  6.71% |
|              0.5 |           1 |  10000000 |     48x |  41.845 ms | 0.50% |  41.840 ms | 0.50% | 239.004M |  18.647 GB/s |  5.83% |
|              0.9 |           1 |  10000000 |    491x |  30.565 ms | 0.58% |  30.561 ms | 0.58% | 327.214M |  21.770 GB/s |  6.80% |

## segmented_reduction

### [0] Tesla T4

| DataType | AggregationKinds | column_size | num_segments | Samples |  CPU Time  | Noise  |  GPU Time  | Noise  |  Elem/s  | GlobalMem BW | BWUtil |
|----------|------------------|-------------|--------------|---------|------------|--------|------------|--------|----------|--------------|--------|
|     bool |                0 |      100000 |         1000 |  13888x |  40.181 us | 15.86% |  36.041 us | 10.65% |   2.775G |   2.802 GB/s |  0.88% |
|     bool |                0 |     1000000 |         1000 |  11968x |  45.887 us | 11.20% |  41.807 us |  5.38% |  23.919G |  23.943 GB/s |  7.48% |
|     bool |                0 |    10000000 |         1000 |   5952x |  88.325 us |  6.49% |  84.148 us |  3.99% | 118.839G | 118.851 GB/s | 37.13% |
|     bool |                0 |   100000000 |         1000 |   1104x | 477.055 us |  1.23% | 472.620 us |  0.79% | 211.586G | 211.588 GB/s | 66.11% |
|     bool |                0 |      100000 |        10000 |   4800x | 108.418 us |  5.08% | 104.303 us |  3.12% | 958.746M |   1.055 GB/s |  0.33% |
|     bool |                0 |     1000000 |        10000 |   4704x | 110.512 us |  5.44% | 106.386 us |  3.77% |   9.400G |   9.494 GB/s |  2.97% |
|     bool |                0 |    10000000 |        10000 |   2928x | 176.036 us |  3.12% | 171.671 us |  1.76% |  58.251G |  58.309 GB/s | 18.22% |
|     bool |                0 |   100000000 |        10000 |   1232x | 481.387 us |  1.18% | 476.873 us |  0.70% | 209.699G | 209.720 GB/s | 65.52% |
|     bool |                0 |      100000 |       100000 |   2320x | 787.222 us |  2.13% | 782.998 us |  2.06% | 127.714M | 255.429 MB/s |  0.08% |
|     bool |                0 |     1000000 |       100000 |    896x | 815.228 us |  0.98% | 811.033 us |  0.83% |   1.233G |   1.356 GB/s |  0.42% |
|     bool |                0 |    10000000 |       100000 |    656x | 871.771 us |  1.02% | 867.487 us |  0.89% |  11.528G |  11.643 GB/s |  3.64% |
|     bool |                0 |   100000000 |       100000 |    672x |   1.526 ms |  0.92% |   1.521 ms |  0.87% |  65.728G |  65.793 GB/s | 20.56% |
|     bool |                1 |      100000 |         1000 |  14080x |  39.726 us | 13.22% |  35.545 us |  5.77% |   2.813G |   2.841 GB/s |  0.89% |
|     bool |                1 |     1000000 |         1000 |  11824x |  47.934 us | 11.24% |  43.794 us |  5.91% |  22.834G |  22.857 GB/s |  7.14% |
|     bool |                1 |    10000000 |         1000 |   6000x |  87.698 us |  5.69% |  83.445 us |  2.46% | 119.840G | 119.852 GB/s | 37.45% |
|     bool |                1 |   100000000 |         1000 |   1071x | 471.637 us |  1.07% | 467.234 us |  0.48% | 214.026G | 214.028 GB/s | 66.87% |
|     bool |                1 |      100000 |        10000 |   4832x | 107.768 us |  4.86% | 103.612 us |  2.67% | 965.141M |   1.062 GB/s |  0.33% |
|     bool |                1 |     1000000 |        10000 |   4720x | 110.204 us |  4.80% | 106.002 us |  2.67% |   9.434G |   9.528 GB/s |  2.98% |
|     bool |                1 |    10000000 |        10000 |   2640x | 194.002 us |  2.61% | 189.669 us |  1.25% |  52.723G |  52.776 GB/s | 16.49% |
|     bool |                1 |   100000000 |        10000 |   1072x | 473.591 us |  1.19% | 469.095 us |  0.68% | 213.177G | 213.198 GB/s | 66.61% |
|     bool |                1 |      100000 |       100000 |   2096x | 784.338 us |  1.69% | 780.097 us |  1.59% | 128.189M | 256.378 MB/s |  0.08% |
|     bool |                1 |     1000000 |       100000 |   1760x | 815.531 us |  0.91% | 811.297 us |  0.74% |   1.233G |   1.356 GB/s |  0.42% |
|     bool |                1 |    10000000 |       100000 |    832x | 872.154 us |  0.98% | 867.852 us |  0.84% |  11.523G |  11.638 GB/s |  3.64% |
|     bool |                1 |   100000000 |       100000 |   1024x |   1.685 ms |  0.86% |   1.680 ms |  0.82% |  59.522G |  59.582 GB/s | 18.62% |
|     bool |                2 |      100000 |         1000 |  13920x |  40.092 us | 13.71% |  35.944 us |  7.15% |   2.782G |   2.810 GB/s |  0.88% |
|     bool |                2 |     1000000 |         1000 |  11904x |  46.193 us | 10.93% |  42.049 us |  4.52% |  23.782G |  23.805 GB/s |  7.44% |
|     bool |                2 |    10000000 |         1000 |   5856x |  89.724 us |  7.34% |  85.501 us |  5.35% | 116.958G | 116.970 GB/s | 36.55% |
|     bool |                2 |   100000000 |         1000 |   1136x | 470.026 us |  1.12% | 465.541 us |  0.54% | 214.804G | 214.806 GB/s | 67.11% |
|     bool |                2 |      100000 |        10000 |   4704x | 110.766 us |  5.40% | 106.589 us |  3.59% | 938.181M |   1.032 GB/s |  0.32% |
|     bool |                2 |     1000000 |        10000 |   4592x | 113.082 us |  6.07% | 108.949 us |  4.70% |   9.179G |   9.270 GB/s |  2.90% |
|     bool |                2 |    10000000 |        10000 |   2864x | 179.636 us |  3.19% | 175.287 us |  1.94% |  57.049G |  57.106 GB/s | 17.84% |
|     bool |                2 |   100000000 |        10000 |   1040x | 487.156 us |  1.17% | 482.497 us |  0.64% | 207.255G | 207.276 GB/s | 64.76% |
|     bool |                2 |      100000 |       100000 |   2880x | 801.378 us |  1.74% | 797.054 us |  1.65% | 125.462M | 250.924 MB/s |  0.08% |
|     bool |                2 |     1000000 |       100000 |   1120x | 835.728 us |  1.06% | 831.478 us |  0.92% |   1.203G |   1.323 GB/s |  0.41% |
|     bool |                2 |    10000000 |       100000 |   1056x | 891.279 us |  0.95% | 886.986 us |  0.82% |  11.274G |  11.387 GB/s |  3.56% |
|     bool |                2 |   100000000 |       100000 |    848x |   1.558 ms |  0.94% |   1.554 ms |  0.89% |  64.356G |  64.421 GB/s | 20.13% |
|     bool |                7 |      100000 |         1000 |  13984x |  39.928 us | 13.39% |  35.761 us |  6.36% |   2.796G |   2.824 GB/s |  0.88% |
|     bool |                7 |     1000000 |         1000 |  11904x |  46.154 us | 10.90% |  42.011 us |  4.64% |  23.803G |  23.827 GB/s |  7.44% |
|     bool |                7 |    10000000 |         1000 |   5888x |  89.174 us |  5.72% |  84.928 us |  2.70% | 117.747G | 117.759 GB/s | 36.79% |
|     bool |                7 |   100000000 |         1000 |   1984x | 471.237 us |  1.37% | 466.692 us |  0.95% | 214.274G | 214.276 GB/s | 66.95% |
|     bool |                7 |      100000 |        10000 |   4704x | 110.777 us |  5.14% | 106.577 us |  3.22% | 938.289M |   1.032 GB/s |  0.32% |
|     bool |                7 |     1000000 |        10000 |   4624x | 112.359 us |  4.49% | 108.211 us |  2.27% |   9.241G |   9.334 GB/s |  2.92% |
|     bool |                7 |    10000000 |        10000 |   2864x | 179.685 us |  3.21% | 175.380 us |  2.04% |  57.019G |  57.076 GB/s | 17.83% |
|     bool |                7 |   100000000 |        10000 |   1152x | 486.751 us |  1.15% | 482.168 us |  0.64% | 207.397G | 207.417 GB/s | 64.80% |
|     bool |                7 |      100000 |       100000 |   2912x | 800.525 us |  1.82% | 796.262 us |  1.73% | 125.587M | 251.174 MB/s |  0.08% |
|     bool |                7 |     1000000 |       100000 |    784x | 834.488 us |  1.03% | 830.383 us |  0.90% |   1.204G |   1.325 GB/s |  0.41% |
|     bool |                7 |    10000000 |       100000 |   1600x | 892.824 us |  1.17% | 888.409 us |  1.05% |  11.256G |  11.369 GB/s |  3.55% |
|     bool |                7 |   100000000 |       100000 |   1072x |   1.557 ms |  0.87% |   1.553 ms |  0.81% |  64.391G |  64.455 GB/s | 20.14% |
|     bool |                9 |      100000 |         1000 |   7712x |  69.005 us |  8.61% |  64.862 us |  5.61% |   1.542G |   1.557 GB/s |  0.49% |
|     bool |                9 |     1000000 |         1000 |   6048x |  86.941 us |  5.96% |  82.848 us |  3.25% |  12.070G |  12.082 GB/s |  3.77% |
|     bool |                9 |    10000000 |         1000 |   2048x | 249.230 us |  2.14% | 245.103 us |  1.31% |  40.799G |  40.803 GB/s | 12.75% |
|     bool |                9 |   100000000 |         1000 |   3088x |   1.850 ms |  1.42% |   1.846 ms |  1.40% |  54.173G |  54.173 GB/s | 16.93% |
|     bool |                9 |      100000 |        10000 |   2384x | 224.720 us |  2.25% | 220.606 us |  1.22% | 453.296M | 498.626 MB/s |  0.16% |
|     bool |                9 |     1000000 |        10000 |   2208x | 230.800 us |  2.65% | 226.704 us |  1.92% |   4.411G |   4.455 GB/s |  1.39% |
|     bool |                9 |    10000000 |        10000 |   1264x | 400.999 us |  1.97% | 396.885 us |  1.67% |  25.196G |  25.221 GB/s |  7.88% |
|     bool |                9 |   100000000 |        10000 |   3120x |   2.008 ms |  1.25% |   2.004 ms |  1.23% |  49.892G |  49.897 GB/s | 15.59% |
|     bool |                9 |      100000 |       100000 |    281x |   1.784 ms |  0.33% |   1.780 ms |  0.24% |  56.174M | 112.349 MB/s |  0.04% |
|     bool |                9 |     1000000 |       100000 |    280x |   1.795 ms |  0.41% |   1.791 ms |  0.35% | 558.327M | 614.160 MB/s |  0.19% |
|     bool |                9 |    10000000 |       100000 |    267x |   1.879 ms |  0.26% |   1.875 ms |  0.15% |   5.333G |   5.387 GB/s |  1.68% |
|     bool |                9 |   100000000 |       100000 |   2720x |   3.505 ms |  1.04% |   3.501 ms |  1.03% |  28.564G |  28.592 GB/s |  8.93% |
|     bool |               11 |      100000 |         1000 |   2016x | 252.847 us |  2.20% | 248.722 us |  1.43% | 402.055M | 406.076 MB/s |  0.13% |
|     bool |               11 |     1000000 |         1000 |    976x | 595.830 us |  1.02% | 591.750 us |  0.76% |   1.690G |   1.692 GB/s |  0.53% |
|     bool |               11 |    10000000 |         1000 |    225x |   2.233 ms |  0.21% |   2.228 ms |  0.10% |   4.487G |   4.488 GB/s |  1.40% |
|     bool |               11 |   100000000 |         1000 |    800x |  18.751 ms |  0.53% |  18.747 ms |  0.53% |   5.334G |   5.334 GB/s |  1.67% |
|     bool |               11 |      100000 |        10000 |   1024x | 493.558 us |  1.07% | 489.348 us |  0.64% | 204.354M | 224.789 MB/s |  0.07% |
|     bool |               11 |     1000000 |        10000 |    265x |   1.892 ms |  0.26% |   1.888 ms |  0.15% | 529.645M | 534.941 MB/s |  0.17% |
|     bool |               11 |    10000000 |        10000 |     95x |   5.311 ms |  0.47% |   5.307 ms |  0.46% |   1.884G |   1.886 GB/s |  0.59% |
|     bool |               11 |   100000000 |        10000 |    687x |  21.831 ms |  0.52% |  21.827 ms |  0.52% |   4.581G |   4.582 GB/s |  1.43% |
|     bool |               11 |      100000 |       100000 |   1872x |   1.096 ms |  1.45% |   1.091 ms |  1.39% |  91.646M | 183.292 MB/s |  0.06% |
|     bool |               11 |     1000000 |       100000 |   2669x |   4.425 ms |  0.51% |   4.421 ms |  0.50% | 226.199M | 248.818 MB/s |  0.08% |
|     bool |               11 |    10000000 |       100000 |    180x |  18.341 ms |  0.50% |  18.337 ms |  0.50% | 545.352M | 550.806 MB/s |  0.17% |
|     bool |               11 |   100000000 |       100000 |     94x |  52.448 ms |  0.50% |  52.444 ms |  0.50% |   1.907G |   1.909 GB/s |  0.60% |
|     bool |               17 |      100000 |         1000 |   5360x |  97.462 us |  5.83% |  93.317 us |  3.75% |   1.072G |   1.082 GB/s |  0.34% |
|     bool |               17 |     1000000 |         1000 |   2720x | 188.048 us |  5.86% | 183.941 us |  5.42% |   5.437G |   5.442 GB/s |  1.70% |
|     bool |               17 |    10000000 |         1000 |    494x |   1.205 ms |  0.62% |   1.200 ms |  0.50% |   8.331G |   8.332 GB/s |  2.60% |
|     bool |               17 |   100000000 |         1000 |     45x |  11.140 ms |  0.38% |  11.136 ms |  0.38% |   8.980G |   8.980 GB/s |  2.81% |
|     bool |               17 |      100000 |        10000 |   3888x | 144.901 us |  4.78% | 140.701 us |  3.69% | 710.728M | 781.800 MB/s |  0.24% |
|     bool |               17 |     1000000 |        10000 |   2112x | 241.337 us |  2.32% | 237.124 us |  1.47% |   4.217G |   4.259 GB/s |  1.33% |
|     bool |               17 |    10000000 |        10000 |    535x |   1.251 ms |  0.61% |   1.247 ms |  0.50% |   8.018G |   8.026 GB/s |  2.51% |
|     bool |               17 |   100000000 |        10000 |     45x |  11.244 ms |  0.44% |  11.240 ms |  0.44% |   8.897G |   8.898 GB/s |  2.78% |
|     bool |               17 |      100000 |       100000 |   2080x | 625.002 us |  1.99% | 620.712 us |  1.86% | 161.105M | 322.211 MB/s |  0.10% |
|     bool |               17 |     1000000 |       100000 |   1520x | 897.213 us |  1.01% | 893.009 us |  0.89% |   1.120G |   1.232 GB/s |  0.38% |
|     bool |               17 |    10000000 |       100000 |   1616x |   1.960 ms |  0.69% |   1.956 ms |  0.65% |   5.113G |   5.164 GB/s |  1.61% |
|     bool |               17 |   100000000 |       100000 |     43x |  11.823 ms |  0.45% |  11.818 ms |  0.45% |   8.461G |   8.470 GB/s |  2.65% |
|      I32 |                0 |      100000 |         1000 |  14384x |  39.001 us | 13.61% |  34.795 us |  6.00% |   2.874G |  11.611 GB/s |  3.63% |
|      I32 |                0 |     1000000 |         1000 |   9456x |  57.129 us |  9.67% |  52.952 us |  5.41% |  18.885G |  75.616 GB/s | 23.63% |
|      I32 |                0 |    10000000 |         1000 |   2560x | 199.910 us |  2.42% | 195.653 us |  1.03% |  51.111G | 204.464 GB/s | 63.88% |
|      I32 |                0 |   100000000 |         1000 |    289x |   1.737 ms |  0.55% |   1.733 ms |  0.48% |  57.708G | 230.836 GB/s | 72.12% |
|      I32 |                0 |      100000 |        10000 |   5184x | 100.827 us |  5.23% |  96.634 us |  2.90% |   1.035G |   4.553 GB/s |  1.42% |
|      I32 |                0 |     1000000 |        10000 |   4832x | 107.940 us |  4.52% | 103.743 us |  1.93% |   9.639G |  38.942 GB/s | 12.17% |
|      I32 |                0 |    10000000 |        10000 |   2416x | 212.218 us |  2.31% | 207.907 us |  1.00% |  48.098G | 192.586 GB/s | 60.17% |
|      I32 |                0 |   100000000 |        10000 |    321x |   1.566 ms |  0.35% |   1.561 ms |  0.19% |  64.055G | 256.244 GB/s | 80.06% |
|      I32 |                0 |      100000 |       100000 |    720x | 705.410 us |  1.11% | 701.215 us |  0.92% | 142.610M |   1.141 GB/s |  0.36% |
|      I32 |                0 |     1000000 |       100000 |    688x | 739.193 us |  0.82% | 734.991 us |  0.58% |   1.361G |   5.986 GB/s |  1.87% |
|      I32 |                0 |    10000000 |       100000 |    704x | 796.057 us |  1.60% | 791.676 us |  1.50% |  12.631G |  51.031 GB/s | 15.94% |
|      I32 |                0 |   100000000 |       100000 |    698x |   1.790 ms |  0.56% |   1.786 ms |  0.50% |  56.005G | 224.246 GB/s | 70.06% |
|      I32 |                1 |      100000 |         1000 |  14448x |  38.786 us | 13.68% |  34.609 us |  6.14% |   2.889G |  11.673 GB/s |  3.65% |
|      I32 |                1 |     1000000 |         1000 |   9504x |  56.856 us | 10.93% |  52.643 us |  7.38% |  18.996G |  76.060 GB/s | 23.76% |
|      I32 |                1 |    10000000 |         1000 |   2560x | 199.946 us |  2.42% | 195.706 us |  1.05% |  51.097G | 204.409 GB/s | 63.87% |
|      I32 |                1 |   100000000 |         1000 |    289x |   1.736 ms |  0.54% |   1.731 ms |  0.47% |  57.755G | 231.023 GB/s | 72.18% |
|      I32 |                1 |      100000 |        10000 |   5152x | 101.490 us |  6.82% |  97.271 us |  5.17% |   1.028G |   4.523 GB/s |  1.41% |
|      I32 |                1 |     1000000 |        10000 |   4832x | 107.807 us |  4.50% | 103.610 us |  1.88% |   9.652G |  38.992 GB/s | 12.18% |
|      I32 |                1 |    10000000 |        10000 |   2416x | 212.647 us |  2.37% | 208.321 us |  1.11% |  48.003G | 192.203 GB/s | 60.05% |
|      I32 |                1 |   100000000 |        10000 |    487x |   1.568 ms |  0.57% |   1.563 ms |  0.50% |  63.961G | 255.871 GB/s | 79.94% |
|      I32 |                1 |      100000 |       100000 |    992x | 707.424 us |  0.94% | 703.142 us |  0.71% | 142.219M |   1.138 GB/s |  0.36% |
|      I32 |                1 |     1000000 |       100000 |   1520x | 741.325 us |  0.99% | 737.052 us |  0.80% |   1.357G |   5.970 GB/s |  1.87% |
|      I32 |                1 |    10000000 |       100000 |   1328x | 810.922 us |  1.19% | 806.548 us |  1.05% |  12.399G |  50.090 GB/s | 15.65% |
|      I32 |                1 |   100000000 |       100000 |    543x |   1.793 ms |  0.56% |   1.789 ms |  0.50% |  55.905G | 223.845 GB/s | 69.94% |
|      I32 |                2 |      100000 |         1000 |  14336x |  39.132 us | 13.52% |  34.895 us |  5.77% |   2.866G |  11.577 GB/s |  3.62% |
|      I32 |                2 |     1000000 |         1000 |   9520x |  56.755 us |  9.80% |  52.540 us |  5.54% |  19.033G |  76.208 GB/s | 23.81% |
|      I32 |                2 |    10000000 |         1000 |   2560x | 199.926 us |  2.47% | 195.681 us |  1.12% |  51.104G | 204.435 GB/s | 63.87% |
|      I32 |                2 |   100000000 |         1000 |    289x |   1.736 ms |  0.52% |   1.732 ms |  0.46% |  57.749G | 231.000 GB/s | 72.17% |
|      I32 |                2 |      100000 |        10000 |   5056x | 103.390 us |  5.35% |  99.183 us |  3.09% |   1.008G |   4.436 GB/s |  1.39% |
|      I32 |                2 |     1000000 |        10000 |   4720x | 110.154 us |  4.48% | 105.998 us |  2.07% |   9.434G |  38.114 GB/s | 11.91% |
|      I32 |                2 |    10000000 |        10000 |   2400x | 213.119 us |  2.39% | 208.750 us |  1.12% |  47.904G | 191.808 GB/s | 59.93% |
|      I32 |                2 |   100000000 |        10000 |    586x |   1.568 ms |  0.57% |   1.564 ms |  0.50% |  63.940G | 255.784 GB/s | 79.92% |
|      I32 |                2 |      100000 |       100000 |   1952x | 733.179 us |  1.27% | 728.939 us |  1.12% | 137.186M |   1.097 GB/s |  0.34% |
|      I32 |                2 |     1000000 |       100000 |    656x | 769.098 us |  1.00% | 764.819 us |  0.82% |   1.307G |   5.753 GB/s |  1.80% |
|      I32 |                2 |    10000000 |       100000 |   1808x | 830.082 us |  1.02% | 825.633 us |  0.87% |  12.112G |  48.932 GB/s | 15.29% |
|      I32 |                2 |   100000000 |       100000 |    280x |   1.796 ms |  0.50% |   1.792 ms |  0.43% |  55.819G | 223.499 GB/s | 69.83% |
|      I32 |                7 |      100000 |         1000 |  13584x |  41.007 us | 13.53% |  36.846 us |  7.14% |   2.714G |  10.883 GB/s |  3.40% |
|      I32 |                7 |     1000000 |         1000 |   8992x |  59.752 us | 11.01% |  55.605 us |  7.96% |  17.984G |  71.954 GB/s | 22.48% |
|      I32 |                7 |    10000000 |         1000 |   2544x | 201.603 us |  2.46% | 197.394 us |  1.19% |  50.660G | 202.645 GB/s | 63.31% |
|      I32 |                7 |   100000000 |         1000 |    992x |   1.766 ms |  0.72% |   1.762 ms |  0.68% |  56.759G | 227.037 GB/s | 70.93% |
|      I32 |                7 |      100000 |        10000 |   4464x | 116.290 us |  4.31% | 112.138 us |  2.17% | 891.758M |   3.656 GB/s |  1.14% |
|      I32 |                7 |     1000000 |        10000 |   4336x | 124.602 us |  5.86% | 120.453 us |  4.70% |   8.302G |  33.291 GB/s | 10.40% |
|      I32 |                7 |    10000000 |        10000 |   2144x | 239.195 us |  2.18% | 234.822 us |  1.11% |  42.585G | 170.384 GB/s | 53.23% |
|      I32 |                7 |   100000000 |        10000 |    316x |   1.589 ms |  0.34% |   1.585 ms |  0.19% |  63.091G | 252.371 GB/s | 78.85% |
|      I32 |                7 |      100000 |       100000 |   1488x | 864.411 us |  1.09% | 860.247 us |  0.97% | 116.246M | 581.228 MB/s |  0.18% |
|      I32 |                7 |     1000000 |       100000 |    832x | 900.636 us |  0.98% | 896.416 us |  0.86% |   1.116G |   4.574 GB/s |  1.43% |
|      I32 |                7 |    10000000 |       100000 |    864x | 978.693 us |  1.32% | 974.275 us |  1.24% |  10.264G |  41.159 GB/s | 12.86% |
|      I32 |                7 |   100000000 |       100000 |    832x |   2.094 ms |  0.63% |   2.089 ms |  0.59% |  47.861G | 191.494 GB/s | 59.83% |
|      I32 |                9 |      100000 |         1000 |   7744x |  68.802 us |  8.13% |  64.621 us |  4.81% |   1.547G |   6.252 GB/s |  1.95% |
|      I32 |                9 |     1000000 |         1000 |   5776x |  90.977 us |  5.75% |  86.775 us |  3.09% |  11.524G |  46.142 GB/s | 14.42% |
|      I32 |                9 |    10000000 |         1000 |   1952x | 262.051 us |  2.08% | 257.789 us |  1.25% |  38.791G | 155.181 GB/s | 48.48% |
|      I32 |                9 |   100000000 |         1000 |   1152x |   2.057 ms |  1.54% |   2.053 ms |  1.52% |  48.708G | 194.835 GB/s | 60.87% |
|      I32 |                9 |      100000 |        10000 |   2272x | 225.399 us |  3.07% | 221.176 us |  2.37% | 452.128M |   1.989 GB/s |  0.62% |
|      I32 |                9 |     1000000 |        10000 |   2208x | 231.096 us |  2.06% | 226.884 us |  0.89% |   4.408G |  17.806 GB/s |  5.56% |
|      I32 |                9 |    10000000 |        10000 |   1904x | 409.348 us |  2.32% | 405.127 us |  2.06% |  24.684G |  98.833 GB/s | 30.88% |
|      I32 |                9 |   100000000 |        10000 |   2064x |   2.223 ms |  1.30% |   2.219 ms |  1.29% |  45.073G | 180.308 GB/s | 56.34% |
|      I32 |                9 |      100000 |       100000 |   2816x |   1.788 ms |  0.93% |   1.784 ms |  0.90% |  56.062M | 448.495 MB/s |  0.14% |
|      I32 |                9 |     1000000 |       100000 |    279x |   1.797 ms |  0.33% |   1.793 ms |  0.24% | 557.614M |   2.453 GB/s |  0.77% |
|      I32 |                9 |    10000000 |       100000 |   2944x |   1.888 ms |  0.78% |   1.884 ms |  0.75% |   5.309G |  21.447 GB/s |  6.70% |
|      I32 |                9 |   100000000 |       100000 |   2048x |   3.744 ms |  1.06% |   3.739 ms |  1.05% |  26.742G | 107.074 GB/s | 33.45% |
|      I32 |               11 |      100000 |         1000 |   1984x | 256.884 us |  2.74% | 252.705 us |  2.15% | 395.719M |   1.599 GB/s |  0.50% |
|      I32 |               11 |     1000000 |         1000 |    841x | 599.081 us |  0.85% | 594.885 us |  0.47% |   1.681G |   6.731 GB/s |  2.10% |
|      I32 |               11 |    10000000 |         1000 |    224x |   2.237 ms |  0.22% |   2.233 ms |  0.12% |   4.479G |  17.917 GB/s |  5.60% |
|      I32 |               11 |   100000000 |         1000 |    798x |  18.796 ms |  0.52% |  18.792 ms |  0.52% |   5.321G |  21.285 GB/s |  6.65% |
|      I32 |               11 |      100000 |        10000 |   1088x | 497.789 us |  1.01% | 493.667 us |  0.56% | 202.566M | 891.290 MB/s |  0.28% |
|      I32 |               11 |     1000000 |        10000 |    265x |   1.897 ms |  0.24% |   1.893 ms |  0.10% | 528.251M |   2.134 GB/s |  0.67% |
|      I32 |               11 |    10000000 |        10000 |     95x |   5.306 ms |  0.18% |   5.302 ms |  0.16% |   1.886G |   7.552 GB/s |  2.36% |
|      I32 |               11 |   100000000 |        10000 |    555x |  21.854 ms |  0.50% |  21.850 ms |  0.50% |   4.577G |  18.309 GB/s |  5.72% |
|      I32 |               11 |      100000 |       100000 |   1872x |   1.110 ms |  1.29% |   1.106 ms |  1.22% |  90.419M | 723.353 MB/s |  0.23% |
|      I32 |               11 |     1000000 |       100000 |   2672x |   4.496 ms |  0.51% |   4.492 ms |  0.50% | 222.633M | 979.587 MB/s |  0.31% |
|      I32 |               11 |    10000000 |       100000 |     28x |  18.352 ms |  0.06% |  18.348 ms |  0.05% | 545.017M |   2.202 GB/s |  0.69% |
|      I32 |               11 |   100000000 |       100000 |    104x |  52.461 ms |  0.50% |  52.457 ms |  0.50% |   1.906G |   7.633 GB/s |  2.38% |
|      I32 |               17 |      100000 |         1000 |   5360x |  97.540 us |  7.03% |  93.392 us |  5.43% |   1.071G |   4.326 GB/s |  1.35% |
|      I32 |               17 |     1000000 |         1000 |   2640x | 194.188 us |  2.90% | 190.041 us |  1.89% |   5.262G |  21.069 GB/s |  6.58% |
|      I32 |               17 |    10000000 |         1000 |    394x |   1.275 ms |  0.46% |   1.271 ms |  0.31% |   7.869G |  31.478 GB/s |  9.83% |
|      I32 |               17 |   100000000 |         1000 |     43x |  11.874 ms |  0.11% |  11.870 ms |  0.10% |   8.425G |  33.700 GB/s | 10.53% |
|      I32 |               17 |      100000 |        10000 |   3552x | 145.255 us |  5.65% | 141.104 us |  4.78% | 708.697M |   3.118 GB/s |  0.97% |
|      I32 |               17 |     1000000 |        10000 |   2048x | 249.856 us |  2.45% | 245.747 us |  1.78% |   4.069G |  16.440 GB/s |  5.14% |
|      I32 |               17 |    10000000 |        10000 |    383x |   1.313 ms |  0.52% |   1.308 ms |  0.40% |   7.644G |  30.607 GB/s |  9.56% |
|      I32 |               17 |   100000000 |        10000 |     42x |  11.925 ms |  0.20% |  11.920 ms |  0.20% |   8.389G |  33.559 GB/s | 10.49% |
|      I32 |               17 |      100000 |       100000 |   1056x | 623.777 us |  1.77% | 619.613 us |  1.63% | 161.391M |   1.291 GB/s |  0.40% |
|      I32 |               17 |     1000000 |       100000 |    768x | 900.870 us |  0.85% | 896.740 us |  0.72% |   1.115G |   4.907 GB/s |  1.53% |
|      I32 |               17 |    10000000 |       100000 |    972x |   2.017 ms |  0.55% |   2.013 ms |  0.50% |   4.969G |  20.073 GB/s |  6.27% |
|      I32 |               17 |   100000000 |       100000 |     41x |  12.379 ms |  0.20% |  12.375 ms |  0.19% |   8.081G |  32.356 GB/s | 10.11% |
|      F32 |                0 |      100000 |         1000 |  14480x |  38.712 us | 13.87% |  34.561 us |  6.67% |   2.893G |  11.690 GB/s |  3.65% |
|      F32 |                0 |     1000000 |         1000 |   9648x |  55.973 us |  9.14% |  51.848 us |  4.41% |  19.287G |  77.226 GB/s | 24.13% |
|      F32 |                0 |    10000000 |         1000 |   2560x | 200.490 us |  2.75% | 196.225 us |  1.64% |  50.962G | 203.868 GB/s | 63.70% |
|      F32 |                0 |   100000000 |         1000 |    289x |   1.738 ms |  0.54% |   1.733 ms |  0.47% |  57.689G | 230.757 GB/s | 72.10% |
|      F32 |                0 |      100000 |        10000 |   5168x | 101.187 us |  5.51% |  97.014 us |  3.33% |   1.031G |   4.535 GB/s |  1.42% |
|      F32 |                0 |     1000000 |        10000 |   4736x | 109.933 us |  6.66% | 105.717 us |  5.22% |   9.459G |  38.215 GB/s | 11.94% |
|      F32 |                0 |    10000000 |        10000 |   2368x | 216.596 us |  2.56% | 212.137 us |  1.41% |  47.139G | 188.746 GB/s | 58.97% |
|      F32 |                0 |   100000000 |        10000 |    320x |   1.570 ms |  0.38% |   1.566 ms |  0.25% |  63.855G | 255.445 GB/s | 79.81% |
|      F32 |                0 |      100000 |       100000 |   2160x | 708.611 us |  1.33% | 704.423 us |  1.18% | 141.960M |   1.136 GB/s |  0.35% |
|      F32 |                0 |     1000000 |       100000 |    688x | 747.213 us |  0.88% | 743.037 us |  0.68% |   1.346G |   5.922 GB/s |  1.85% |
|      F32 |                0 |    10000000 |       100000 |   2368x | 823.379 us |  1.04% | 818.941 us |  0.88% |  12.211G |  49.332 GB/s | 15.41% |
|      F32 |                0 |   100000000 |       100000 |   1200x |   1.846 ms |  0.90% |   1.842 ms |  0.86% |  54.301G | 217.422 GB/s | 67.93% |
|      F32 |                1 |      100000 |         1000 |  14384x |  39.035 us | 14.61% |  34.794 us |  7.72% |   2.874G |  11.611 GB/s |  3.63% |
|      F32 |                1 |     1000000 |         1000 |   9648x |  56.081 us |  9.06% |  51.881 us |  3.95% |  19.275G |  77.177 GB/s | 24.11% |
|      F32 |                1 |    10000000 |         1000 |   2560x | 200.470 us |  2.70% | 196.187 us |  1.57% |  50.972G | 203.907 GB/s | 63.71% |
|      F32 |                1 |   100000000 |         1000 |    289x |   1.738 ms |  0.53% |   1.734 ms |  0.47% |  57.679G | 230.716 GB/s | 72.08% |
|      F32 |                1 |      100000 |        10000 |   5184x | 100.894 us |  5.01% |  96.702 us |  2.46% |   1.034G |   4.550 GB/s |  1.42% |
|      F32 |                1 |     1000000 |        10000 |   4800x | 108.369 us |  4.72% | 104.183 us |  2.42% |   9.598G |  38.778 GB/s | 12.12% |
|      F32 |                1 |    10000000 |        10000 |   2384x | 215.290 us |  2.45% | 210.926 us |  1.29% |  47.410G | 189.830 GB/s | 59.31% |
|      F32 |                1 |   100000000 |        10000 |    320x |   1.570 ms |  0.32% |   1.565 ms |  0.15% |  63.893G | 255.596 GB/s | 79.86% |
|      F32 |                1 |      100000 |       100000 |   2160x | 710.059 us |  1.41% | 705.842 us |  1.28% | 141.675M |   1.133 GB/s |  0.35% |
|      F32 |                1 |     1000000 |       100000 |   1104x | 744.497 us |  0.94% | 740.194 us |  0.74% |   1.351G |   5.944 GB/s |  1.86% |
|      F32 |                1 |    10000000 |       100000 |   2576x | 816.791 us |  1.05% | 812.409 us |  0.89% |  12.309G |  49.729 GB/s | 15.54% |
|      F32 |                1 |   100000000 |       100000 |   1003x |   1.826 ms |  0.57% |   1.822 ms |  0.50% |  54.892G | 219.787 GB/s | 68.67% |
|      F32 |                2 |      100000 |         1000 |  14112x |  39.677 us | 14.16% |  35.466 us |  7.48% |   2.820G |  11.391 GB/s |  3.56% |
|      F32 |                2 |     1000000 |         1000 |   9520x |  56.777 us |  8.98% |  52.589 us |  4.03% |  19.016G |  76.138 GB/s | 23.79% |
|      F32 |                2 |    10000000 |         1000 |   2544x | 201.254 us |  2.89% | 196.959 us |  1.88% |  50.772G | 203.108 GB/s | 63.46% |
|      F32 |                2 |   100000000 |         1000 |    289x |   1.738 ms |  0.52% |   1.734 ms |  0.46% |  57.667G | 230.669 GB/s | 72.07% |
|      F32 |                2 |      100000 |        10000 |   4992x | 104.584 us |  4.91% | 100.390 us |  2.51% | 996.114M |   4.383 GB/s |  1.37% |
|      F32 |                2 |     1000000 |        10000 |   4624x | 112.648 us |  5.78% | 108.441 us |  4.18% |   9.222G |  37.255 GB/s | 11.64% |
|      F32 |                2 |    10000000 |        10000 |   2320x | 220.081 us |  2.47% | 215.627 us |  1.30% |  46.376G | 185.691 GB/s | 58.02% |
|      F32 |                2 |   100000000 |        10000 |    319x |   1.572 ms |  0.32% |   1.567 ms |  0.15% |  63.798G | 255.219 GB/s | 79.74% |
|      F32 |                2 |      100000 |       100000 |   2624x | 738.978 us |  1.44% | 734.784 us |  1.32% | 136.094M |   1.089 GB/s |  0.34% |
|      F32 |                2 |     1000000 |       100000 |    880x | 775.669 us |  0.92% | 771.489 us |  0.74% |   1.296G |   5.703 GB/s |  1.78% |
|      F32 |                2 |    10000000 |       100000 |   1792x | 861.024 us |  1.15% | 856.649 us |  1.03% |  11.673G |  47.161 GB/s | 14.73% |
|      F32 |                2 |   100000000 |       100000 |   1232x |   1.898 ms |  1.07% |   1.894 ms |  1.04% |  52.808G | 211.444 GB/s | 66.06% |
|      F32 |                7 |      100000 |         1000 |  13600x |  40.966 us | 12.72% |  36.799 us |  5.48% |   2.717G |  10.897 GB/s |  3.40% |
|      F32 |                7 |     1000000 |         1000 |   9120x |  59.034 us |  8.34% |  54.894 us |  3.49% |  18.217G |  72.886 GB/s | 22.77% |
|      F32 |                7 |    10000000 |         1000 |   2528x | 202.579 us |  2.75% | 198.263 us |  1.66% |  50.438G | 201.757 GB/s | 63.04% |
|      F32 |                7 |   100000000 |         1000 |    288x |   1.767 ms |  0.68% |   1.762 ms |  0.63% |  56.751G | 227.003 GB/s | 70.92% |
|      F32 |                7 |      100000 |        10000 |   4448x | 116.576 us |  4.39% | 112.425 us |  2.29% | 889.485M |   3.647 GB/s |  1.14% |
|      F32 |                7 |     1000000 |        10000 |   4160x | 124.663 us |  4.88% | 120.500 us |  3.40% |   8.299G |  33.278 GB/s | 10.40% |
|      F32 |                7 |    10000000 |        10000 |   2096x | 244.277 us |  2.34% | 239.871 us |  1.42% |  41.689G | 166.798 GB/s | 52.11% |
|      F32 |                7 |   100000000 |        10000 |    315x |   1.593 ms |  0.32% |   1.589 ms |  0.16% |  62.951G | 251.812 GB/s | 78.68% |
|      F32 |                7 |      100000 |       100000 |   2560x | 866.192 us |  1.53% | 861.972 us |  1.45% | 116.013M | 580.065 MB/s |  0.18% |
|      F32 |                7 |     1000000 |       100000 |   1328x | 902.911 us |  1.13% | 898.616 us |  1.02% |   1.113G |   4.563 GB/s |  1.43% |
|      F32 |                7 |    10000000 |       100000 |   1504x | 987.382 us |  1.19% | 983.013 us |  1.10% |  10.173G |  40.793 GB/s | 12.75% |
|      F32 |                7 |   100000000 |       100000 |    960x |   2.153 ms |  1.07% |   2.149 ms |  1.05% |  46.542G | 186.214 GB/s | 58.18% |
|      F32 |                9 |      100000 |         1000 |   7744x |  68.882 us |  7.92% |  64.695 us |  4.44% |   1.546G |   6.245 GB/s |  1.95% |
|      F32 |                9 |     1000000 |         1000 |   5760x |  91.019 us |  5.63% |  86.850 us |  2.89% |  11.514G |  46.102 GB/s | 14.40% |
|      F32 |                9 |    10000000 |         1000 |   2112x | 270.463 us |  2.36% | 266.152 us |  1.67% |  37.573G | 150.305 GB/s | 46.96% |
|      F32 |                9 |   100000000 |         1000 |   1824x |   2.207 ms |  1.66% |   2.203 ms |  1.65% |  45.390G | 181.563 GB/s | 56.73% |
|      F32 |                9 |      100000 |        10000 |   2272x | 225.674 us |  3.67% | 221.471 us |  3.11% | 451.526M |   1.987 GB/s |  0.62% |
|      F32 |                9 |     1000000 |        10000 |   2288x | 230.736 us |  2.07% | 226.553 us |  0.94% |   4.414G |  17.832 GB/s |  5.57% |
|      F32 |                9 |    10000000 |        10000 |   1904x | 424.144 us |  2.33% | 419.856 us |  2.08% |  23.818G |  95.366 GB/s | 29.80% |
|      F32 |                9 |   100000000 |        10000 |   1056x |   2.374 ms |  1.04% |   2.370 ms |  1.03% |  42.197G | 168.803 GB/s | 52.74% |
|      F32 |                9 |      100000 |       100000 |   2784x |   1.786 ms |  1.17% |   1.782 ms |  1.15% |  56.129M | 449.035 MB/s |  0.14% |
|      F32 |                9 |     1000000 |       100000 |    280x |   1.796 ms |  0.28% |   1.792 ms |  0.16% | 558.064M |   2.455 GB/s |  0.77% |
|      F32 |                9 |    10000000 |       100000 |   2880x |   1.888 ms |  0.84% |   1.884 ms |  0.81% |   5.309G |  21.447 GB/s |  6.70% |
|      F32 |                9 |   100000000 |       100000 |   1104x |   3.921 ms |  1.09% |   3.916 ms |  1.09% |  25.533G | 102.236 GB/s | 31.94% |
|      F32 |               11 |      100000 |         1000 |   1984x | 257.266 us |  2.85% | 253.082 us |  2.31% | 395.129M |   1.596 GB/s |  0.50% |
|      F32 |               11 |     1000000 |         1000 |   1120x | 599.445 us |  0.87% | 595.324 us |  0.52% |   1.680G |   6.726 GB/s |  2.10% |
|      F32 |               11 |    10000000 |         1000 |   1984x |   2.243 ms |  0.75% |   2.239 ms |  0.73% |   4.466G |  17.867 GB/s |  5.58% |
|      F32 |               11 |   100000000 |         1000 |    797x |  18.811 ms |  0.53% |  18.807 ms |  0.53% |   5.317G |  21.269 GB/s |  6.65% |
|      F32 |               11 |      100000 |        10000 |   1056x | 497.301 us |  1.10% | 493.040 us |  0.66% | 202.823M | 892.422 MB/s |  0.28% |
|      F32 |               11 |     1000000 |        10000 |    264x |   1.900 ms |  0.30% |   1.895 ms |  0.21% | 527.596M |   2.131 GB/s |  0.67% |
|      F32 |               11 |    10000000 |        10000 |     95x |   5.313 ms |  0.40% |   5.309 ms |  0.39% |   1.884G |   7.542 GB/s |  2.36% |
|      F32 |               11 |   100000000 |        10000 |    576x |  21.864 ms |  0.50% |  21.860 ms |  0.50% |   4.575G |  18.300 GB/s |  5.72% |
|      F32 |               11 |      100000 |       100000 |   2176x |   1.114 ms |  1.38% |   1.109 ms |  1.32% |  90.146M | 721.171 MB/s |  0.23% |
|      F32 |               11 |     1000000 |       100000 |   2336x |   4.495 ms |  0.51% |   4.491 ms |  0.50% | 222.670M | 979.747 MB/s |  0.31% |
|      F32 |               11 |    10000000 |       100000 |    331x |  18.376 ms |  0.50% |  18.372 ms |  0.50% | 544.303M |   2.199 GB/s |  0.69% |
|      F32 |               11 |   100000000 |       100000 |    110x |  52.458 ms |  0.50% |  52.454 ms |  0.50% |   1.906G |   7.633 GB/s |  2.38% |
|      F32 |               17 |      100000 |         1000 |   5312x |  98.405 us |  6.97% |  94.265 us |  5.34% |   1.061G |   4.286 GB/s |  1.34% |
|      F32 |               17 |     1000000 |         1000 |   2624x | 195.240 us |  3.06% | 191.070 us |  2.12% |   5.234G |  20.956 GB/s |  6.55% |
|      F32 |               17 |    10000000 |         1000 |    393x |   1.278 ms |  0.50% |   1.273 ms |  0.37% |   7.852G |  31.413 GB/s |  9.81% |
|      F32 |               17 |   100000000 |         1000 |     43x |  11.890 ms |  0.11% |  11.886 ms |  0.11% |   8.413G |  33.654 GB/s | 10.51% |
|      F32 |               17 |      100000 |        10000 |   3520x | 146.645 us |  6.39% | 142.477 us |  5.63% | 701.870M |   3.088 GB/s |  0.96% |
|      F32 |               17 |     1000000 |        10000 |   2032x | 250.253 us |  2.25% | 246.140 us |  1.49% |   4.063G |  16.413 GB/s |  5.13% |
|      F32 |               17 |    10000000 |        10000 |    382x |   1.316 ms |  0.49% |   1.312 ms |  0.36% |   7.625G |  30.529 GB/s |  9.54% |
|      F32 |               17 |   100000000 |        10000 |     42x |  11.952 ms |  0.36% |  11.947 ms |  0.36% |   8.370G |  33.484 GB/s | 10.46% |
|      F32 |               17 |      100000 |       100000 |   1632x | 624.485 us |  1.81% | 620.257 us |  1.67% | 161.224M |   1.290 GB/s |  0.40% |
|      F32 |               17 |     1000000 |       100000 |    800x | 900.784 us |  0.83% | 896.652 us |  0.69% |   1.115G |   4.907 GB/s |  1.53% |
|      F32 |               17 |    10000000 |       100000 |   1088x |   2.026 ms |  0.66% |   2.021 ms |  0.62% |   4.947G |  19.988 GB/s |  6.24% |
|      F32 |               17 |   100000000 |       100000 |     41x |  12.415 ms |  0.15% |  12.411 ms |  0.14% |   8.057G |  32.262 GB/s | 10.08% |
|      F64 |                0 |      100000 |         1000 |  10928x |  49.893 us | 10.05% |  45.796 us |  4.44% |   2.184G |  17.644 GB/s |  5.51% |
|      F64 |                0 |     1000000 |         1000 |   6592x |  80.029 us |  6.59% |  75.917 us |  3.66% |  13.172G | 105.484 GB/s | 32.96% |
|      F64 |                0 |    10000000 |         1000 |   1440x | 353.467 us |  1.45% | 349.083 us |  0.72% |  28.647G | 229.195 GB/s | 71.61% |
|      F64 |                0 |   100000000 |         1000 |    159x |   3.159 ms |  0.41% |   3.155 ms |  0.38% |  31.696G | 253.572 GB/s | 79.23% |
|      F64 |                0 |      100000 |        10000 |   2480x | 205.745 us |  4.12% | 201.625 us |  3.57% | 495.971M |   4.365 GB/s |  1.36% |
|      F64 |                0 |     1000000 |        10000 |   2496x | 205.276 us |  2.38% | 201.113 us |  1.14% |   4.972G |  40.176 GB/s | 12.55% |
|      F64 |                0 |    10000000 |        10000 |   1328x | 384.162 us |  2.17% | 379.726 us |  1.82% |  26.335G | 210.889 GB/s | 65.89% |
|      F64 |                0 |   100000000 |        10000 |    166x |   3.034 ms |  0.19% |   3.030 ms |  0.11% |  33.004G | 264.059 GB/s | 82.50% |
|      F64 |                0 |      100000 |       100000 |   3024x |   1.740 ms |  1.27% |   1.736 ms |  1.25% |  57.611M | 921.780 MB/s |  0.29% |
|      F64 |                0 |     1000000 |       100000 |    288x |   1.741 ms |  0.30% |   1.737 ms |  0.18% | 575.835M |   5.067 GB/s |  1.58% |
|      F64 |                0 |    10000000 |       100000 |   1408x |   1.823 ms |  1.04% |   1.819 ms |  1.01% |   5.499G |  44.431 GB/s | 13.88% |
|      F64 |                0 |   100000000 |       100000 |    576x |   3.598 ms |  1.24% |   3.594 ms |  1.23% |  27.826G | 222.834 GB/s | 69.62% |
|      F64 |                1 |      100000 |         1000 |  10864x |  50.197 us | 10.43% |  46.070 us |  5.16% |   2.171G |  17.539 GB/s |  5.48% |
|      F64 |                1 |     1000000 |         1000 |   6608x |  79.878 us |  6.16% |  75.748 us |  2.75% |  13.202G | 105.719 GB/s | 33.03% |
|      F64 |                1 |    10000000 |         1000 |   2640x | 354.410 us |  1.91% | 350.020 us |  1.42% |  28.570G | 228.581 GB/s | 71.42% |
|      F64 |                1 |   100000000 |         1000 |    159x |   3.152 ms |  0.36% |   3.148 ms |  0.33% |  31.769G | 254.154 GB/s | 79.41% |
|      F64 |                1 |      100000 |        10000 |   2496x | 205.031 us |  3.67% | 200.919 us |  3.01% | 497.713M |   4.380 GB/s |  1.37% |
|      F64 |                1 |     1000000 |        10000 |   2496x | 205.538 us |  2.59% | 201.393 us |  1.56% |   4.965G |  40.121 GB/s | 12.54% |
|      F64 |                1 |    10000000 |        10000 |   1408x | 380.032 us |  1.80% | 375.675 us |  1.37% |  26.619G | 213.163 GB/s | 66.60% |
|      F64 |                1 |   100000000 |        10000 |    165x |   3.035 ms |  0.21% |   3.031 ms |  0.15% |  32.997G | 264.000 GB/s | 82.48% |
|      F64 |                1 |      100000 |       100000 |   3008x |   1.740 ms |  1.23% |   1.735 ms |  1.21% |  57.621M | 921.928 MB/s |  0.29% |
|      F64 |                1 |     1000000 |       100000 |    288x |   1.741 ms |  0.29% |   1.737 ms |  0.15% | 575.858M |   5.068 GB/s |  1.58% |
|      F64 |                1 |    10000000 |       100000 |   1056x |   1.800 ms |  0.92% |   1.796 ms |  0.89% |   5.568G |  44.986 GB/s | 14.06% |
|      F64 |                1 |   100000000 |       100000 |    560x |   3.534 ms |  1.16% |   3.529 ms |  1.15% |  28.336G | 226.913 GB/s | 70.90% |
|      F64 |                2 |      100000 |         1000 |  10768x |  50.584 us | 10.47% |  46.476 us |  5.42% |   2.152G |  17.385 GB/s |  5.43% |
|      F64 |                2 |     1000000 |         1000 |   6576x |  80.184 us |  6.13% |  76.056 us |  2.73% |  13.148G | 105.291 GB/s | 32.90% |
|      F64 |                2 |    10000000 |         1000 |   1440x | 353.871 us |  1.44% | 349.489 us |  0.69% |  28.613G | 228.929 GB/s | 71.53% |
|      F64 |                2 |   100000000 |         1000 |    159x |   3.157 ms |  0.40% |   3.152 ms |  0.38% |  31.722G | 253.781 GB/s | 79.29% |
|      F64 |                2 |      100000 |        10000 |   2448x | 208.523 us |  4.09% | 204.390 us |  3.50% | 489.261M |   4.305 GB/s |  1.35% |
|      F64 |                2 |     1000000 |        10000 |   2464x | 207.559 us |  2.29% | 203.402 us |  0.94% |   4.916G |  39.724 GB/s | 12.41% |
|      F64 |                2 |    10000000 |        10000 |   1296x | 391.156 us |  2.25% | 386.721 us |  1.92% |  25.858G | 207.075 GB/s | 64.70% |
|      F64 |                2 |   100000000 |        10000 |    166x |   3.034 ms |  0.25% |   3.029 ms |  0.20% |  33.013G | 264.133 GB/s | 82.53% |
|      F64 |                2 |      100000 |       100000 |   3056x |   1.763 ms |  1.46% |   1.759 ms |  1.44% |  56.854M | 909.666 MB/s |  0.28% |
|      F64 |                2 |     1000000 |       100000 |    284x |   1.768 ms |  0.38% |   1.764 ms |  0.29% | 566.995M |   4.990 GB/s |  1.56% |
|      F64 |                2 |    10000000 |       100000 |   1424x |   1.839 ms |  0.96% |   1.835 ms |  0.93% |   5.450G |  44.034 GB/s | 13.76% |
|      F64 |                2 |   100000000 |       100000 |    800x |   3.647 ms |  1.05% |   3.643 ms |  1.04% |  27.453G | 219.843 GB/s | 68.69% |
|      F64 |                7 |      100000 |         1000 |  13536x |  41.057 us | 12.75% |  36.947 us |  6.04% |   2.707G |  21.680 GB/s |  6.77% |
|      F64 |                7 |     1000000 |         1000 |   6864x |  77.062 us |  6.35% |  72.914 us |  2.72% |  13.715G | 109.732 GB/s | 34.28% |
|      F64 |                7 |    10000000 |         1000 |   2080x | 348.345 us |  1.77% | 343.963 us |  1.22% |  29.073G | 232.586 GB/s | 72.67% |
|      F64 |                7 |   100000000 |         1000 |    156x |   3.212 ms |  0.22% |   3.208 ms |  0.17% |  31.176G | 249.408 GB/s | 77.92% |
|      F64 |                7 |      100000 |        10000 |   4368x | 118.901 us |  4.97% | 114.777 us |  3.37% | 871.257M |   7.057 GB/s |  2.20% |
|      F64 |                7 |     1000000 |        10000 |   4016x | 129.144 us |  4.06% | 124.935 us |  2.20% |   8.004G |  64.113 GB/s | 20.03% |
|      F64 |                7 |    10000000 |        10000 |   1440x | 352.708 us |  1.53% | 348.200 us |  0.78% |  28.719G | 229.782 GB/s | 71.79% |
|      F64 |                7 |   100000000 |        10000 |    167x |   3.003 ms |  0.20% |   2.999 ms |  0.13% |  33.347G | 266.782 GB/s | 83.35% |
|      F64 |                7 |      100000 |       100000 |   2512x | 880.342 us |  1.68% | 876.212 us |  1.60% | 114.128M |   1.027 GB/s |  0.32% |
|      F64 |                7 |     1000000 |       100000 |   1152x | 924.917 us |  0.92% | 920.715 us |  0.80% |   1.086G |   8.798 GB/s |  2.75% |
|      F64 |                7 |    10000000 |       100000 |   1584x |   1.049 ms |  1.26% |   1.045 ms |  1.18% |   9.569G |  76.648 GB/s | 23.95% |
|      F64 |                7 |   100000000 |       100000 |    161x |   3.121 ms |  0.31% |   3.117 ms |  0.27% |  32.087G | 256.725 GB/s | 80.21% |
|      F64 |                9 |      100000 |         1000 |   7504x |  70.892 us |  8.63% |  66.659 us |  5.70% |   1.500G |  12.121 GB/s |  3.79% |
|      F64 |                9 |     1000000 |         1000 |   5120x | 101.999 us |  8.10% |  97.720 us |  6.76% |  10.233G |  81.948 GB/s | 25.60% |
|      F64 |                9 |    10000000 |         1000 |   1360x | 374.504 us |  1.47% | 370.138 us |  0.86% |  27.017G | 216.157 GB/s | 67.54% |
|      F64 |                9 |   100000000 |         1000 |    158x |   3.176 ms |  0.41% |   3.172 ms |  0.39% |  31.530G | 252.240 GB/s | 78.81% |
|      F64 |                9 |      100000 |        10000 |   2256x | 226.274 us |  3.92% | 222.047 us |  3.39% | 450.355M |   3.963 GB/s |  1.24% |
|      F64 |                9 |     1000000 |        10000 |   2256x | 225.937 us |  2.32% | 221.742 us |  1.33% |   4.510G |  36.439 GB/s | 11.38% |
|      F64 |                9 |    10000000 |        10000 |   1696x | 402.957 us |  1.81% | 398.567 us |  1.42% |  25.090G | 200.920 GB/s | 62.77% |
|      F64 |                9 |   100000000 |        10000 |    164x |   3.060 ms |  0.42% |   3.056 ms |  0.39% |  32.725G | 261.823 GB/s | 81.80% |
|      F64 |                9 |      100000 |       100000 |   3072x |   1.769 ms |  1.37% |   1.765 ms |  1.34% |  56.670M | 906.725 MB/s |  0.28% |
|      F64 |                9 |     1000000 |       100000 |    625x |   1.782 ms |  0.55% |   1.777 ms |  0.50% | 562.594M |   4.951 GB/s |  1.55% |
|      F64 |                9 |    10000000 |       100000 |   1408x |   1.859 ms |  0.95% |   1.855 ms |  0.92% |   5.390G |  43.552 GB/s | 13.61% |
|      F64 |                9 |   100000000 |       100000 |    176x |   3.649 ms |  1.31% |   3.644 ms |  1.30% |  27.440G | 219.739 GB/s | 68.65% |
|      F64 |               11 |      100000 |         1000 |   2528x | 259.626 us |  4.15% | 255.429 us |  3.77% | 391.499M |   3.163 GB/s |  0.99% |
|      F64 |               11 |     1000000 |         1000 |    842x | 598.026 us |  0.81% | 593.886 us |  0.40% |   1.684G |  13.484 GB/s |  4.21% |
|      F64 |               11 |    10000000 |         1000 |   2208x |   2.150 ms |  0.68% |   2.146 ms |  0.65% |   4.660G |  37.286 GB/s | 11.65% |
|      F64 |               11 |   100000000 |         1000 |    841x |  17.821 ms |  0.54% |  17.817 ms |  0.54% |   5.613G |  44.901 GB/s | 14.03% |
|      F64 |               11 |      100000 |        10000 |   1056x | 481.219 us |  1.07% | 477.082 us |  0.60% | 209.608M |   1.845 GB/s |  0.58% |
|      F64 |               11 |     1000000 |        10000 |    265x |   1.892 ms |  0.28% |   1.888 ms |  0.16% | 529.594M |   4.279 GB/s |  1.34% |
|      F64 |               11 |    10000000 |        10000 |     96x |   5.217 ms |  0.41% |   5.212 ms |  0.40% |   1.919G |  15.364 GB/s |  4.80% |
|      F64 |               11 |   100000000 |        10000 |    684x |  20.877 ms |  0.50% |  20.873 ms |  0.50% |   4.791G |  38.330 GB/s | 11.98% |
|      F64 |               11 |      100000 |       100000 |   1952x |   1.086 ms |  1.40% |   1.081 ms |  1.34% |  92.467M |   1.479 GB/s |  0.46% |
|      F64 |               11 |     1000000 |       100000 |   2082x |   4.323 ms |  0.51% |   4.319 ms |  0.50% | 231.514M |   2.037 GB/s |  0.64% |
|      F64 |               11 |    10000000 |       100000 |    344x |  18.312 ms |  0.50% |  18.308 ms |  0.50% | 546.204M |   4.413 GB/s |  1.38% |
|      F64 |               11 |   100000000 |       100000 |    106x |  51.461 ms |  0.50% |  51.457 ms |  0.50% |   1.943G |  15.563 GB/s |  4.86% |
|      F64 |               17 |      100000 |         1000 |   5136x | 101.700 us |  5.80% |  97.569 us |  3.91% |   1.025G |   8.281 GB/s |  2.59% |
|      F64 |               17 |     1000000 |         1000 |   2400x | 212.568 us |  3.38% | 208.369 us |  2.68% |   4.799G |  38.432 GB/s | 12.01% |
|      F64 |               17 |    10000000 |         1000 |    353x |   1.422 ms |  0.42% |   1.417 ms |  0.27% |   7.055G |  56.449 GB/s | 17.64% |
|      F64 |               17 |   100000000 |         1000 |     38x |  13.220 ms |  0.07% |  13.215 ms |  0.07% |   7.567G |  60.536 GB/s | 18.91% |
|      F64 |               17 |      100000 |        10000 |   3440x | 149.969 us |  5.05% | 145.757 us |  4.08% | 686.074M |   6.037 GB/s |  1.89% |
|      F64 |               17 |     1000000 |        10000 |   1920x | 266.384 us |  2.21% | 262.231 us |  1.49% |   3.813G |  30.813 GB/s |  9.63% |
|      F64 |               17 |    10000000 |        10000 |    344x |   1.460 ms |  0.44% |   1.455 ms |  0.32% |   6.871G |  55.026 GB/s | 17.19% |
|      F64 |               17 |   100000000 |        10000 |     38x |  13.277 ms |  0.06% |  13.273 ms |  0.06% |   7.534G |  60.280 GB/s | 18.83% |
|      F64 |               17 |      100000 |       100000 |   2144x | 624.967 us |  2.25% | 620.686 us |  2.13% | 161.112M |   2.578 GB/s |  0.81% |
|      F64 |               17 |     1000000 |       100000 |   1328x | 916.299 us |  1.00% | 912.147 us |  0.89% |   1.096G |   9.648 GB/s |  3.01% |
|      F64 |               17 |    10000000 |       100000 |    231x |   2.172 ms |  0.47% |   2.167 ms |  0.42% |   4.614G |  37.283 GB/s | 11.65% |
|      F64 |               17 |   100000000 |       100000 |     37x |  13.713 ms |  0.13% |  13.708 ms |  0.13% |   7.295G |  58.416 GB/s | 18.25% |
