RMM memory resource = pool
CUIO host memory resource = pinned_pool
# Devices

## [0] `Tesla T4`
* SM Version: 750 (PTX Version: 750)
* Number of SMs: 40
* SM Default Clock Rate: 1590 MHz
* Global Memory: 7206 MiB Free / 14913 MiB Total
* Global Memory Bus Peak: 320 GB/sec (256-bit DDR @5001MHz)
* Max Shared Memory: 64 KiB/SM, 48 KiB/Block
* L2 Cache Size: 4096 KiB
* Maximum Active Blocks: 16/SM
* Maximum Active Threads: 1024/SM, 1024/Block
* Available Registers: 65536/SM, 65536/Block
* ECC Enabled: Yes

# Log

```
Run:  [1/817] groupby_histogram [Device=0 T=I32 null_probability=0 cardinality=100 num_rows=100]
Pass: Cold: 0.330587ms GPU, 0.334965ms CPU, 0.86s total GPU, 0.94s total wall, 2592x 
Run:  [2/817] groupby_histogram [Device=0 T=I32 null_probability=0.1 cardinality=100 num_rows=100]
Pass: Cold: 0.370498ms GPU, 0.374334ms CPU, 1.05s total GPU, 1.14s total wall, 2832x 
Run:  [3/817] groupby_histogram [Device=0 T=I32 null_probability=0.9 cardinality=100 num_rows=100]
Pass: Cold: 0.365763ms GPU, 0.369600ms CPU, 0.52s total GPU, 0.57s total wall, 1424x 
Run:  [4/817] groupby_histogram [Device=0 T=I32 null_probability=0 cardinality=1000 num_rows=100]
Skip: cardinality > num_rows
Run:  [5/817] groupby_histogram [Device=0 T=I32 null_probability=0.1 cardinality=1000 num_rows=100]
Skip: cardinality > num_rows
Run:  [6/817] groupby_histogram [Device=0 T=I32 null_probability=0.9 cardinality=1000 num_rows=100]
Skip: cardinality > num_rows
Run:  [7/817] groupby_histogram [Device=0 T=I32 null_probability=0 cardinality=10000 num_rows=100]
Skip: cardinality > num_rows
Run:  [8/817] groupby_histogram [Device=0 T=I32 null_probability=0.1 cardinality=10000 num_rows=100]
Skip: cardinality > num_rows
Run:  [9/817] groupby_histogram [Device=0 T=I32 null_probability=0.9 cardinality=10000 num_rows=100]
Skip: cardinality > num_rows
Run:  [10/817] groupby_histogram [Device=0 T=I32 null_probability=0 cardinality=100000 num_rows=100]
Skip: cardinality > num_rows
Run:  [11/817] groupby_histogram [Device=0 T=I32 null_probability=0.1 cardinality=100000 num_rows=100]
Skip: cardinality > num_rows
Run:  [12/817] groupby_histogram [Device=0 T=I32 null_probability=0.9 cardinality=100000 num_rows=100]
Skip: cardinality > num_rows
Run:  [13/817] groupby_histogram [Device=0 T=I32 null_probability=0 cardinality=1000000 num_rows=100]
Skip: cardinality > num_rows
Run:  [14/817] groupby_histogram [Device=0 T=I32 null_probability=0.1 cardinality=1000000 num_rows=100]
Skip: cardinality > num_rows
Run:  [15/817] groupby_histogram [Device=0 T=I32 null_probability=0.9 cardinality=1000000 num_rows=100]
Skip: cardinality > num_rows
Run:  [16/817] groupby_histogram [Device=0 T=I32 null_probability=0 cardinality=10000000 num_rows=100]
Skip: cardinality > num_rows
Run:  [17/817] groupby_histogram [Device=0 T=I32 null_probability=0.1 cardinality=10000000 num_rows=100]
Skip: cardinality > num_rows
Run:  [18/817] groupby_histogram [Device=0 T=I32 null_probability=0.9 cardinality=10000000 num_rows=100]
Skip: cardinality > num_rows
Run:  [19/817] groupby_histogram [Device=0 T=I32 null_probability=0 cardinality=100 num_rows=1000]
Pass: Cold: 0.301223ms GPU, 0.305010ms CPU, 0.50s total GPU, 0.55s total wall, 1664x 
Run:  [20/817] groupby_histogram [Device=0 T=I32 null_probability=0.1 cardinality=100 num_rows=1000]
Pass: Cold: 0.367453ms GPU, 0.371094ms CPU, 0.88s total GPU, 0.96s total wall, 2400x 
Run:  [21/817] groupby_histogram [Device=0 T=I32 null_probability=0.9 cardinality=100 num_rows=1000]
Pass: Cold: 0.365573ms GPU, 0.369247ms CPU, 0.50s total GPU, 0.55s total wall, 1376x 
Run:  [22/817] groupby_histogram [Device=0 T=I32 null_probability=0 cardinality=1000 num_rows=1000]
Pass: Cold: 0.295978ms GPU, 0.299657ms CPU, 0.50s total GPU, 0.55s total wall, 1696x 
Run:  [23/817] groupby_histogram [Device=0 T=I32 null_probability=0.1 cardinality=1000 num_rows=1000]
Pass: Cold: 0.366833ms GPU, 0.370448ms CPU, 0.62s total GPU, 0.67s total wall, 1696x 
Run:  [24/817] groupby_histogram [Device=0 T=I32 null_probability=0.9 cardinality=1000 num_rows=1000]
Pass: Cold: 0.365561ms GPU, 0.369190ms CPU, 0.59s total GPU, 0.64s total wall, 1616x 
Run:  [25/817] groupby_histogram [Device=0 T=I32 null_probability=0 cardinality=10000 num_rows=1000]
Skip: cardinality > num_rows
Run:  [26/817] groupby_histogram [Device=0 T=I32 null_probability=0.1 cardinality=10000 num_rows=1000]
Skip: cardinality > num_rows
Run:  [27/817] groupby_histogram [Device=0 T=I32 null_probability=0.9 cardinality=10000 num_rows=1000]
Skip: cardinality > num_rows
Run:  [28/817] groupby_histogram [Device=0 T=I32 null_probability=0 cardinality=100000 num_rows=1000]
Skip: cardinality > num_rows
Run:  [29/817] groupby_histogram [Device=0 T=I32 null_probability=0.1 cardinality=100000 num_rows=1000]
Skip: cardinality > num_rows
Run:  [30/817] groupby_histogram [Device=0 T=I32 null_probability=0.9 cardinality=100000 num_rows=1000]
Skip: cardinality > num_rows
Run:  [31/817] groupby_histogram [Device=0 T=I32 null_probability=0 cardinality=1000000 num_rows=1000]
Skip: cardinality > num_rows
Run:  [32/817] groupby_histogram [Device=0 T=I32 null_probability=0.1 cardinality=1000000 num_rows=1000]
Skip: cardinality > num_rows
Run:  [33/817] groupby_histogram [Device=0 T=I32 null_probability=0.9 cardinality=1000000 num_rows=1000]
Skip: cardinality > num_rows
Run:  [34/817] groupby_histogram [Device=0 T=I32 null_probability=0 cardinality=10000000 num_rows=1000]
Skip: cardinality > num_rows
Run:  [35/817] groupby_histogram [Device=0 T=I32 null_probability=0.1 cardinality=10000000 num_rows=1000]
Skip: cardinality > num_rows
Run:  [36/817] groupby_histogram [Device=0 T=I32 null_probability=0.9 cardinality=10000000 num_rows=1000]
Skip: cardinality > num_rows
Run:  [37/817] groupby_histogram [Device=0 T=I32 null_probability=0 cardinality=100 num_rows=10000]
Pass: Cold: 0.372091ms GPU, 0.375717ms CPU, 0.50s total GPU, 0.54s total wall, 1344x 
Run:  [38/817] groupby_histogram [Device=0 T=I32 null_probability=0.1 cardinality=100 num_rows=10000]
Pass: Cold: 0.446779ms GPU, 0.450419ms CPU, 1.02s total GPU, 1.10s total wall, 2288x 
Run:  [39/817] groupby_histogram [Device=0 T=I32 null_probability=0.9 cardinality=100 num_rows=10000]
Pass: Cold: 0.440275ms GPU, 0.443871ms CPU, 0.50s total GPU, 0.54s total wall, 1136x 
Run:  [40/817] groupby_histogram [Device=0 T=I32 null_probability=0 cardinality=1000 num_rows=10000]
Pass: Cold: 0.369483ms GPU, 0.373081ms CPU, 0.50s total GPU, 0.54s total wall, 1360x 
Run:  [41/817] groupby_histogram [Device=0 T=I32 null_probability=0.1 cardinality=1000 num_rows=10000]
Pass: Cold: 0.448183ms GPU, 0.451821ms CPU, 1.11s total GPU, 1.19s total wall, 2480x 
Run:  [42/817] groupby_histogram [Device=0 T=I32 null_probability=0.9 cardinality=1000 num_rows=10000]
Pass: Cold: 0.442296ms GPU, 0.445904ms CPU, 0.50s total GPU, 0.54s total wall, 1136x 
Run:  [43/817] groupby_histogram [Device=0 T=I32 null_probability=0 cardinality=10000 num_rows=10000]
Pass: Cold: 0.374293ms GPU, 0.377939ms CPU, 1.07s total GPU, 1.16s total wall, 2848x 
Run:  [44/817] groupby_histogram [Device=0 T=I32 null_probability=0.1 cardinality=10000 num_rows=10000]
Pass: Cold: 0.448033ms GPU, 0.451690ms CPU, 0.50s total GPU, 0.54s total wall, 1120x 
Run:  [45/817] groupby_histogram [Device=0 T=I32 null_probability=0.9 cardinality=10000 num_rows=10000]
Pass: Cold: 0.441251ms GPU, 0.444901ms CPU, 0.50s total GPU, 0.54s total wall, 1136x 
Run:  [46/817] groupby_histogram [Device=0 T=I32 null_probability=0 cardinality=100000 num_rows=10000]
Skip: cardinality > num_rows
Run:  [47/817] groupby_histogram [Device=0 T=I32 null_probability=0.1 cardinality=100000 num_rows=10000]
Skip: cardinality > num_rows
Run:  [48/817] groupby_histogram [Device=0 T=I32 null_probability=0.9 cardinality=100000 num_rows=10000]
Skip: cardinality > num_rows
Run:  [49/817] groupby_histogram [Device=0 T=I32 null_probability=0 cardinality=1000000 num_rows=10000]
Skip: cardinality > num_rows
Run:  [50/817] groupby_histogram [Device=0 T=I32 null_probability=0.1 cardinality=1000000 num_rows=10000]
Skip: cardinality > num_rows
Run:  [51/817] groupby_histogram [Device=0 T=I32 null_probability=0.9 cardinality=1000000 num_rows=10000]
Skip: cardinality > num_rows
Run:  [52/817] groupby_histogram [Device=0 T=I32 null_probability=0 cardinality=10000000 num_rows=10000]
Skip: cardinality > num_rows
Run:  [53/817] groupby_histogram [Device=0 T=I32 null_probability=0.1 cardinality=10000000 num_rows=10000]
Skip: cardinality > num_rows
Run:  [54/817] groupby_histogram [Device=0 T=I32 null_probability=0.9 cardinality=10000000 num_rows=10000]
Skip: cardinality > num_rows
Run:  [55/817] groupby_histogram [Device=0 T=I32 null_probability=0 cardinality=100 num_rows=100000]
Pass: Cold: 0.534231ms GPU, 0.537862ms CPU, 1.15s total GPU, 1.21s total wall, 2144x 
Run:  [56/817] groupby_histogram [Device=0 T=I32 null_probability=0.1 cardinality=100 num_rows=100000]
Pass: Cold: 0.606545ms GPU, 0.610185ms CPU, 0.50s total GPU, 0.53s total wall, 832x 
Run:  [57/817] groupby_histogram [Device=0 T=I32 null_probability=0.9 cardinality=100 num_rows=100000]
Pass: Cold: 0.572521ms GPU, 0.576151ms CPU, 0.50s total GPU, 0.53s total wall, 880x 
Run:  [58/817] groupby_histogram [Device=0 T=I32 null_probability=0 cardinality=1000 num_rows=100000]
Pass: Cold: 0.530183ms GPU, 0.533839ms CPU, 1.35s total GPU, 1.43s total wall, 2544x 
Run:  [59/817] groupby_histogram [Device=0 T=I32 null_probability=0.1 cardinality=1000 num_rows=100000]
Pass: Cold: 0.604253ms GPU, 0.607913ms CPU, 0.66s total GPU, 0.69s total wall, 1088x 
Run:  [60/817] groupby_histogram [Device=0 T=I32 null_probability=0.9 cardinality=1000 num_rows=100000]
Pass: Cold: 0.580835ms GPU, 0.584484ms CPU, 1.16s total GPU, 1.22s total wall, 2000x 
Run:  [61/817] groupby_histogram [Device=0 T=I32 null_probability=0 cardinality=10000 num_rows=100000]
Pass: Cold: 0.530103ms GPU, 0.533869ms CPU, 0.56s total GPU, 0.59s total wall, 1056x 
Run:  [62/817] groupby_histogram [Device=0 T=I32 null_probability=0.1 cardinality=10000 num_rows=100000]
Pass: Cold: 0.609051ms GPU, 0.612744ms CPU, 1.13s total GPU, 1.18s total wall, 1856x 
Run:  [63/817] groupby_histogram [Device=0 T=I32 null_probability=0.9 cardinality=10000 num_rows=100000]
Pass: Cold: 0.594309ms GPU, 0.598015ms CPU, 0.50s total GPU, 0.53s total wall, 848x 
Run:  [64/817] groupby_histogram [Device=0 T=I32 null_probability=0 cardinality=100000 num_rows=100000]
Pass: Cold: 0.527350ms GPU, 0.531090ms CPU, 0.51s total GPU, 0.53s total wall, 960x 
Run:  [65/817] groupby_histogram [Device=0 T=I32 null_probability=0.1 cardinality=100000 num_rows=100000]
Pass: Cold: 0.604558ms GPU, 0.608285ms CPU, 1.38s total GPU, 1.45s total wall, 2288x 
Run:  [66/817] groupby_histogram [Device=0 T=I32 null_probability=0.9 cardinality=100000 num_rows=100000]
Pass: Cold: 0.599208ms GPU, 0.602902ms CPU, 0.51s total GPU, 0.53s total wall, 848x 
Run:  [67/817] groupby_histogram [Device=0 T=I32 null_probability=0 cardinality=1000000 num_rows=100000]
Skip: cardinality > num_rows
Run:  [68/817] groupby_histogram [Device=0 T=I32 null_probability=0.1 cardinality=1000000 num_rows=100000]
Skip: cardinality > num_rows
Run:  [69/817] groupby_histogram [Device=0 T=I32 null_probability=0.9 cardinality=1000000 num_rows=100000]
Skip: cardinality > num_rows
Run:  [70/817] groupby_histogram [Device=0 T=I32 null_probability=0 cardinality=10000000 num_rows=100000]
Skip: cardinality > num_rows
Run:  [71/817] groupby_histogram [Device=0 T=I32 null_probability=0.1 cardinality=10000000 num_rows=100000]
Skip: cardinality > num_rows
Run:  [72/817] groupby_histogram [Device=0 T=I32 null_probability=0.9 cardinality=10000000 num_rows=100000]
Skip: cardinality > num_rows
Run:  [73/817] groupby_histogram [Device=0 T=I32 null_probability=0 cardinality=100 num_rows=1000000]
Pass: Cold: 2.956106ms GPU, 2.959697ms CPU, 2.10s total GPU, 2.12s total wall, 712x 
Run:  [74/817] groupby_histogram [Device=0 T=I32 null_probability=0.1 cardinality=100 num_rows=1000000]
Pass: Cold: 3.050519ms GPU, 3.054113ms CPU, 4.20s total GPU, 4.23s total wall, 1376x 
Run:  [75/817] groupby_histogram [Device=0 T=I32 null_probability=0.9 cardinality=100 num_rows=1000000]
Pass: Cold: 2.604211ms GPU, 2.607878ms CPU, 0.50s total GPU, 0.50s total wall, 192x 
Run:  [76/817] groupby_histogram [Device=0 T=I32 null_probability=0 cardinality=1000 num_rows=1000000]
Pass: Cold: 3.016104ms GPU, 3.019769ms CPU, 0.50s total GPU, 0.50s total wall, 166x 
Run:  [77/817] groupby_histogram [Device=0 T=I32 null_probability=0.1 cardinality=1000 num_rows=1000000]
Pass: Cold: 3.114269ms GPU, 3.117829ms CPU, 0.50s total GPU, 0.51s total wall, 161x 
Run:  [78/817] groupby_histogram [Device=0 T=I32 null_probability=0.9 cardinality=1000 num_rows=1000000]
Pass: Cold: 2.682987ms GPU, 2.686610ms CPU, 4.55s total GPU, 4.59s total wall, 1696x 
Run:  [79/817] groupby_histogram [Device=0 T=I32 null_probability=0 cardinality=10000 num_rows=1000000]
Pass: Cold: 2.992719ms GPU, 2.996513ms CPU, 0.50s total GPU, 0.51s total wall, 168x 
Run:  [80/817] groupby_histogram [Device=0 T=I32 null_probability=0.1 cardinality=10000 num_rows=1000000]
Pass: Cold: 3.100688ms GPU, 3.104349ms CPU, 0.50s total GPU, 0.51s total wall, 162x 
Run:  [81/817] groupby_histogram [Device=0 T=I32 null_probability=0.9 cardinality=10000 num_rows=1000000]
Pass: Cold: 2.738972ms GPU, 2.742689ms CPU, 0.50s total GPU, 0.51s total wall, 183x 
Run:  [82/817] groupby_histogram [Device=0 T=I32 null_probability=0 cardinality=100000 num_rows=1000000]
Pass: Cold: 3.025401ms GPU, 3.029265ms CPU, 4.70s total GPU, 4.73s total wall, 1552x 
Run:  [83/817] groupby_histogram [Device=0 T=I32 null_probability=0.1 cardinality=100000 num_rows=1000000]
Pass: Cold: 3.141751ms GPU, 3.145582ms CPU, 0.50s total GPU, 0.51s total wall, 160x 
Run:  [84/817] groupby_histogram [Device=0 T=I32 null_probability=0.9 cardinality=100000 num_rows=1000000]
Pass: Cold: 2.940088ms GPU, 2.943887ms CPU, 0.50s total GPU, 0.51s total wall, 171x 
Run:  [85/817] groupby_histogram [Device=0 T=I32 null_probability=0 cardinality=1000000 num_rows=1000000]
Pass: Cold: 3.040532ms GPU, 3.044351ms CPU, 0.50s total GPU, 0.51s total wall, 165x 
Run:  [86/817] groupby_histogram [Device=0 T=I32 null_probability=0.1 cardinality=1000000 num_rows=1000000]
Pass: Cold: 3.153196ms GPU, 3.157038ms CPU, 7.37s total GPU, 7.42s total wall, 2336x 
Run:  [87/817] groupby_histogram [Device=0 T=I32 null_probability=0.9 cardinality=1000000 num_rows=1000000]
Pass: Cold: 3.116220ms GPU, 3.120066ms CPU, 0.50s total GPU, 0.51s total wall, 161x 
Run:  [88/817] groupby_histogram [Device=0 T=I32 null_probability=0 cardinality=10000000 num_rows=1000000]
Skip: cardinality > num_rows
Run:  [89/817] groupby_histogram [Device=0 T=I32 null_probability=0.1 cardinality=10000000 num_rows=1000000]
Skip: cardinality > num_rows
Run:  [90/817] groupby_histogram [Device=0 T=I32 null_probability=0.9 cardinality=10000000 num_rows=1000000]
Skip: cardinality > num_rows
Run:  [91/817] groupby_histogram [Device=0 T=I32 null_probability=0 cardinality=100 num_rows=10000000]
Pass: Cold: 29.205392ms GPU, 29.208907ms CPU, 0.53s total GPU, 0.53s total wall, 18x 
Run:  [92/817] groupby_histogram [Device=0 T=I32 null_probability=0.1 cardinality=100 num_rows=10000000]
Pass: Cold: 29.417557ms GPU, 29.421077ms CPU, 0.50s total GPU, 0.50s total wall, 17x 
Run:  [93/817] groupby_histogram [Device=0 T=I32 null_probability=0.9 cardinality=100 num_rows=10000000]
Pass: Cold: 25.204758ms GPU, 25.208408ms CPU, 12.90s total GPU, 12.92s total wall, 512x 
Run:  [94/817] groupby_histogram [Device=0 T=I32 null_probability=0 cardinality=1000 num_rows=10000000]
Pass: Cold: 29.733267ms GPU, 29.736953ms CPU, 0.51s total GPU, 0.51s total wall, 17x 
Run:  [95/817] groupby_histogram [Device=0 T=I32 null_probability=0.1 cardinality=1000 num_rows=10000000]
Pass: Cold: 29.929275ms GPU, 29.933098ms CPU, 0.63s total GPU, 0.63s total wall, 21x 
Run:  [96/817] groupby_histogram [Device=0 T=I32 null_probability=0.9 cardinality=1000 num_rows=10000000]
Pass: Cold: 25.310517ms GPU, 25.314358ms CPU, 0.51s total GPU, 0.51s total wall, 20x 
Run:  [97/817] groupby_histogram [Device=0 T=I32 null_probability=0 cardinality=10000 num_rows=10000000]
Pass: Cold: 30.096168ms GPU, 30.099835ms CPU, 0.51s total GPU, 0.51s total wall, 17x 
Run:  [98/817] groupby_histogram [Device=0 T=I32 null_probability=0.1 cardinality=10000 num_rows=10000000]
Pass: Cold: 30.320316ms GPU, 30.324275ms CPU, 0.70s total GPU, 0.70s total wall, 23x 
Run:  [99/817] groupby_histogram [Device=0 T=I32 null_probability=0.9 cardinality=10000 num_rows=10000000]
Pass: Cold: 25.888723ms GPU, 25.892475ms CPU, 6.21s total GPU, 6.22s total wall, 240x 
Run:  [100/817] groupby_histogram [Device=0 T=I32 null_probability=0 cardinality=100000 num_rows=10000000]
Pass: Cold: 30.051184ms GPU, 30.054949ms CPU, 6.73s total GPU, 6.74s total wall, 224x 
Run:  [101/817] groupby_histogram [Device=0 T=I32 null_probability=0.1 cardinality=100000 num_rows=10000000]
Pass: Cold: 30.335972ms GPU, 30.339853ms CPU, 0.52s total GPU, 0.52s total wall, 17x 
Run:  [102/817] groupby_histogram [Device=0 T=I32 null_probability=0.9 cardinality=100000 num_rows=10000000]
Pass: Cold: 26.666428ms GPU, 26.670285ms CPU, 14.08s total GPU, 14.09s total wall, 528x 
Run:  [103/817] groupby_histogram [Device=0 T=I32 null_probability=0 cardinality=1000000 num_rows=10000000]
Pass: Cold: 30.663979ms GPU, 30.668117ms CPU, 2.45s total GPU, 2.46s total wall, 80x 
Run:  [104/817] groupby_histogram [Device=0 T=I32 null_probability=0.1 cardinality=1000000 num_rows=10000000]
Warn: Current measurement timed out (15.00s) while over noise threshold (0.60% > 0.50%)
Pass: Cold: 31.161629ms GPU, 31.165479ms CPU, 14.99s total GPU, 15.00s total wall, 481x 
Run:  [105/817] groupby_histogram [Device=0 T=I32 null_probability=0.9 cardinality=1000000 num_rows=10000000]
Pass: Cold: 29.044204ms GPU, 29.048094ms CPU, 0.52s total GPU, 0.52s total wall, 18x 
Run:  [106/817] groupby_histogram [Device=0 T=I32 null_probability=0 cardinality=10000000 num_rows=10000000]
Pass: Cold: 30.961034ms GPU, 30.964950ms CPU, 7.43s total GPU, 7.44s total wall, 240x 
Run:  [107/817] groupby_histogram [Device=0 T=I32 null_probability=0.1 cardinality=10000000 num_rows=10000000]
Pass: Cold: 31.446219ms GPU, 31.450274ms CPU, 12.58s total GPU, 12.59s total wall, 400x 
Run:  [108/817] groupby_histogram [Device=0 T=I32 null_probability=0.9 cardinality=10000000 num_rows=10000000]
Pass: Cold: 31.088256ms GPU, 31.092014ms CPU, 0.53s total GPU, 0.53s total wall, 17x 
Run:  [109/817] groupby_histogram [Device=0 T=I64 null_probability=0 cardinality=100 num_rows=100]
Pass: Cold: 0.286080ms GPU, 0.289766ms CPU, 0.50s total GPU, 0.56s total wall, 1760x 
Run:  [110/817] groupby_histogram [Device=0 T=I64 null_probability=0.1 cardinality=100 num_rows=100]
Pass: Cold: 0.357542ms GPU, 0.361198ms CPU, 0.89s total GPU, 0.97s total wall, 2496x 
Run:  [111/817] groupby_histogram [Device=0 T=I64 null_probability=0.9 cardinality=100 num_rows=100]
Pass: Cold: 0.356973ms GPU, 0.360637ms CPU, 0.50s total GPU, 0.55s total wall, 1408x 
Run:  [112/817] groupby_histogram [Device=0 T=I64 null_probability=0 cardinality=1000 num_rows=100]
Skip: cardinality > num_rows
Run:  [113/817] groupby_histogram [Device=0 T=I64 null_probability=0.1 cardinality=1000 num_rows=100]
Skip: cardinality > num_rows
Run:  [114/817] groupby_histogram [Device=0 T=I64 null_probability=0.9 cardinality=1000 num_rows=100]
Skip: cardinality > num_rows
Run:  [115/817] groupby_histogram [Device=0 T=I64 null_probability=0 cardinality=10000 num_rows=100]
Skip: cardinality > num_rows
Run:  [116/817] groupby_histogram [Device=0 T=I64 null_probability=0.1 cardinality=10000 num_rows=100]
Skip: cardinality > num_rows
Run:  [117/817] groupby_histogram [Device=0 T=I64 null_probability=0.9 cardinality=10000 num_rows=100]
Skip: cardinality > num_rows
Run:  [118/817] groupby_histogram [Device=0 T=I64 null_probability=0 cardinality=100000 num_rows=100]
Skip: cardinality > num_rows
Run:  [119/817] groupby_histogram [Device=0 T=I64 null_probability=0.1 cardinality=100000 num_rows=100]
Skip: cardinality > num_rows
Run:  [120/817] groupby_histogram [Device=0 T=I64 null_probability=0.9 cardinality=100000 num_rows=100]
Skip: cardinality > num_rows
Run:  [121/817] groupby_histogram [Device=0 T=I64 null_probability=0 cardinality=1000000 num_rows=100]
Skip: cardinality > num_rows
Run:  [122/817] groupby_histogram [Device=0 T=I64 null_probability=0.1 cardinality=1000000 num_rows=100]
Skip: cardinality > num_rows
Run:  [123/817] groupby_histogram [Device=0 T=I64 null_probability=0.9 cardinality=1000000 num_rows=100]
Skip: cardinality > num_rows
Run:  [124/817] groupby_histogram [Device=0 T=I64 null_probability=0 cardinality=10000000 num_rows=100]
Skip: cardinality > num_rows
Run:  [125/817] groupby_histogram [Device=0 T=I64 null_probability=0.1 cardinality=10000000 num_rows=100]
Skip: cardinality > num_rows
Run:  [126/817] groupby_histogram [Device=0 T=I64 null_probability=0.9 cardinality=10000000 num_rows=100]
Skip: cardinality > num_rows
Run:  [127/817] groupby_histogram [Device=0 T=I64 null_probability=0 cardinality=100 num_rows=1000]
Pass: Cold: 0.301165ms GPU, 0.304933ms CPU, 0.50s total GPU, 0.55s total wall, 1664x 
Run:  [128/817] groupby_histogram [Device=0 T=I64 null_probability=0.1 cardinality=100 num_rows=1000]
Pass: Cold: 0.371055ms GPU, 0.374692ms CPU, 0.61s total GPU, 0.66s total wall, 1648x 
Run:  [129/817] groupby_histogram [Device=0 T=I64 null_probability=0.9 cardinality=100 num_rows=1000]
Pass: Cold: 0.369449ms GPU, 0.373093ms CPU, 0.66s total GPU, 0.72s total wall, 1792x 
Run:  [130/817] groupby_histogram [Device=0 T=I64 null_probability=0 cardinality=1000 num_rows=1000]
Pass: Cold: 0.299026ms GPU, 0.302733ms CPU, 0.50s total GPU, 0.55s total wall, 1680x 
Run:  [131/817] groupby_histogram [Device=0 T=I64 null_probability=0.1 cardinality=1000 num_rows=1000]
Pass: Cold: 0.372429ms GPU, 0.376058ms CPU, 1.04s total GPU, 1.13s total wall, 2800x 
Run:  [132/817] groupby_histogram [Device=0 T=I64 null_probability=0.9 cardinality=1000 num_rows=1000]
Pass: Cold: 0.367606ms GPU, 0.371216ms CPU, 0.51s total GPU, 0.55s total wall, 1376x 
Run:  [133/817] groupby_histogram [Device=0 T=I64 null_probability=0 cardinality=10000 num_rows=1000]
Skip: cardinality > num_rows
Run:  [134/817] groupby_histogram [Device=0 T=I64 null_probability=0.1 cardinality=10000 num_rows=1000]
Skip: cardinality > num_rows
Run:  [135/817] groupby_histogram [Device=0 T=I64 null_probability=0.9 cardinality=10000 num_rows=1000]
Skip: cardinality > num_rows
Run:  [136/817] groupby_histogram [Device=0 T=I64 null_probability=0 cardinality=100000 num_rows=1000]
Skip: cardinality > num_rows
Run:  [137/817] groupby_histogram [Device=0 T=I64 null_probability=0.1 cardinality=100000 num_rows=1000]
Skip: cardinality > num_rows
Run:  [138/817] groupby_histogram [Device=0 T=I64 null_probability=0.9 cardinality=100000 num_rows=1000]
Skip: cardinality > num_rows
Run:  [139/817] groupby_histogram [Device=0 T=I64 null_probability=0 cardinality=1000000 num_rows=1000]
Skip: cardinality > num_rows
Run:  [140/817] groupby_histogram [Device=0 T=I64 null_probability=0.1 cardinality=1000000 num_rows=1000]
Skip: cardinality > num_rows
Run:  [141/817] groupby_histogram [Device=0 T=I64 null_probability=0.9 cardinality=1000000 num_rows=1000]
Skip: cardinality > num_rows
Run:  [142/817] groupby_histogram [Device=0 T=I64 null_probability=0 cardinality=10000000 num_rows=1000]
Skip: cardinality > num_rows
Run:  [143/817] groupby_histogram [Device=0 T=I64 null_probability=0.1 cardinality=10000000 num_rows=1000]
Skip: cardinality > num_rows
Run:  [144/817] groupby_histogram [Device=0 T=I64 null_probability=0.9 cardinality=10000000 num_rows=1000]
Skip: cardinality > num_rows
Run:  [145/817] groupby_histogram [Device=0 T=I64 null_probability=0 cardinality=100 num_rows=10000]
Pass: Cold: 0.372512ms GPU, 0.376176ms CPU, 0.56s total GPU, 0.61s total wall, 1504x 
Run:  [146/817] groupby_histogram [Device=0 T=I64 null_probability=0.1 cardinality=100 num_rows=10000]
Pass: Cold: 0.449021ms GPU, 0.452665ms CPU, 0.92s total GPU, 0.99s total wall, 2048x 
Run:  [147/817] groupby_histogram [Device=0 T=I64 null_probability=0.9 cardinality=100 num_rows=10000]
Pass: Cold: 0.441279ms GPU, 0.444970ms CPU, 0.50s total GPU, 0.54s total wall, 1136x 
Run:  [148/817] groupby_histogram [Device=0 T=I64 null_probability=0 cardinality=1000 num_rows=10000]
Pass: Cold: 0.376146ms GPU, 0.379811ms CPU, 0.51s total GPU, 0.55s total wall, 1344x 
Run:  [149/817] groupby_histogram [Device=0 T=I64 null_probability=0.1 cardinality=1000 num_rows=10000]
Pass: Cold: 0.452652ms GPU, 0.456296ms CPU, 1.20s total GPU, 1.29s total wall, 2656x 
Run:  [150/817] groupby_histogram [Device=0 T=I64 null_probability=0.9 cardinality=1000 num_rows=10000]
Pass: Cold: 0.442604ms GPU, 0.446260ms CPU, 0.52s total GPU, 0.56s total wall, 1184x 
Run:  [151/817] groupby_histogram [Device=0 T=I64 null_probability=0 cardinality=10000 num_rows=10000]
Pass: Cold: 0.372715ms GPU, 0.376368ms CPU, 0.89s total GPU, 0.97s total wall, 2400x 
Run:  [152/817] groupby_histogram [Device=0 T=I64 null_probability=0.1 cardinality=10000 num_rows=10000]
Pass: Cold: 0.449399ms GPU, 0.453032ms CPU, 0.50s total GPU, 0.54s total wall, 1120x 
Run:  [153/817] groupby_histogram [Device=0 T=I64 null_probability=0.9 cardinality=10000 num_rows=10000]
Pass: Cold: 0.444577ms GPU, 0.448250ms CPU, 0.51s total GPU, 0.54s total wall, 1136x 
Run:  [154/817] groupby_histogram [Device=0 T=I64 null_probability=0 cardinality=100000 num_rows=10000]
Skip: cardinality > num_rows
Run:  [155/817] groupby_histogram [Device=0 T=I64 null_probability=0.1 cardinality=100000 num_rows=10000]
Skip: cardinality > num_rows
Run:  [156/817] groupby_histogram [Device=0 T=I64 null_probability=0.9 cardinality=100000 num_rows=10000]
Skip: cardinality > num_rows
Run:  [157/817] groupby_histogram [Device=0 T=I64 null_probability=0 cardinality=1000000 num_rows=10000]
Skip: cardinality > num_rows
Run:  [158/817] groupby_histogram [Device=0 T=I64 null_probability=0.1 cardinality=1000000 num_rows=10000]
Skip: cardinality > num_rows
Run:  [159/817] groupby_histogram [Device=0 T=I64 null_probability=0.9 cardinality=1000000 num_rows=10000]
Skip: cardinality > num_rows
Run:  [160/817] groupby_histogram [Device=0 T=I64 null_probability=0 cardinality=10000000 num_rows=10000]
Skip: cardinality > num_rows
Run:  [161/817] groupby_histogram [Device=0 T=I64 null_probability=0.1 cardinality=10000000 num_rows=10000]
Skip: cardinality > num_rows
Run:  [162/817] groupby_histogram [Device=0 T=I64 null_probability=0.9 cardinality=10000000 num_rows=10000]
Skip: cardinality > num_rows
Run:  [163/817] groupby_histogram [Device=0 T=I64 null_probability=0 cardinality=100 num_rows=100000]
Pass: Cold: 0.538118ms GPU, 0.541790ms CPU, 1.24s total GPU, 1.31s total wall, 2304x 
Run:  [164/817] groupby_histogram [Device=0 T=I64 null_probability=0.1 cardinality=100 num_rows=100000]
Pass: Cold: 0.613699ms GPU, 0.617328ms CPU, 0.50s total GPU, 0.52s total wall, 816x 
Run:  [165/817] groupby_histogram [Device=0 T=I64 null_probability=0.9 cardinality=100 num_rows=100000]
Pass: Cold: 0.578270ms GPU, 0.581912ms CPU, 1.18s total GPU, 1.24s total wall, 2032x 
Run:  [166/817] groupby_histogram [Device=0 T=I64 null_probability=0 cardinality=1000 num_rows=100000]
Pass: Cold: 0.535033ms GPU, 0.538749ms CPU, 0.51s total GPU, 0.53s total wall, 944x 
Run:  [167/817] groupby_histogram [Device=0 T=I64 null_probability=0.1 cardinality=1000 num_rows=100000]
Pass: Cold: 0.613411ms GPU, 0.617054ms CPU, 0.50s total GPU, 0.52s total wall, 816x 
Run:  [168/817] groupby_histogram [Device=0 T=I64 null_probability=0.9 cardinality=1000 num_rows=100000]
Pass: Cold: 0.583901ms GPU, 0.587559ms CPU, 1.55s total GPU, 1.63s total wall, 2656x 
Run:  [169/817] groupby_histogram [Device=0 T=I64 null_probability=0 cardinality=10000 num_rows=100000]
Pass: Cold: 0.536066ms GPU, 0.539753ms CPU, 0.54s total GPU, 0.57s total wall, 1008x 
Run:  [170/817] groupby_histogram [Device=0 T=I64 null_probability=0.1 cardinality=10000 num_rows=100000]
Pass: Cold: 0.618526ms GPU, 0.622256ms CPU, 1.15s total GPU, 1.20s total wall, 1856x 
Run:  [171/817] groupby_histogram [Device=0 T=I64 null_probability=0.9 cardinality=10000 num_rows=100000]
Pass: Cold: 0.599224ms GPU, 0.602926ms CPU, 0.51s total GPU, 0.53s total wall, 848x 
Run:  [172/817] groupby_histogram [Device=0 T=I64 null_probability=0 cardinality=100000 num_rows=100000]
Pass: Cold: 0.535479ms GPU, 0.539235ms CPU, 1.13s total GPU, 1.19s total wall, 2112x 
Run:  [173/817] groupby_histogram [Device=0 T=I64 null_probability=0.1 cardinality=100000 num_rows=100000]
Pass: Cold: 0.612556ms GPU, 0.616251ms CPU, 0.51s total GPU, 0.53s total wall, 832x 
Run:  [174/817] groupby_histogram [Device=0 T=I64 null_probability=0.9 cardinality=100000 num_rows=100000]
Pass: Cold: 0.607404ms GPU, 0.611111ms CPU, 0.51s total GPU, 0.53s total wall, 832x 
Run:  [175/817] groupby_histogram [Device=0 T=I64 null_probability=0 cardinality=1000000 num_rows=100000]
Skip: cardinality > num_rows
Run:  [176/817] groupby_histogram [Device=0 T=I64 null_probability=0.1 cardinality=1000000 num_rows=100000]
Skip: cardinality > num_rows
Run:  [177/817] groupby_histogram [Device=0 T=I64 null_probability=0.9 cardinality=1000000 num_rows=100000]
Skip: cardinality > num_rows
Run:  [178/817] groupby_histogram [Device=0 T=I64 null_probability=0 cardinality=10000000 num_rows=100000]
Skip: cardinality > num_rows
Run:  [179/817] groupby_histogram [Device=0 T=I64 null_probability=0.1 cardinality=10000000 num_rows=100000]
Skip: cardinality > num_rows
Run:  [180/817] groupby_histogram [Device=0 T=I64 null_probability=0.9 cardinality=10000000 num_rows=100000]
Skip: cardinality > num_rows
Run:  [181/817] groupby_histogram [Device=0 T=I64 null_probability=0 cardinality=100 num_rows=1000000]
Pass: Cold: 3.074979ms GPU, 3.078622ms CPU, 4.18s total GPU, 4.22s total wall, 1360x 
Run:  [182/817] groupby_histogram [Device=0 T=I64 null_probability=0.1 cardinality=100 num_rows=1000000]
Pass: Cold: 3.162023ms GPU, 3.165672ms CPU, 4.76s total GPU, 4.79s total wall, 1504x 
Run:  [183/817] groupby_histogram [Device=0 T=I64 null_probability=0.9 cardinality=100 num_rows=1000000]
Pass: Cold: 2.667055ms GPU, 2.670703ms CPU, 0.50s total GPU, 0.51s total wall, 188x 
Run:  [184/817] groupby_histogram [Device=0 T=I64 null_probability=0 cardinality=1000 num_rows=1000000]
Pass: Cold: 3.133628ms GPU, 3.137308ms CPU, 0.50s total GPU, 0.51s total wall, 160x 
Run:  [185/817] groupby_histogram [Device=0 T=I64 null_probability=0.1 cardinality=1000 num_rows=1000000]
Pass: Cold: 3.223932ms GPU, 3.227537ms CPU, 4.38s total GPU, 4.42s total wall, 1360x 
Run:  [186/817] groupby_histogram [Device=0 T=I64 null_probability=0.9 cardinality=1000 num_rows=1000000]
Pass: Cold: 2.744712ms GPU, 2.748335ms CPU, 1.45s total GPU, 1.46s total wall, 529x 
Run:  [187/817] groupby_histogram [Device=0 T=I64 null_probability=0 cardinality=10000 num_rows=1000000]
Pass: Cold: 3.103402ms GPU, 3.107164ms CPU, 0.50s total GPU, 0.51s total wall, 162x 
Run:  [188/817] groupby_histogram [Device=0 T=I64 null_probability=0.1 cardinality=10000 num_rows=1000000]
Pass: Cold: 3.208996ms GPU, 3.212745ms CPU, 4.88s total GPU, 4.91s total wall, 1520x 
Run:  [189/817] groupby_histogram [Device=0 T=I64 null_probability=0.9 cardinality=10000 num_rows=1000000]
Pass: Cold: 2.801843ms GPU, 2.805600ms CPU, 0.50s total GPU, 0.51s total wall, 179x 
Run:  [190/817] groupby_histogram [Device=0 T=I64 null_probability=0 cardinality=100000 num_rows=1000000]
Pass: Cold: 3.133401ms GPU, 3.137219ms CPU, 0.50s total GPU, 0.50s total wall, 160x 
Run:  [191/817] groupby_histogram [Device=0 T=I64 null_probability=0.1 cardinality=100000 num_rows=1000000]
Pass: Cold: 3.257980ms GPU, 3.261831ms CPU, 4.69s total GPU, 4.73s total wall, 1440x 
Run:  [192/817] groupby_histogram [Device=0 T=I64 null_probability=0.9 cardinality=100000 num_rows=1000000]
Pass: Cold: 3.015688ms GPU, 3.019579ms CPU, 0.50s total GPU, 0.50s total wall, 166x 
Run:  [193/817] groupby_histogram [Device=0 T=I64 null_probability=0 cardinality=1000000 num_rows=1000000]
Pass: Cold: 3.147843ms GPU, 3.151771ms CPU, 0.50s total GPU, 0.50s total wall, 159x 
Run:  [194/817] groupby_histogram [Device=0 T=I64 null_probability=0.1 cardinality=1000000 num_rows=1000000]
Pass: Cold: 3.261634ms GPU, 3.265424ms CPU, 0.50s total GPU, 0.51s total wall, 154x 
Run:  [195/817] groupby_histogram [Device=0 T=I64 null_probability=0.9 cardinality=1000000 num_rows=1000000]
Pass: Cold: 3.196599ms GPU, 3.200454ms CPU, 1.77s total GPU, 1.79s total wall, 555x 
Run:  [196/817] groupby_histogram [Device=0 T=I64 null_probability=0 cardinality=10000000 num_rows=1000000]
Skip: cardinality > num_rows
Run:  [197/817] groupby_histogram [Device=0 T=I64 null_probability=0.1 cardinality=10000000 num_rows=1000000]
Skip: cardinality > num_rows
Run:  [198/817] groupby_histogram [Device=0 T=I64 null_probability=0.9 cardinality=10000000 num_rows=1000000]
Skip: cardinality > num_rows
Run:  [199/817] groupby_histogram [Device=0 T=I64 null_probability=0 cardinality=100 num_rows=10000000]
Pass: Cold: 30.114559ms GPU, 30.118112ms CPU, 0.63s total GPU, 0.63s total wall, 21x 
Run:  [200/817] groupby_histogram [Device=0 T=I64 null_probability=0.1 cardinality=100 num_rows=10000000]
Pass: Cold: 30.189877ms GPU, 30.193209ms CPU, 0.51s total GPU, 0.51s total wall, 17x 
Run:  [201/817] groupby_histogram [Device=0 T=I64 null_probability=0.9 cardinality=100 num_rows=10000000]
Pass: Cold: 25.602711ms GPU, 25.606266ms CPU, 13.52s total GPU, 13.53s total wall, 528x 
Run:  [202/817] groupby_histogram [Device=0 T=I64 null_probability=0 cardinality=1000 num_rows=10000000]
Pass: Cold: 30.444802ms GPU, 30.448917ms CPU, 0.52s total GPU, 0.52s total wall, 17x 
Run:  [203/817] groupby_histogram [Device=0 T=I64 null_probability=0.1 cardinality=1000 num_rows=10000000]
Pass: Cold: 30.719906ms GPU, 30.723539ms CPU, 0.52s total GPU, 0.52s total wall, 17x 
Run:  [204/817] groupby_histogram [Device=0 T=I64 null_probability=0.9 cardinality=1000 num_rows=10000000]
Pass: Cold: 25.615988ms GPU, 25.619626ms CPU, 14.34s total GPU, 14.36s total wall, 560x 
Run:  [205/817] groupby_histogram [Device=0 T=I64 null_probability=0 cardinality=10000 num_rows=10000000]
Pass: Cold: 30.831557ms GPU, 30.835195ms CPU, 2.96s total GPU, 2.96s total wall, 96x 
Run:  [206/817] groupby_histogram [Device=0 T=I64 null_probability=0.1 cardinality=10000 num_rows=10000000]
Pass: Cold: 31.073160ms GPU, 31.076789ms CPU, 0.65s total GPU, 0.65s total wall, 21x 
Run:  [207/817] groupby_histogram [Device=0 T=I64 null_probability=0.9 cardinality=10000 num_rows=10000000]
Pass: Cold: 26.209080ms GPU, 26.212845ms CPU, 4.61s total GPU, 4.62s total wall, 176x 
Run:  [208/817] groupby_histogram [Device=0 T=I64 null_probability=0 cardinality=100000 num_rows=10000000]
Pass: Cold: 30.745068ms GPU, 30.748888ms CPU, 1.88s total GPU, 1.88s total wall, 61x 
Run:  [209/817] groupby_histogram [Device=0 T=I64 null_probability=0.1 cardinality=100000 num_rows=10000000]
Pass: Cold: 31.082518ms GPU, 31.086158ms CPU, 3.98s total GPU, 3.98s total wall, 128x 
Run:  [210/817] groupby_histogram [Device=0 T=I64 null_probability=0.9 cardinality=100000 num_rows=10000000]
Warn: Current measurement timed out (15.01s) while over noise threshold (0.65% > 0.50%)
Pass: Cold: 26.964497ms GPU, 26.968245ms CPU, 14.99s total GPU, 15.01s total wall, 556x 
Run:  [211/817] groupby_histogram [Device=0 T=I64 null_probability=0 cardinality=1000000 num_rows=10000000]
Warn: Current measurement timed out (15.02s) while over noise threshold (0.60% > 0.50%)
Pass: Cold: 31.322041ms GPU, 31.325884ms CPU, 15.00s total GPU, 15.02s total wall, 479x 
Run:  [212/817] groupby_histogram [Device=0 T=I64 null_probability=0.1 cardinality=1000000 num_rows=10000000]
Warn: Current measurement timed out (15.00s) while over noise threshold (0.59% > 0.50%)
Pass: Cold: 31.829064ms GPU, 31.832978ms CPU, 14.99s total GPU, 15.00s total wall, 471x 
Run:  [213/817] groupby_histogram [Device=0 T=I64 null_probability=0.9 cardinality=1000000 num_rows=10000000]
Pass: Cold: 29.446632ms GPU, 29.450684ms CPU, 0.56s total GPU, 0.56s total wall, 19x 
Run:  [214/817] groupby_histogram [Device=0 T=I64 null_probability=0 cardinality=10000000 num_rows=10000000]
Pass: Cold: 31.657988ms GPU, 31.662081ms CPU, 11.65s total GPU, 11.66s total wall, 368x 
Run:  [215/817] groupby_histogram [Device=0 T=I64 null_probability=0.1 cardinality=10000000 num_rows=10000000]
Pass: Cold: 32.062778ms GPU, 32.066840ms CPU, 3.59s total GPU, 3.59s total wall, 112x 
Run:  [216/817] groupby_histogram [Device=0 T=I64 null_probability=0.9 cardinality=10000000 num_rows=10000000]
Pass: Cold: 31.631552ms GPU, 31.635407ms CPU, 0.51s total GPU, 0.51s total wall, 16x 
Run:  [217/817] groupby_histogram [Device=0 T=F32 null_probability=0 cardinality=100 num_rows=100]
Pass: Cold: 0.286799ms GPU, 0.290472ms CPU, 0.59s total GPU, 0.65s total wall, 2048x 
Run:  [218/817] groupby_histogram [Device=0 T=F32 null_probability=0.1 cardinality=100 num_rows=100]
Pass: Cold: 0.354691ms GPU, 0.358277ms CPU, 0.51s total GPU, 0.55s total wall, 1424x 
Run:  [219/817] groupby_histogram [Device=0 T=F32 null_probability=0.9 cardinality=100 num_rows=100]
Pass: Cold: 0.355061ms GPU, 0.358697ms CPU, 0.51s total GPU, 0.55s total wall, 1424x 
Run:  [220/817] groupby_histogram [Device=0 T=F32 null_probability=0 cardinality=1000 num_rows=100]
Skip: cardinality > num_rows
Run:  [221/817] groupby_histogram [Device=0 T=F32 null_probability=0.1 cardinality=1000 num_rows=100]
Skip: cardinality > num_rows
Run:  [222/817] groupby_histogram [Device=0 T=F32 null_probability=0.9 cardinality=1000 num_rows=100]
Skip: cardinality > num_rows
Run:  [223/817] groupby_histogram [Device=0 T=F32 null_probability=0 cardinality=10000 num_rows=100]
Skip: cardinality > num_rows
Run:  [224/817] groupby_histogram [Device=0 T=F32 null_probability=0.1 cardinality=10000 num_rows=100]
Skip: cardinality > num_rows
Run:  [225/817] groupby_histogram [Device=0 T=F32 null_probability=0.9 cardinality=10000 num_rows=100]
Skip: cardinality > num_rows
Run:  [226/817] groupby_histogram [Device=0 T=F32 null_probability=0 cardinality=100000 num_rows=100]
Skip: cardinality > num_rows
Run:  [227/817] groupby_histogram [Device=0 T=F32 null_probability=0.1 cardinality=100000 num_rows=100]
Skip: cardinality > num_rows
Run:  [228/817] groupby_histogram [Device=0 T=F32 null_probability=0.9 cardinality=100000 num_rows=100]
Skip: cardinality > num_rows
Run:  [229/817] groupby_histogram [Device=0 T=F32 null_probability=0 cardinality=1000000 num_rows=100]
Skip: cardinality > num_rows
Run:  [230/817] groupby_histogram [Device=0 T=F32 null_probability=0.1 cardinality=1000000 num_rows=100]
Skip: cardinality > num_rows
Run:  [231/817] groupby_histogram [Device=0 T=F32 null_probability=0.9 cardinality=1000000 num_rows=100]
Skip: cardinality > num_rows
Run:  [232/817] groupby_histogram [Device=0 T=F32 null_probability=0 cardinality=10000000 num_rows=100]
Skip: cardinality > num_rows
Run:  [233/817] groupby_histogram [Device=0 T=F32 null_probability=0.1 cardinality=10000000 num_rows=100]
Skip: cardinality > num_rows
Run:  [234/817] groupby_histogram [Device=0 T=F32 null_probability=0.9 cardinality=10000000 num_rows=100]
Skip: cardinality > num_rows
Run:  [235/817] groupby_histogram [Device=0 T=F32 null_probability=0 cardinality=100 num_rows=1000]
Pass: Cold: 0.297829ms GPU, 0.301482ms CPU, 0.50s total GPU, 0.55s total wall, 1680x 
Run:  [236/817] groupby_histogram [Device=0 T=F32 null_probability=0.1 cardinality=100 num_rows=1000]
Pass: Cold: 0.370842ms GPU, 0.374460ms CPU, 0.85s total GPU, 0.92s total wall, 2288x 
Run:  [237/817] groupby_histogram [Device=0 T=F32 null_probability=0.9 cardinality=100 num_rows=1000]
Pass: Cold: 0.368303ms GPU, 0.371943ms CPU, 0.50s total GPU, 0.54s total wall, 1360x 
Run:  [238/817] groupby_histogram [Device=0 T=F32 null_probability=0 cardinality=1000 num_rows=1000]
Pass: Cold: 0.299117ms GPU, 0.302773ms CPU, 0.50s total GPU, 0.55s total wall, 1680x 
Run:  [239/817] groupby_histogram [Device=0 T=F32 null_probability=0.1 cardinality=1000 num_rows=1000]
Pass: Cold: 0.374352ms GPU, 0.378038ms CPU, 1.04s total GPU, 1.13s total wall, 2768x 
Run:  [240/817] groupby_histogram [Device=0 T=F32 null_probability=0.9 cardinality=1000 num_rows=1000]
Pass: Cold: 0.368166ms GPU, 0.371822ms CPU, 0.50s total GPU, 0.54s total wall, 1360x 
Run:  [241/817] groupby_histogram [Device=0 T=F32 null_probability=0 cardinality=10000 num_rows=1000]
Skip: cardinality > num_rows
Run:  [242/817] groupby_histogram [Device=0 T=F32 null_probability=0.1 cardinality=10000 num_rows=1000]
Skip: cardinality > num_rows
Run:  [243/817] groupby_histogram [Device=0 T=F32 null_probability=0.9 cardinality=10000 num_rows=1000]
Skip: cardinality > num_rows
Run:  [244/817] groupby_histogram [Device=0 T=F32 null_probability=0 cardinality=100000 num_rows=1000]
Skip: cardinality > num_rows
Run:  [245/817] groupby_histogram [Device=0 T=F32 null_probability=0.1 cardinality=100000 num_rows=1000]
Skip: cardinality > num_rows
Run:  [246/817] groupby_histogram [Device=0 T=F32 null_probability=0.9 cardinality=100000 num_rows=1000]
Skip: cardinality > num_rows
Run:  [247/817] groupby_histogram [Device=0 T=F32 null_probability=0 cardinality=1000000 num_rows=1000]
Skip: cardinality > num_rows
Run:  [248/817] groupby_histogram [Device=0 T=F32 null_probability=0.1 cardinality=1000000 num_rows=1000]
Skip: cardinality > num_rows
Run:  [249/817] groupby_histogram [Device=0 T=F32 null_probability=0.9 cardinality=1000000 num_rows=1000]
Skip: cardinality > num_rows
Run:  [250/817] groupby_histogram [Device=0 T=F32 null_probability=0 cardinality=10000000 num_rows=1000]
Skip: cardinality > num_rows
Run:  [251/817] groupby_histogram [Device=0 T=F32 null_probability=0.1 cardinality=10000000 num_rows=1000]
Skip: cardinality > num_rows
Run:  [252/817] groupby_histogram [Device=0 T=F32 null_probability=0.9 cardinality=10000000 num_rows=1000]
Skip: cardinality > num_rows
Run:  [253/817] groupby_histogram [Device=0 T=F32 null_probability=0 cardinality=100 num_rows=10000]
Pass: Cold: 0.371012ms GPU, 0.374602ms CPU, 0.50s total GPU, 0.55s total wall, 1360x 
Run:  [254/817] groupby_histogram [Device=0 T=F32 null_probability=0.1 cardinality=100 num_rows=10000]
Pass: Cold: 0.448952ms GPU, 0.452559ms CPU, 1.00s total GPU, 1.07s total wall, 2224x 
Run:  [255/817] groupby_histogram [Device=0 T=F32 null_probability=0.9 cardinality=100 num_rows=10000]
Pass: Cold: 0.442615ms GPU, 0.446212ms CPU, 0.50s total GPU, 0.54s total wall, 1136x 
Run:  [256/817] groupby_histogram [Device=0 T=F32 null_probability=0 cardinality=1000 num_rows=10000]
Pass: Cold: 0.381455ms GPU, 0.385123ms CPU, 0.67s total GPU, 0.73s total wall, 1760x 
Run:  [257/817] groupby_histogram [Device=0 T=F32 null_probability=0.1 cardinality=1000 num_rows=10000]
Pass: Cold: 0.451061ms GPU, 0.454628ms CPU, 0.51s total GPU, 0.54s total wall, 1120x 
Run:  [258/817] groupby_histogram [Device=0 T=F32 null_probability=0.9 cardinality=1000 num_rows=10000]
Pass: Cold: 0.443372ms GPU, 0.446977ms CPU, 0.50s total GPU, 0.54s total wall, 1136x 
Run:  [259/817] groupby_histogram [Device=0 T=F32 null_probability=0 cardinality=10000 num_rows=10000]
Pass: Cold: 0.375110ms GPU, 0.378767ms CPU, 0.50s total GPU, 0.55s total wall, 1344x 
Run:  [260/817] groupby_histogram [Device=0 T=F32 null_probability=0.1 cardinality=10000 num_rows=10000]
Pass: Cold: 0.455075ms GPU, 0.458754ms CPU, 1.09s total GPU, 1.17s total wall, 2400x 
Run:  [261/817] groupby_histogram [Device=0 T=F32 null_probability=0.9 cardinality=10000 num_rows=10000]
Pass: Cold: 0.445629ms GPU, 0.449245ms CPU, 0.51s total GPU, 0.54s total wall, 1136x 
Run:  [262/817] groupby_histogram [Device=0 T=F32 null_probability=0 cardinality=100000 num_rows=10000]
Skip: cardinality > num_rows
Run:  [263/817] groupby_histogram [Device=0 T=F32 null_probability=0.1 cardinality=100000 num_rows=10000]
Skip: cardinality > num_rows
Run:  [264/817] groupby_histogram [Device=0 T=F32 null_probability=0.9 cardinality=100000 num_rows=10000]
Skip: cardinality > num_rows
Run:  [265/817] groupby_histogram [Device=0 T=F32 null_probability=0 cardinality=1000000 num_rows=10000]
Skip: cardinality > num_rows
Run:  [266/817] groupby_histogram [Device=0 T=F32 null_probability=0.1 cardinality=1000000 num_rows=10000]
Skip: cardinality > num_rows
Run:  [267/817] groupby_histogram [Device=0 T=F32 null_probability=0.9 cardinality=1000000 num_rows=10000]
Skip: cardinality > num_rows
Run:  [268/817] groupby_histogram [Device=0 T=F32 null_probability=0 cardinality=10000000 num_rows=10000]
Skip: cardinality > num_rows
Run:  [269/817] groupby_histogram [Device=0 T=F32 null_probability=0.1 cardinality=10000000 num_rows=10000]
Skip: cardinality > num_rows
Run:  [270/817] groupby_histogram [Device=0 T=F32 null_probability=0.9 cardinality=10000000 num_rows=10000]
Skip: cardinality > num_rows
Run:  [271/817] groupby_histogram [Device=0 T=F32 null_probability=0 cardinality=100 num_rows=100000]
Pass: Cold: 0.532647ms GPU, 0.536307ms CPU, 1.25s total GPU, 1.33s total wall, 2352x 
Run:  [272/817] groupby_histogram [Device=0 T=F32 null_probability=0.1 cardinality=100 num_rows=100000]
Pass: Cold: 0.606221ms GPU, 0.609829ms CPU, 0.52s total GPU, 0.55s total wall, 864x 
Run:  [273/817] groupby_histogram [Device=0 T=F32 null_probability=0.9 cardinality=100 num_rows=100000]
Pass: Cold: 0.574212ms GPU, 0.577897ms CPU, 0.51s total GPU, 0.53s total wall, 880x 
Run:  [274/817] groupby_histogram [Device=0 T=F32 null_probability=0 cardinality=1000 num_rows=100000]
Pass: Cold: 0.530895ms GPU, 0.534537ms CPU, 0.88s total GPU, 0.93s total wall, 1664x 
Run:  [275/817] groupby_histogram [Device=0 T=F32 null_probability=0.1 cardinality=1000 num_rows=100000]
Pass: Cold: 0.606590ms GPU, 0.610236ms CPU, 1.20s total GPU, 1.26s total wall, 1984x 
Run:  [276/817] groupby_histogram [Device=0 T=F32 null_probability=0.9 cardinality=1000 num_rows=100000]
Pass: Cold: 0.584994ms GPU, 0.588625ms CPU, 1.56s total GPU, 1.65s total wall, 2672x 
Run:  [277/817] groupby_histogram [Device=0 T=F32 null_probability=0 cardinality=10000 num_rows=100000]
Pass: Cold: 0.540188ms GPU, 0.543922ms CPU, 0.67s total GPU, 0.71s total wall, 1248x 
Run:  [278/817] groupby_histogram [Device=0 T=F32 null_probability=0.1 cardinality=10000 num_rows=100000]
Pass: Cold: 0.610603ms GPU, 0.614339ms CPU, 1.35s total GPU, 1.41s total wall, 2208x 
Run:  [279/817] groupby_histogram [Device=0 T=F32 null_probability=0.9 cardinality=10000 num_rows=100000]
Pass: Cold: 0.598788ms GPU, 0.602488ms CPU, 1.31s total GPU, 1.38s total wall, 2192x 
Run:  [280/817] groupby_histogram [Device=0 T=F32 null_probability=0 cardinality=100000 num_rows=100000]
Pass: Cold: 0.533160ms GPU, 0.536930ms CPU, 0.50s total GPU, 0.53s total wall, 944x 
Run:  [281/817] groupby_histogram [Device=0 T=F32 null_probability=0.1 cardinality=100000 num_rows=100000]
Pass: Cold: 0.609154ms GPU, 0.612839ms CPU, 1.32s total GPU, 1.38s total wall, 2160x 
Run:  [282/817] groupby_histogram [Device=0 T=F32 null_probability=0.9 cardinality=100000 num_rows=100000]
Pass: Cold: 0.603221ms GPU, 0.606907ms CPU, 0.66s total GPU, 0.69s total wall, 1088x 
Run:  [283/817] groupby_histogram [Device=0 T=F32 null_probability=0 cardinality=1000000 num_rows=100000]
Skip: cardinality > num_rows
Run:  [284/817] groupby_histogram [Device=0 T=F32 null_probability=0.1 cardinality=1000000 num_rows=100000]
Skip: cardinality > num_rows
Run:  [285/817] groupby_histogram [Device=0 T=F32 null_probability=0.9 cardinality=1000000 num_rows=100000]
Skip: cardinality > num_rows
Run:  [286/817] groupby_histogram [Device=0 T=F32 null_probability=0 cardinality=10000000 num_rows=100000]
Skip: cardinality > num_rows
Run:  [287/817] groupby_histogram [Device=0 T=F32 null_probability=0.1 cardinality=10000000 num_rows=100000]
Skip: cardinality > num_rows
Run:  [288/817] groupby_histogram [Device=0 T=F32 null_probability=0.9 cardinality=10000000 num_rows=100000]
Skip: cardinality > num_rows
Run:  [289/817] groupby_histogram [Device=0 T=F32 null_probability=0 cardinality=100 num_rows=1000000]
Pass: Cold: 2.961988ms GPU, 2.965653ms CPU, 4.50s total GPU, 4.54s total wall, 1520x 
Run:  [290/817] groupby_histogram [Device=0 T=F32 null_probability=0.1 cardinality=100 num_rows=1000000]
Pass: Cold: 3.061083ms GPU, 3.064734ms CPU, 4.55s total GPU, 4.59s total wall, 1488x 
Run:  [291/817] groupby_histogram [Device=0 T=F32 null_probability=0.9 cardinality=100 num_rows=1000000]
Pass: Cold: 2.609753ms GPU, 2.613452ms CPU, 0.86s total GPU, 0.86s total wall, 328x 
Run:  [292/817] groupby_histogram [Device=0 T=F32 null_probability=0 cardinality=1000 num_rows=1000000]
Pass: Cold: 3.024765ms GPU, 3.028470ms CPU, 0.50s total GPU, 0.51s total wall, 166x 
Run:  [293/817] groupby_histogram [Device=0 T=F32 null_probability=0.1 cardinality=1000 num_rows=1000000]
Pass: Cold: 3.115270ms GPU, 3.118942ms CPU, 8.07s total GPU, 8.14s total wall, 2592x 
Run:  [294/817] groupby_histogram [Device=0 T=F32 null_probability=0.9 cardinality=1000 num_rows=1000000]
Pass: Cold: 2.683988ms GPU, 2.687646ms CPU, 6.36s total GPU, 6.41s total wall, 2368x 
Run:  [295/817] groupby_histogram [Device=0 T=F32 null_probability=0 cardinality=10000 num_rows=1000000]
Pass: Cold: 2.996067ms GPU, 2.999916ms CPU, 0.50s total GPU, 0.50s total wall, 167x 
Run:  [296/817] groupby_histogram [Device=0 T=F32 null_probability=0.1 cardinality=10000 num_rows=1000000]
Pass: Cold: 3.105039ms GPU, 3.108659ms CPU, 0.50s total GPU, 0.51s total wall, 162x 
Run:  [297/817] groupby_histogram [Device=0 T=F32 null_probability=0.9 cardinality=10000 num_rows=1000000]
Pass: Cold: 2.741005ms GPU, 2.744758ms CPU, 0.50s total GPU, 0.51s total wall, 183x 
Run:  [298/817] groupby_histogram [Device=0 T=F32 null_probability=0 cardinality=100000 num_rows=1000000]
Pass: Cold: 3.028673ms GPU, 3.032551ms CPU, 0.92s total GPU, 0.93s total wall, 304x 
Run:  [299/817] groupby_histogram [Device=0 T=F32 null_probability=0.1 cardinality=100000 num_rows=1000000]
Pass: Cold: 3.147555ms GPU, 3.151386ms CPU, 0.50s total GPU, 0.50s total wall, 159x 
Run:  [300/817] groupby_histogram [Device=0 T=F32 null_probability=0.9 cardinality=100000 num_rows=1000000]
Pass: Cold: 2.941777ms GPU, 2.945439ms CPU, 0.50s total GPU, 0.50s total wall, 170x 
Run:  [301/817] groupby_histogram [Device=0 T=F32 null_probability=0 cardinality=1000000 num_rows=1000000]
Pass: Cold: 3.068425ms GPU, 3.072219ms CPU, 0.50s total GPU, 0.50s total wall, 163x 
Run:  [302/817] groupby_histogram [Device=0 T=F32 null_probability=0.1 cardinality=1000000 num_rows=1000000]
Pass: Cold: 3.183468ms GPU, 3.187343ms CPU, 4.48s total GPU, 4.52s total wall, 1408x 
Run:  [303/817] groupby_histogram [Device=0 T=F32 null_probability=0.9 cardinality=1000000 num_rows=1000000]
Pass: Cold: 3.120761ms GPU, 3.124667ms CPU, 0.50s total GPU, 0.51s total wall, 161x 
Run:  [304/817] groupby_histogram [Device=0 T=F32 null_probability=0 cardinality=10000000 num_rows=1000000]
Skip: cardinality > num_rows
Run:  [305/817] groupby_histogram [Device=0 T=F32 null_probability=0.1 cardinality=10000000 num_rows=1000000]
Skip: cardinality > num_rows
Run:  [306/817] groupby_histogram [Device=0 T=F32 null_probability=0.9 cardinality=10000000 num_rows=1000000]
Skip: cardinality > num_rows
Run:  [307/817] groupby_histogram [Device=0 T=F32 null_probability=0 cardinality=100 num_rows=10000000]
Pass: Cold: 29.212556ms GPU, 29.216227ms CPU, 0.53s total GPU, 0.53s total wall, 18x 
Run:  [308/817] groupby_histogram [Device=0 T=F32 null_probability=0.1 cardinality=100 num_rows=10000000]
Warn: Current measurement timed out (15.00s) while over noise threshold (0.51% > 0.50%)
Pass: Cold: 29.448603ms GPU, 29.452344ms CPU, 14.99s total GPU, 15.00s total wall, 509x 
Run:  [309/817] groupby_histogram [Device=0 T=F32 null_probability=0.9 cardinality=100 num_rows=10000000]
Pass: Cold: 25.261896ms GPU, 25.265819ms CPU, 2.43s total GPU, 2.43s total wall, 96x 
Run:  [310/817] groupby_histogram [Device=0 T=F32 null_probability=0 cardinality=1000 num_rows=10000000]
Pass: Cold: 29.662598ms GPU, 29.666063ms CPU, 0.50s total GPU, 0.50s total wall, 17x 
Run:  [311/817] groupby_histogram [Device=0 T=F32 null_probability=0.1 cardinality=1000 num_rows=10000000]
Pass: Cold: 29.940937ms GPU, 29.944614ms CPU, 0.72s total GPU, 0.72s total wall, 24x 
Run:  [312/817] groupby_histogram [Device=0 T=F32 null_probability=0.9 cardinality=1000 num_rows=10000000]
Pass: Cold: 25.320277ms GPU, 25.324037ms CPU, 14.58s total GPU, 14.60s total wall, 576x 
Run:  [313/817] groupby_histogram [Device=0 T=F32 null_probability=0 cardinality=10000 num_rows=10000000]
Warn: Current measurement timed out (15.02s) while over noise threshold (0.56% > 0.50%)
Pass: Cold: 30.128040ms GPU, 30.131792ms CPU, 15.00s total GPU, 15.02s total wall, 498x 
Run:  [314/817] groupby_histogram [Device=0 T=F32 null_probability=0.1 cardinality=10000 num_rows=10000000]
Warn: Current measurement timed out (15.01s) while over noise threshold (0.57% > 0.50%)
Pass: Cold: 30.301433ms GPU, 30.305162ms CPU, 15.00s total GPU, 15.01s total wall, 495x 
Run:  [315/817] groupby_histogram [Device=0 T=F32 null_probability=0.9 cardinality=10000 num_rows=10000000]
Pass: Cold: 25.893531ms GPU, 25.897296ms CPU, 12.01s total GPU, 12.03s total wall, 464x 
Run:  [316/817] groupby_histogram [Device=0 T=F32 null_probability=0 cardinality=100000 num_rows=10000000]
Pass: Cold: 30.030138ms GPU, 30.033783ms CPU, 0.51s total GPU, 0.51s total wall, 17x 
Run:  [317/817] groupby_histogram [Device=0 T=F32 null_probability=0.1 cardinality=100000 num_rows=10000000]
Warn: Current measurement timed out (15.01s) while over noise threshold (0.60% > 0.50%)
Pass: Cold: 30.413216ms GPU, 30.417041ms CPU, 14.99s total GPU, 15.01s total wall, 493x 
Run:  [318/817] groupby_histogram [Device=0 T=F32 null_probability=0.9 cardinality=100000 num_rows=10000000]
Pass: Cold: 26.680573ms GPU, 26.684528ms CPU, 14.51s total GPU, 14.53s total wall, 544x 
Run:  [319/817] groupby_histogram [Device=0 T=F32 null_probability=0 cardinality=1000000 num_rows=10000000]
Pass: Cold: 30.688149ms GPU, 30.692103ms CPU, 9.82s total GPU, 9.83s total wall, 320x 
Run:  [320/817] groupby_histogram [Device=0 T=F32 null_probability=0.1 cardinality=1000000 num_rows=10000000]
Pass: Cold: 31.172226ms GPU, 31.176236ms CPU, 0.53s total GPU, 0.53s total wall, 17x 
Run:  [321/817] groupby_histogram [Device=0 T=F32 null_probability=0.9 cardinality=1000000 num_rows=10000000]
Warn: Current measurement timed out (15.03s) while over noise threshold (0.62% > 0.50%)
Pass: Cold: 29.035526ms GPU, 29.039512ms CPU, 15.01s total GPU, 15.03s total wall, 517x 
Run:  [322/817] groupby_histogram [Device=0 T=F32 null_probability=0 cardinality=10000000 num_rows=10000000]
Warn: Current measurement timed out (15.02s) while over noise threshold (0.61% > 0.50%)
Pass: Cold: 31.194606ms GPU, 31.198640ms CPU, 15.00s total GPU, 15.02s total wall, 481x 
Run:  [323/817] groupby_histogram [Device=0 T=F32 null_probability=0.1 cardinality=10000000 num_rows=10000000]
Pass: Cold: 31.714342ms GPU, 31.718657ms CPU, 0.51s total GPU, 0.51s total wall, 16x 
Run:  [324/817] groupby_histogram [Device=0 T=F32 null_probability=0.9 cardinality=10000000 num_rows=10000000]
Pass: Cold: 31.148581ms GPU, 31.152654ms CPU, 1.68s total GPU, 1.68s total wall, 54x 
Run:  [325/817] groupby_histogram [Device=0 T=F64 null_probability=0 cardinality=100 num_rows=100]
Pass: Cold: 0.286677ms GPU, 0.290337ms CPU, 0.50s total GPU, 0.56s total wall, 1760x 
Run:  [326/817] groupby_histogram [Device=0 T=F64 null_probability=0.1 cardinality=100 num_rows=100]
Pass: Cold: 0.356113ms GPU, 0.359685ms CPU, 0.50s total GPU, 0.55s total wall, 1408x 
Run:  [327/817] groupby_histogram [Device=0 T=F64 null_probability=0.9 cardinality=100 num_rows=100]
Pass: Cold: 0.357058ms GPU, 0.360712ms CPU, 0.73s total GPU, 0.80s total wall, 2048x 
Run:  [328/817] groupby_histogram [Device=0 T=F64 null_probability=0 cardinality=1000 num_rows=100]
Skip: cardinality > num_rows
Run:  [329/817] groupby_histogram [Device=0 T=F64 null_probability=0.1 cardinality=1000 num_rows=100]
Skip: cardinality > num_rows
Run:  [330/817] groupby_histogram [Device=0 T=F64 null_probability=0.9 cardinality=1000 num_rows=100]
Skip: cardinality > num_rows
Run:  [331/817] groupby_histogram [Device=0 T=F64 null_probability=0 cardinality=10000 num_rows=100]
Skip: cardinality > num_rows
Run:  [332/817] groupby_histogram [Device=0 T=F64 null_probability=0.1 cardinality=10000 num_rows=100]
Skip: cardinality > num_rows
Run:  [333/817] groupby_histogram [Device=0 T=F64 null_probability=0.9 cardinality=10000 num_rows=100]
Skip: cardinality > num_rows
Run:  [334/817] groupby_histogram [Device=0 T=F64 null_probability=0 cardinality=100000 num_rows=100]
Skip: cardinality > num_rows
Run:  [335/817] groupby_histogram [Device=0 T=F64 null_probability=0.1 cardinality=100000 num_rows=100]
Skip: cardinality > num_rows
Run:  [336/817] groupby_histogram [Device=0 T=F64 null_probability=0.9 cardinality=100000 num_rows=100]
Skip: cardinality > num_rows
Run:  [337/817] groupby_histogram [Device=0 T=F64 null_probability=0 cardinality=1000000 num_rows=100]
Skip: cardinality > num_rows
Run:  [338/817] groupby_histogram [Device=0 T=F64 null_probability=0.1 cardinality=1000000 num_rows=100]
Skip: cardinality > num_rows
Run:  [339/817] groupby_histogram [Device=0 T=F64 null_probability=0.9 cardinality=1000000 num_rows=100]
Skip: cardinality > num_rows
Run:  [340/817] groupby_histogram [Device=0 T=F64 null_probability=0 cardinality=10000000 num_rows=100]
Skip: cardinality > num_rows
Run:  [341/817] groupby_histogram [Device=0 T=F64 null_probability=0.1 cardinality=10000000 num_rows=100]
Skip: cardinality > num_rows
Run:  [342/817] groupby_histogram [Device=0 T=F64 null_probability=0.9 cardinality=10000000 num_rows=100]
Skip: cardinality > num_rows
Run:  [343/817] groupby_histogram [Device=0 T=F64 null_probability=0 cardinality=100 num_rows=1000]
Pass: Cold: 0.299807ms GPU, 0.303467ms CPU, 0.50s total GPU, 0.56s total wall, 1680x 
Run:  [344/817] groupby_histogram [Device=0 T=F64 null_probability=0.1 cardinality=100 num_rows=1000]
Pass: Cold: 0.367365ms GPU, 0.371020ms CPU, 0.51s total GPU, 0.55s total wall, 1376x 
Run:  [345/817] groupby_histogram [Device=0 T=F64 null_probability=0.9 cardinality=100 num_rows=1000]
Pass: Cold: 0.369394ms GPU, 0.373014ms CPU, 0.87s total GPU, 0.94s total wall, 2352x 
Run:  [346/817] groupby_histogram [Device=0 T=F64 null_probability=0 cardinality=1000 num_rows=1000]
Pass: Cold: 0.297764ms GPU, 0.301408ms CPU, 0.50s total GPU, 0.55s total wall, 1680x 
Run:  [347/817] groupby_histogram [Device=0 T=F64 null_probability=0.1 cardinality=1000 num_rows=1000]
Pass: Cold: 0.370178ms GPU, 0.373782ms CPU, 0.50s total GPU, 0.55s total wall, 1360x 
Run:  [348/817] groupby_histogram [Device=0 T=F64 null_probability=0.9 cardinality=1000 num_rows=1000]
Pass: Cold: 0.372680ms GPU, 0.376297ms CPU, 0.99s total GPU, 1.07s total wall, 2656x 
Run:  [349/817] groupby_histogram [Device=0 T=F64 null_probability=0 cardinality=10000 num_rows=1000]
Skip: cardinality > num_rows
Run:  [350/817] groupby_histogram [Device=0 T=F64 null_probability=0.1 cardinality=10000 num_rows=1000]
Skip: cardinality > num_rows
Run:  [351/817] groupby_histogram [Device=0 T=F64 null_probability=0.9 cardinality=10000 num_rows=1000]
Skip: cardinality > num_rows
Run:  [352/817] groupby_histogram [Device=0 T=F64 null_probability=0 cardinality=100000 num_rows=1000]
Skip: cardinality > num_rows
Run:  [353/817] groupby_histogram [Device=0 T=F64 null_probability=0.1 cardinality=100000 num_rows=1000]
Skip: cardinality > num_rows
Run:  [354/817] groupby_histogram [Device=0 T=F64 null_probability=0.9 cardinality=100000 num_rows=1000]
Skip: cardinality > num_rows
Run:  [355/817] groupby_histogram [Device=0 T=F64 null_probability=0 cardinality=1000000 num_rows=1000]
Skip: cardinality > num_rows
Run:  [356/817] groupby_histogram [Device=0 T=F64 null_probability=0.1 cardinality=1000000 num_rows=1000]
Skip: cardinality > num_rows
Run:  [357/817] groupby_histogram [Device=0 T=F64 null_probability=0.9 cardinality=1000000 num_rows=1000]
Skip: cardinality > num_rows
Run:  [358/817] groupby_histogram [Device=0 T=F64 null_probability=0 cardinality=10000000 num_rows=1000]
Skip: cardinality > num_rows
Run:  [359/817] groupby_histogram [Device=0 T=F64 null_probability=0.1 cardinality=10000000 num_rows=1000]
Skip: cardinality > num_rows
Run:  [360/817] groupby_histogram [Device=0 T=F64 null_probability=0.9 cardinality=10000000 num_rows=1000]
Skip: cardinality > num_rows
Run:  [361/817] groupby_histogram [Device=0 T=F64 null_probability=0 cardinality=100 num_rows=10000]
Pass: Cold: 0.376952ms GPU, 0.380526ms CPU, 0.50s total GPU, 0.54s total wall, 1328x 
Run:  [362/817] groupby_histogram [Device=0 T=F64 null_probability=0.1 cardinality=100 num_rows=10000]
Pass: Cold: 0.452138ms GPU, 0.455789ms CPU, 0.51s total GPU, 0.54s total wall, 1120x 
Run:  [363/817] groupby_histogram [Device=0 T=F64 null_probability=0.9 cardinality=100 num_rows=10000]
Pass: Cold: 0.445745ms GPU, 0.449417ms CPU, 1.26s total GPU, 1.36s total wall, 2832x 
Run:  [364/817] groupby_histogram [Device=0 T=F64 null_probability=0 cardinality=1000 num_rows=10000]
Pass: Cold: 0.378928ms GPU, 0.382595ms CPU, 0.50s total GPU, 0.55s total wall, 1328x 
Run:  [365/817] groupby_histogram [Device=0 T=F64 null_probability=0.1 cardinality=1000 num_rows=10000]
Pass: Cold: 0.454488ms GPU, 0.458124ms CPU, 1.16s total GPU, 1.25s total wall, 2560x 
Run:  [366/817] groupby_histogram [Device=0 T=F64 null_probability=0.9 cardinality=1000 num_rows=10000]
Pass: Cold: 0.448252ms GPU, 0.451897ms CPU, 0.50s total GPU, 0.54s total wall, 1120x 
Run:  [367/817] groupby_histogram [Device=0 T=F64 null_probability=0 cardinality=10000 num_rows=10000]
Pass: Cold: 0.380952ms GPU, 0.384653ms CPU, 0.51s total GPU, 0.55s total wall, 1328x 
Run:  [368/817] groupby_histogram [Device=0 T=F64 null_probability=0.1 cardinality=10000 num_rows=10000]
Pass: Cold: 0.456215ms GPU, 0.459846ms CPU, 0.93s total GPU, 1.00s total wall, 2048x 
Run:  [369/817] groupby_histogram [Device=0 T=F64 null_probability=0.9 cardinality=10000 num_rows=10000]
Pass: Cold: 0.452244ms GPU, 0.455890ms CPU, 0.51s total GPU, 0.54s total wall, 1120x 
Run:  [370/817] groupby_histogram [Device=0 T=F64 null_probability=0 cardinality=100000 num_rows=10000]
Skip: cardinality > num_rows
Run:  [371/817] groupby_histogram [Device=0 T=F64 null_probability=0.1 cardinality=100000 num_rows=10000]
Skip: cardinality > num_rows
Run:  [372/817] groupby_histogram [Device=0 T=F64 null_probability=0.9 cardinality=100000 num_rows=10000]
Skip: cardinality > num_rows
Run:  [373/817] groupby_histogram [Device=0 T=F64 null_probability=0 cardinality=1000000 num_rows=10000]
Skip: cardinality > num_rows
Run:  [374/817] groupby_histogram [Device=0 T=F64 null_probability=0.1 cardinality=1000000 num_rows=10000]
Skip: cardinality > num_rows
Run:  [375/817] groupby_histogram [Device=0 T=F64 null_probability=0.9 cardinality=1000000 num_rows=10000]
Skip: cardinality > num_rows
Run:  [376/817] groupby_histogram [Device=0 T=F64 null_probability=0 cardinality=10000000 num_rows=10000]
Skip: cardinality > num_rows
Run:  [377/817] groupby_histogram [Device=0 T=F64 null_probability=0.1 cardinality=10000000 num_rows=10000]
Skip: cardinality > num_rows
Run:  [378/817] groupby_histogram [Device=0 T=F64 null_probability=0.9 cardinality=10000000 num_rows=10000]
Skip: cardinality > num_rows
Run:  [379/817] groupby_histogram [Device=0 T=F64 null_probability=0 cardinality=100 num_rows=100000]
Pass: Cold: 0.540781ms GPU, 0.544388ms CPU, 0.50s total GPU, 0.53s total wall, 928x 
Run:  [380/817] groupby_histogram [Device=0 T=F64 null_probability=0.1 cardinality=100 num_rows=100000]
Pass: Cold: 0.620157ms GPU, 0.623819ms CPU, 1.37s total GPU, 1.44s total wall, 2208x 
Run:  [381/817] groupby_histogram [Device=0 T=F64 null_probability=0.9 cardinality=100 num_rows=100000]
Pass: Cold: 0.578999ms GPU, 0.582619ms CPU, 0.50s total GPU, 0.53s total wall, 864x 
Run:  [382/817] groupby_histogram [Device=0 T=F64 null_probability=0 cardinality=1000 num_rows=100000]
Pass: Cold: 0.539087ms GPU, 0.542716ms CPU, 0.86s total GPU, 0.91s total wall, 1600x 
Run:  [383/817] groupby_histogram [Device=0 T=F64 null_probability=0.1 cardinality=1000 num_rows=100000]
Pass: Cold: 0.618801ms GPU, 0.622471ms CPU, 1.21s total GPU, 1.27s total wall, 1952x 
Run:  [384/817] groupby_histogram [Device=0 T=F64 null_probability=0.9 cardinality=1000 num_rows=100000]
Pass: Cold: 0.588545ms GPU, 0.592161ms CPU, 1.61s total GPU, 1.70s total wall, 2736x 
Run:  [385/817] groupby_histogram [Device=0 T=F64 null_probability=0 cardinality=10000 num_rows=100000]
Pass: Cold: 0.539943ms GPU, 0.543628ms CPU, 1.05s total GPU, 1.10s total wall, 1936x 
Run:  [386/817] groupby_histogram [Device=0 T=F64 null_probability=0.1 cardinality=10000 num_rows=100000]
Pass: Cold: 0.619069ms GPU, 0.622843ms CPU, 0.51s total GPU, 0.53s total wall, 816x 
Run:  [387/817] groupby_histogram [Device=0 T=F64 null_probability=0.9 cardinality=10000 num_rows=100000]
Pass: Cold: 0.601367ms GPU, 0.605097ms CPU, 0.50s total GPU, 0.52s total wall, 832x 
Run:  [388/817] groupby_histogram [Device=0 T=F64 null_probability=0 cardinality=100000 num_rows=100000]
Pass: Cold: 0.543203ms GPU, 0.546920ms CPU, 1.08s total GPU, 1.14s total wall, 1984x 
Run:  [389/817] groupby_histogram [Device=0 T=F64 null_probability=0.1 cardinality=100000 num_rows=100000]
Pass: Cold: 0.620349ms GPU, 0.624078ms CPU, 0.51s total GPU, 0.53s total wall, 816x 
Run:  [390/817] groupby_histogram [Device=0 T=F64 null_probability=0.9 cardinality=100000 num_rows=100000]
Pass: Cold: 0.608821ms GPU, 0.612514ms CPU, 0.51s total GPU, 0.53s total wall, 832x 
Run:  [391/817] groupby_histogram [Device=0 T=F64 null_probability=0 cardinality=1000000 num_rows=100000]
Skip: cardinality > num_rows
Run:  [392/817] groupby_histogram [Device=0 T=F64 null_probability=0.1 cardinality=1000000 num_rows=100000]
Skip: cardinality > num_rows
Run:  [393/817] groupby_histogram [Device=0 T=F64 null_probability=0.9 cardinality=1000000 num_rows=100000]
Skip: cardinality > num_rows
Run:  [394/817] groupby_histogram [Device=0 T=F64 null_probability=0 cardinality=10000000 num_rows=100000]
Skip: cardinality > num_rows
Run:  [395/817] groupby_histogram [Device=0 T=F64 null_probability=0.1 cardinality=10000000 num_rows=100000]
Skip: cardinality > num_rows
Run:  [396/817] groupby_histogram [Device=0 T=F64 null_probability=0.9 cardinality=10000000 num_rows=100000]
Skip: cardinality > num_rows
Run:  [397/817] groupby_histogram [Device=0 T=F64 null_probability=0 cardinality=100 num_rows=1000000]
Pass: Cold: 3.072625ms GPU, 3.076331ms CPU, 1.77s total GPU, 1.78s total wall, 576x 
Run:  [398/817] groupby_histogram [Device=0 T=F64 null_probability=0.1 cardinality=100 num_rows=1000000]
Pass: Cold: 3.166082ms GPU, 3.169774ms CPU, 3.19s total GPU, 3.22s total wall, 1008x 
Run:  [399/817] groupby_histogram [Device=0 T=F64 null_probability=0.9 cardinality=100 num_rows=1000000]
Pass: Cold: 2.667763ms GPU, 2.671390ms CPU, 1.08s total GPU, 1.09s total wall, 406x 
Run:  [400/817] groupby_histogram [Device=0 T=F64 null_probability=0 cardinality=1000 num_rows=1000000]
Pass: Cold: 3.138234ms GPU, 3.141872ms CPU, 1.74s total GPU, 1.76s total wall, 556x 
Run:  [401/817] groupby_histogram [Device=0 T=F64 null_probability=0.1 cardinality=1000 num_rows=1000000]
Pass: Cold: 3.229623ms GPU, 3.233232ms CPU, 0.50s total GPU, 0.50s total wall, 155x 
Run:  [402/817] groupby_histogram [Device=0 T=F64 null_probability=0.9 cardinality=1000 num_rows=1000000]
Pass: Cold: 2.749743ms GPU, 2.753482ms CPU, 2.73s total GPU, 2.75s total wall, 992x 
Run:  [403/817] groupby_histogram [Device=0 T=F64 null_probability=0 cardinality=10000 num_rows=1000000]
Pass: Cold: 3.108895ms GPU, 3.112796ms CPU, 0.50s total GPU, 0.50s total wall, 161x 
Run:  [404/817] groupby_histogram [Device=0 T=F64 null_probability=0.1 cardinality=10000 num_rows=1000000]
Pass: Cold: 3.211916ms GPU, 3.215682ms CPU, 0.50s total GPU, 0.50s total wall, 156x 
Run:  [405/817] groupby_histogram [Device=0 T=F64 null_probability=0.9 cardinality=10000 num_rows=1000000]
Pass: Cold: 2.808965ms GPU, 2.812639ms CPU, 2.97s total GPU, 2.99s total wall, 1056x 
Run:  [406/817] groupby_histogram [Device=0 T=F64 null_probability=0 cardinality=100000 num_rows=1000000]
Pass: Cold: 3.137025ms GPU, 3.140881ms CPU, 0.50s total GPU, 0.51s total wall, 160x 
Run:  [407/817] groupby_histogram [Device=0 T=F64 null_probability=0.1 cardinality=100000 num_rows=1000000]
Pass: Cold: 3.258765ms GPU, 3.262671ms CPU, 0.50s total GPU, 0.51s total wall, 154x 
Run:  [408/817] groupby_histogram [Device=0 T=F64 null_probability=0.9 cardinality=100000 num_rows=1000000]
Pass: Cold: 3.019851ms GPU, 3.023679ms CPU, 1.70s total GPU, 1.71s total wall, 563x 
Run:  [409/817] groupby_histogram [Device=0 T=F64 null_probability=0 cardinality=1000000 num_rows=1000000]
Pass: Cold: 3.186003ms GPU, 3.190058ms CPU, 0.50s total GPU, 0.50s total wall, 157x 
Run:  [410/817] groupby_histogram [Device=0 T=F64 null_probability=0.1 cardinality=1000000 num_rows=1000000]
Pass: Cold: 3.292419ms GPU, 3.296286ms CPU, 2.21s total GPU, 2.23s total wall, 672x 
Run:  [411/817] groupby_histogram [Device=0 T=F64 null_probability=0.9 cardinality=1000000 num_rows=1000000]
Pass: Cold: 3.206146ms GPU, 3.209934ms CPU, 1.15s total GPU, 1.16s total wall, 360x 
Run:  [412/817] groupby_histogram [Device=0 T=F64 null_probability=0 cardinality=10000000 num_rows=1000000]
Skip: cardinality > num_rows
Run:  [413/817] groupby_histogram [Device=0 T=F64 null_probability=0.1 cardinality=10000000 num_rows=1000000]
Skip: cardinality > num_rows
Run:  [414/817] groupby_histogram [Device=0 T=F64 null_probability=0.9 cardinality=10000000 num_rows=1000000]
Skip: cardinality > num_rows
Run:  [415/817] groupby_histogram [Device=0 T=F64 null_probability=0 cardinality=100 num_rows=10000000]
Pass: Cold: 30.064608ms GPU, 30.068279ms CPU, 0.51s total GPU, 0.51s total wall, 17x 
Run:  [416/817] groupby_histogram [Device=0 T=F64 null_probability=0.1 cardinality=100 num_rows=10000000]
Pass: Cold: 30.308768ms GPU, 30.312390ms CPU, 0.52s total GPU, 0.52s total wall, 17x 
Run:  [417/817] groupby_histogram [Device=0 T=F64 null_probability=0.9 cardinality=100 num_rows=10000000]
Pass: Cold: 25.592269ms GPU, 25.595952ms CPU, 13.51s total GPU, 13.53s total wall, 528x 
Run:  [418/817] groupby_histogram [Device=0 T=F64 null_probability=0 cardinality=1000 num_rows=10000000]
Pass: Cold: 30.444491ms GPU, 30.448316ms CPU, 0.52s total GPU, 0.52s total wall, 17x 
Run:  [419/817] groupby_histogram [Device=0 T=F64 null_probability=0.1 cardinality=1000 num_rows=10000000]
Pass: Cold: 30.704152ms GPU, 30.707601ms CPU, 0.74s total GPU, 0.74s total wall, 24x 
Run:  [420/817] groupby_histogram [Device=0 T=F64 null_probability=0.9 cardinality=1000 num_rows=10000000]
Pass: Cold: 25.613597ms GPU, 25.617231ms CPU, 13.93s total GPU, 13.95s total wall, 544x 
Run:  [421/817] groupby_histogram [Device=0 T=F64 null_probability=0 cardinality=10000 num_rows=10000000]
Pass: Cold: 30.770512ms GPU, 30.774139ms CPU, 0.62s total GPU, 0.62s total wall, 20x 
Run:  [422/817] groupby_histogram [Device=0 T=F64 null_probability=0.1 cardinality=10000 num_rows=10000000]
Pass: Cold: 31.023145ms GPU, 31.026725ms CPU, 0.53s total GPU, 0.53s total wall, 17x 
Run:  [423/817] groupby_histogram [Device=0 T=F64 null_probability=0.9 cardinality=10000 num_rows=10000000]
Warn: Current measurement timed out (15.01s) while over noise threshold (0.62% > 0.50%)
Pass: Cold: 26.211369ms GPU, 26.215090ms CPU, 14.99s total GPU, 15.01s total wall, 572x 
Run:  [424/817] groupby_histogram [Device=0 T=F64 null_probability=0 cardinality=100000 num_rows=10000000]
Pass: Cold: 30.756410ms GPU, 30.760205ms CPU, 0.77s total GPU, 0.77s total wall, 25x 
Run:  [425/817] groupby_histogram [Device=0 T=F64 null_probability=0.1 cardinality=100000 num_rows=10000000]
Pass: Cold: 31.099459ms GPU, 31.103195ms CPU, 4.48s total GPU, 4.48s total wall, 144x 
Run:  [426/817] groupby_histogram [Device=0 T=F64 null_probability=0.9 cardinality=100000 num_rows=10000000]
Pass: Cold: 26.973601ms GPU, 26.977328ms CPU, 8.20s total GPU, 8.21s total wall, 304x 
Run:  [427/817] groupby_histogram [Device=0 T=F64 null_probability=0 cardinality=1000000 num_rows=10000000]
Pass: Cold: 31.297356ms GPU, 31.301085ms CPU, 0.50s total GPU, 0.50s total wall, 16x 
Run:  [428/817] groupby_histogram [Device=0 T=F64 null_probability=0.1 cardinality=1000000 num_rows=10000000]
Pass: Cold: 31.862226ms GPU, 31.866076ms CPU, 8.67s total GPU, 8.67s total wall, 272x 
Run:  [429/817] groupby_histogram [Device=0 T=F64 null_probability=0.9 cardinality=1000000 num_rows=10000000]
Pass: Cold: 29.303104ms GPU, 29.306929ms CPU, 0.56s total GPU, 0.56s total wall, 19x 
Run:  [430/817] groupby_histogram [Device=0 T=F64 null_probability=0 cardinality=10000000 num_rows=10000000]
Pass: Cold: 31.983801ms GPU, 31.988111ms CPU, 0.93s total GPU, 0.93s total wall, 29x 
Run:  [431/817] groupby_histogram [Device=0 T=F64 null_probability=0.1 cardinality=10000000 num_rows=10000000]
Pass: Cold: 32.411655ms GPU, 32.415551ms CPU, 7.26s total GPU, 7.27s total wall, 224x 
Run:  [432/817] groupby_histogram [Device=0 T=F64 null_probability=0.9 cardinality=10000000 num_rows=10000000]
Warn: Current measurement timed out (15.02s) while over noise threshold (0.57% > 0.50%)
Pass: Cold: 31.595330ms GPU, 31.599326ms CPU, 15.01s total GPU, 15.02s total wall, 475x 
Run:  [433/817] groupby_max [Device=0 T=I32 cardinality=0 num_rows=2^12 null_probability=0 num_aggregations=1]
Pass: Cold: 0.146015ms GPU, 0.149742ms CPU, 0.50s total GPU, 0.61s total wall, 3440x 
Run:  [434/817] groupby_max [Device=0 T=I32 cardinality=0 num_rows=2^18 null_probability=0 num_aggregations=1]
Pass: Cold: 0.639623ms GPU, 0.643367ms CPU, 0.54s total GPU, 0.57s total wall, 848x 
Run:  [435/817] groupby_max [Device=0 T=I32 cardinality=0 num_rows=2^24 null_probability=0 num_aggregations=1]
Pass: Cold: 31.976752ms GPU, 31.980897ms CPU, 0.51s total GPU, 0.51s total wall, 16x 
Run:  [436/817] groupby_max [Device=0 T=I32 cardinality=0 num_rows=2^12 null_probability=0.1 num_aggregations=1]
Pass: Cold: 0.185009ms GPU, 0.188735ms CPU, 0.50s total GPU, 0.59s total wall, 2704x 
Run:  [437/817] groupby_max [Device=0 T=I32 cardinality=0 num_rows=2^18 null_probability=0.1 num_aggregations=1]
Pass: Cold: 0.694890ms GPU, 0.698600ms CPU, 0.50s total GPU, 0.52s total wall, 720x 
Run:  [438/817] groupby_max [Device=0 T=I32 cardinality=0 num_rows=2^24 null_probability=0.1 num_aggregations=1]
Pass: Cold: 32.458082ms GPU, 32.462276ms CPU, 0.52s total GPU, 0.52s total wall, 16x 
Run:  [439/817] groupby_max [Device=0 T=I32 cardinality=0 num_rows=2^12 null_probability=0.9 num_aggregations=1]
Pass: Cold: 0.186174ms GPU, 0.189870ms CPU, 0.57s total GPU, 0.67s total wall, 3056x 
Run:  [440/817] groupby_max [Device=0 T=I32 cardinality=0 num_rows=2^18 null_probability=0.9 num_aggregations=1]
Pass: Cold: 0.667712ms GPU, 0.671405ms CPU, 0.50s total GPU, 0.52s total wall, 752x 
Run:  [441/817] groupby_max [Device=0 T=I32 cardinality=0 num_rows=2^24 null_probability=0.9 num_aggregations=1]
Pass: Cold: 30.639638ms GPU, 30.643706ms CPU, 0.52s total GPU, 0.52s total wall, 17x 
Run:  [442/817] groupby_max [Device=0 T=I32 cardinality=0 num_rows=2^12 null_probability=0 num_aggregations=2]
Pass: Cold: 0.157433ms GPU, 0.161187ms CPU, 0.50s total GPU, 0.60s total wall, 3184x 
Run:  [443/817] groupby_max [Device=0 T=I32 cardinality=0 num_rows=2^18 null_probability=0 num_aggregations=2]
Pass: Cold: 0.689036ms GPU, 0.692739ms CPU, 1.08s total GPU, 1.13s total wall, 1568x 
Run:  [444/817] groupby_max [Device=0 T=I32 cardinality=0 num_rows=2^24 null_probability=0 num_aggregations=2]
Pass: Cold: 34.427081ms GPU, 34.431641ms CPU, 0.52s total GPU, 0.52s total wall, 15x 
Run:  [445/817] groupby_max [Device=0 T=I32 cardinality=0 num_rows=2^12 null_probability=0.1 num_aggregations=2]
Pass: Cold: 0.203608ms GPU, 0.207346ms CPU, 0.58s total GPU, 0.67s total wall, 2848x 
Run:  [446/817] groupby_max [Device=0 T=I32 cardinality=0 num_rows=2^18 null_probability=0.1 num_aggregations=2]
Pass: Cold: 0.760774ms GPU, 0.764509ms CPU, 0.51s total GPU, 0.53s total wall, 672x 
Run:  [447/817] groupby_max [Device=0 T=I32 cardinality=0 num_rows=2^24 null_probability=0.1 num_aggregations=2]
Pass: Cold: 35.110886ms GPU, 35.115017ms CPU, 0.53s total GPU, 0.53s total wall, 15x 
Run:  [448/817] groupby_max [Device=0 T=I32 cardinality=0 num_rows=2^12 null_probability=0.9 num_aggregations=2]
Pass: Cold: 0.201827ms GPU, 0.205596ms CPU, 0.50s total GPU, 0.58s total wall, 2480x 
Run:  [449/817] groupby_max [Device=0 T=I32 cardinality=0 num_rows=2^18 null_probability=0.9 num_aggregations=2]
Pass: Cold: 0.709289ms GPU, 0.713040ms CPU, 1.11s total GPU, 1.16s total wall, 1568x 
Run:  [450/817] groupby_max [Device=0 T=I32 cardinality=0 num_rows=2^24 null_probability=0.9 num_aggregations=2]
Pass: Cold: 31.445992ms GPU, 31.449927ms CPU, 0.50s total GPU, 0.50s total wall, 16x 
Run:  [451/817] groupby_max [Device=0 T=I32 cardinality=0 num_rows=2^12 null_probability=0 num_aggregations=4]
Pass: Cold: 0.179608ms GPU, 0.183318ms CPU, 0.54s total GPU, 0.64s total wall, 3008x 
Run:  [452/817] groupby_max [Device=0 T=I32 cardinality=0 num_rows=2^18 null_probability=0 num_aggregations=4]
Pass: Cold: 0.776203ms GPU, 0.779871ms CPU, 0.51s total GPU, 0.53s total wall, 656x 
Run:  [453/817] groupby_max [Device=0 T=I32 cardinality=0 num_rows=2^24 null_probability=0 num_aggregations=4]
Pass: Cold: 39.347001ms GPU, 39.351222ms CPU, 0.51s total GPU, 0.51s total wall, 13x 
Run:  [454/817] groupby_max [Device=0 T=I32 cardinality=0 num_rows=2^12 null_probability=0.1 num_aggregations=4]
Pass: Cold: 0.238404ms GPU, 0.242153ms CPU, 0.50s total GPU, 0.57s total wall, 2112x 
Run:  [455/817] groupby_max [Device=0 T=I32 cardinality=0 num_rows=2^18 null_probability=0.1 num_aggregations=4]
Pass: Cold: 0.882796ms GPU, 0.886477ms CPU, 1.86s total GPU, 1.93s total wall, 2112x 
Run:  [456/817] groupby_max [Device=0 T=I32 cardinality=0 num_rows=2^24 null_probability=0.1 num_aggregations=4]
Pass: Cold: 40.330040ms GPU, 40.334398ms CPU, 0.52s total GPU, 0.52s total wall, 13x 
Run:  [457/817] groupby_max [Device=0 T=I32 cardinality=0 num_rows=2^12 null_probability=0.9 num_aggregations=4]
Pass: Cold: 0.240207ms GPU, 0.243958ms CPU, 0.50s total GPU, 0.57s total wall, 2096x 
Run:  [458/817] groupby_max [Device=0 T=I32 cardinality=0 num_rows=2^18 null_probability=0.9 num_aggregations=4]
Pass: Cold: 0.783288ms GPU, 0.786939ms CPU, 0.50s total GPU, 0.52s total wall, 640x 
Run:  [459/817] groupby_max [Device=0 T=I32 cardinality=0 num_rows=2^24 null_probability=0.9 num_aggregations=4]
Pass: Cold: 33.272070ms GPU, 33.276604ms CPU, 0.53s total GPU, 0.53s total wall, 16x 
Run:  [460/817] groupby_max [Device=0 T=I32 cardinality=0 num_rows=2^12 null_probability=0 num_aggregations=8]
Pass: Cold: 0.218386ms GPU, 0.222121ms CPU, 0.50s total GPU, 0.58s total wall, 2304x 
Run:  [461/817] groupby_max [Device=0 T=I32 cardinality=0 num_rows=2^18 null_probability=0 num_aggregations=8]
Pass: Cold: 0.963526ms GPU, 0.967234ms CPU, 0.52s total GPU, 0.54s total wall, 544x 
Run:  [462/817] groupby_max [Device=0 T=I32 cardinality=0 num_rows=2^24 null_probability=0 num_aggregations=8]
Pass: Cold: 48.635590ms GPU, 48.640819ms CPU, 0.53s total GPU, 0.54s total wall, 11x 
Run:  [463/817] groupby_max [Device=0 T=I32 cardinality=0 num_rows=2^12 null_probability=0.1 num_aggregations=8]
Pass: Cold: 0.304837ms GPU, 0.308543ms CPU, 0.74s total GPU, 0.81s total wall, 2416x 
Run:  [464/817] groupby_max [Device=0 T=I32 cardinality=0 num_rows=2^18 null_probability=0.1 num_aggregations=8]
Pass: Cold: 1.120484ms GPU, 1.124220ms CPU, 0.59s total GPU, 0.61s total wall, 528x 
Run:  [465/817] groupby_max [Device=0 T=I32 cardinality=0 num_rows=2^24 null_probability=0.1 num_aggregations=8]
Pass: Cold: 51.205932ms GPU, 51.210237ms CPU, 0.56s total GPU, 0.56s total wall, 11x 
Run:  [466/817] groupby_max [Device=0 T=I32 cardinality=0 num_rows=2^12 null_probability=0.9 num_aggregations=8]
Pass: Cold: 0.304937ms GPU, 0.308632ms CPU, 0.72s total GPU, 0.80s total wall, 2368x 
Run:  [467/817] groupby_max [Device=0 T=I32 cardinality=0 num_rows=2^18 null_probability=0.9 num_aggregations=8]
Pass: Cold: 0.929797ms GPU, 0.933503ms CPU, 0.51s total GPU, 0.52s total wall, 544x 
Run:  [468/817] groupby_max [Device=0 T=I32 cardinality=0 num_rows=2^24 null_probability=0.9 num_aggregations=8]
Pass: Cold: 36.799888ms GPU, 36.804202ms CPU, 0.52s total GPU, 0.52s total wall, 14x 
Run:  [469/817] groupby_max [Device=0 T=I32 cardinality=0 num_rows=2^12 null_probability=0 num_aggregations=16]
Pass: Cold: 0.304857ms GPU, 0.308605ms CPU, 0.79s total GPU, 0.87s total wall, 2576x 
Run:  [470/817] groupby_max [Device=0 T=I32 cardinality=0 num_rows=2^18 null_probability=0 num_aggregations=16]
Pass: Cold: 1.323064ms GPU, 1.326673ms CPU, 0.51s total GPU, 0.52s total wall, 384x 
Run:  [471/817] groupby_max [Device=0 T=I32 cardinality=0 num_rows=2^24 null_probability=0 num_aggregations=16]
Pass: Cold: 66.310144ms GPU, 66.314470ms CPU, 0.73s total GPU, 0.73s total wall, 11x 
Run:  [472/817] groupby_max [Device=0 T=I32 cardinality=0 num_rows=2^12 null_probability=0.1 num_aggregations=16]
Pass: Cold: 0.445519ms GPU, 0.449198ms CPU, 1.25s total GPU, 1.34s total wall, 2800x 
Run:  [473/817] groupby_max [Device=0 T=I32 cardinality=0 num_rows=2^18 null_probability=0.1 num_aggregations=16]
Pass: Cold: 1.634480ms GPU, 1.638238ms CPU, 4.37s total GPU, 4.46s total wall, 2672x 
Run:  [474/817] groupby_max [Device=0 T=I32 cardinality=0 num_rows=2^24 null_probability=0.1 num_aggregations=16]
Pass: Cold: 76.091772ms GPU, 76.095720ms CPU, 0.84s total GPU, 0.84s total wall, 11x 
Run:  [475/817] groupby_max [Device=0 T=I32 cardinality=0 num_rows=2^12 null_probability=0.9 num_aggregations=16]
Pass: Cold: 0.442384ms GPU, 0.446101ms CPU, 1.03s total GPU, 1.11s total wall, 2336x 
Run:  [476/817] groupby_max [Device=0 T=I32 cardinality=0 num_rows=2^18 null_probability=0.9 num_aggregations=16]
Pass: Cold: 1.235432ms GPU, 1.239111ms CPU, 1.80s total GPU, 1.85s total wall, 1456x 
Run:  [477/817] groupby_max [Device=0 T=I32 cardinality=0 num_rows=2^24 null_probability=0.9 num_aggregations=16]
Pass: Cold: 44.235392ms GPU, 44.239389ms CPU, 0.53s total GPU, 0.53s total wall, 12x 
Run:  [478/817] groupby_max [Device=0 T=I32 cardinality=0 num_rows=2^12 null_probability=0 num_aggregations=32]
Pass: Cold: 0.459328ms GPU, 0.463102ms CPU, 1.19s total GPU, 1.27s total wall, 2592x 
Run:  [479/817] groupby_max [Device=0 T=I32 cardinality=0 num_rows=2^18 null_probability=0 num_aggregations=32]
Pass: Cold: 2.055582ms GPU, 2.059275ms CPU, 3.03s total GPU, 3.08s total wall, 1472x 
Run:  [480/817] groupby_max [Device=0 T=I32 cardinality=0 num_rows=2^24 null_probability=0 num_aggregations=32]
Pass: Cold: 101.082900ms GPU, 101.086911ms CPU, 1.11s total GPU, 1.11s total wall, 11x 
Run:  [481/817] groupby_max [Device=0 T=I32 cardinality=0 num_rows=2^12 null_probability=0.1 num_aggregations=32]
Pass: Cold: 0.711007ms GPU, 0.714793ms CPU, 0.61s total GPU, 0.64s total wall, 864x 
Run:  [482/817] groupby_max [Device=0 T=I32 cardinality=0 num_rows=2^18 null_probability=0.1 num_aggregations=32]
Pass: Cold: 2.685003ms GPU, 2.688729ms CPU, 6.23s total GPU, 6.31s total wall, 2320x 
Run:  [483/817] groupby_max [Device=0 T=I32 cardinality=0 num_rows=2^24 null_probability=0.1 num_aggregations=32]
Pass: Cold: 128.255048ms GPU, 128.257786ms CPU, 1.41s total GPU, 1.41s total wall, 11x 
Run:  [484/817] groupby_max [Device=0 T=I32 cardinality=0 num_rows=2^12 null_probability=0.9 num_aggregations=32]
Pass: Cold: 0.715066ms GPU, 0.718838ms CPU, 1.91s total GPU, 2.00s total wall, 2672x 
Run:  [485/817] groupby_max [Device=0 T=I32 cardinality=0 num_rows=2^18 null_probability=0.9 num_aggregations=32]
Pass: Cold: 1.850966ms GPU, 1.854693ms CPU, 2.49s total GPU, 2.53s total wall, 1344x 
Run:  [486/817] groupby_max [Device=0 T=I32 cardinality=0 num_rows=2^24 null_probability=0.9 num_aggregations=32]
Pass: Cold: 60.574804ms GPU, 60.579046ms CPU, 0.67s total GPU, 0.67s total wall, 11x 
Run:  [487/817] groupby_max [Device=0 T=I64 cardinality=0 num_rows=2^12 null_probability=0 num_aggregations=1]
Pass: Cold: 0.149008ms GPU, 0.152747ms CPU, 0.50s total GPU, 0.61s total wall, 3360x 
Run:  [488/817] groupby_max [Device=0 T=I64 cardinality=0 num_rows=2^18 null_probability=0 num_aggregations=1]
Pass: Cold: 0.665777ms GPU, 0.669513ms CPU, 0.51s total GPU, 0.53s total wall, 768x 
Run:  [489/817] groupby_max [Device=0 T=I64 cardinality=0 num_rows=2^24 null_probability=0 num_aggregations=1]
Pass: Cold: 33.130990ms GPU, 33.135491ms CPU, 0.53s total GPU, 0.53s total wall, 16x 
Run:  [490/817] groupby_max [Device=0 T=I64 cardinality=0 num_rows=2^12 null_probability=0.1 num_aggregations=1]
Pass: Cold: 0.189844ms GPU, 0.193577ms CPU, 0.50s total GPU, 0.58s total wall, 2640x 
Run:  [491/817] groupby_max [Device=0 T=I64 cardinality=0 num_rows=2^18 null_probability=0.1 num_aggregations=1]
Pass: Cold: 0.721720ms GPU, 0.725460ms CPU, 0.51s total GPU, 0.53s total wall, 704x 
Run:  [492/817] groupby_max [Device=0 T=I64 cardinality=0 num_rows=2^24 null_probability=0.1 num_aggregations=1]
Pass: Cold: 33.502423ms GPU, 33.506742ms CPU, 0.50s total GPU, 0.50s total wall, 15x 
Run:  [493/817] groupby_max [Device=0 T=I64 cardinality=0 num_rows=2^12 null_probability=0.9 num_aggregations=1]
Pass: Cold: 0.191150ms GPU, 0.194916ms CPU, 0.51s total GPU, 0.60s total wall, 2688x 
Run:  [494/817] groupby_max [Device=0 T=I64 cardinality=0 num_rows=2^18 null_probability=0.9 num_aggregations=1]
Pass: Cold: 0.681496ms GPU, 0.685227ms CPU, 0.62s total GPU, 0.65s total wall, 912x 
Run:  [495/817] groupby_max [Device=0 T=I64 cardinality=0 num_rows=2^24 null_probability=0.9 num_aggregations=1]
Pass: Cold: 31.042579ms GPU, 31.046647ms CPU, 0.53s total GPU, 0.53s total wall, 17x 
Run:  [496/817] groupby_max [Device=0 T=I64 cardinality=0 num_rows=2^12 null_probability=0 num_aggregations=2]
Pass: Cold: 0.161296ms GPU, 0.165061ms CPU, 0.50s total GPU, 0.60s total wall, 3104x 
Run:  [497/817] groupby_max [Device=0 T=I64 cardinality=0 num_rows=2^18 null_probability=0 num_aggregations=2]
Pass: Cold: 0.729802ms GPU, 0.733486ms CPU, 0.50s total GPU, 0.52s total wall, 688x 
Run:  [498/817] groupby_max [Device=0 T=I64 cardinality=0 num_rows=2^24 null_probability=0 num_aggregations=2]
Pass: Cold: 36.414587ms GPU, 36.418596ms CPU, 0.51s total GPU, 0.51s total wall, 14x 
Run:  [499/817] groupby_max [Device=0 T=I64 cardinality=0 num_rows=2^12 null_probability=0.1 num_aggregations=2]
Pass: Cold: 0.209511ms GPU, 0.213225ms CPU, 0.56s total GPU, 0.64s total wall, 2656x 
Run:  [500/817] groupby_max [Device=0 T=I64 cardinality=0 num_rows=2^18 null_probability=0.1 num_aggregations=2]
Pass: Cold: 0.805379ms GPU, 0.809116ms CPU, 0.79s total GPU, 0.81s total wall, 976x 
Run:  [501/817] groupby_max [Device=0 T=I64 cardinality=0 num_rows=2^24 null_probability=0.1 num_aggregations=2]
Pass: Cold: 37.029872ms GPU, 37.034246ms CPU, 0.52s total GPU, 0.52s total wall, 14x 
Run:  [502/817] groupby_max [Device=0 T=I64 cardinality=0 num_rows=2^12 null_probability=0.9 num_aggregations=2]
Pass: Cold: 0.210580ms GPU, 0.214312ms CPU, 0.50s total GPU, 0.58s total wall, 2384x 
Run:  [503/817] groupby_max [Device=0 T=I64 cardinality=0 num_rows=2^18 null_probability=0.9 num_aggregations=2]
Pass: Cold: 0.729363ms GPU, 0.733099ms CPU, 0.50s total GPU, 0.52s total wall, 688x 
Run:  [504/817] groupby_max [Device=0 T=I64 cardinality=0 num_rows=2^24 null_probability=0.9 num_aggregations=2]
Pass: Cold: 32.207890ms GPU, 32.211982ms CPU, 0.52s total GPU, 0.52s total wall, 16x 
Run:  [505/817] groupby_max [Device=0 T=I64 cardinality=0 num_rows=2^12 null_probability=0 num_aggregations=4]
Pass: Cold: 0.179094ms GPU, 0.182817ms CPU, 0.50s total GPU, 0.59s total wall, 2800x 
Run:  [506/817] groupby_max [Device=0 T=I64 cardinality=0 num_rows=2^18 null_probability=0 num_aggregations=4]
Pass: Cold: 0.852763ms GPU, 0.856498ms CPU, 1.96s total GPU, 2.04s total wall, 2304x 
Run:  [507/817] groupby_max [Device=0 T=I64 cardinality=0 num_rows=2^24 null_probability=0 num_aggregations=4]
Pass: Cold: 43.008003ms GPU, 43.012206ms CPU, 0.52s total GPU, 0.52s total wall, 12x 
Run:  [508/817] groupby_max [Device=0 T=I64 cardinality=0 num_rows=2^12 null_probability=0.1 num_aggregations=4]
Pass: Cold: 0.242706ms GPU, 0.246440ms CPU, 0.50s total GPU, 0.57s total wall, 2064x 
Run:  [509/817] groupby_max [Device=0 T=I64 cardinality=0 num_rows=2^18 null_probability=0.1 num_aggregations=4]
Pass: Cold: 0.950964ms GPU, 0.954683ms CPU, 0.50s total GPU, 0.52s total wall, 528x 
Run:  [510/817] groupby_max [Device=0 T=I64 cardinality=0 num_rows=2^24 null_probability=0.1 num_aggregations=4]
Pass: Cold: 43.826397ms GPU, 43.830681ms CPU, 0.53s total GPU, 0.53s total wall, 12x 
Run:  [511/817] groupby_max [Device=0 T=I64 cardinality=0 num_rows=2^12 null_probability=0.9 num_aggregations=4]
Pass: Cold: 0.238985ms GPU, 0.242690ms CPU, 0.50s total GPU, 0.57s total wall, 2096x 
Run:  [512/817] groupby_max [Device=0 T=I64 cardinality=0 num_rows=2^18 null_probability=0.9 num_aggregations=4]
Pass: Cold: 0.814555ms GPU, 0.818322ms CPU, 0.51s total GPU, 0.53s total wall, 624x 
Run:  [513/817] groupby_max [Device=0 T=I64 cardinality=0 num_rows=2^24 null_probability=0.9 num_aggregations=4]
Pass: Cold: 34.663840ms GPU, 34.668114ms CPU, 0.52s total GPU, 0.52s total wall, 15x 
Run:  [514/817] groupby_max [Device=0 T=I64 cardinality=0 num_rows=2^12 null_probability=0 num_aggregations=8]
Pass: Cold: 0.223431ms GPU, 0.227167ms CPU, 0.54s total GPU, 0.62s total wall, 2432x 
Run:  [515/817] groupby_max [Device=0 T=I64 cardinality=0 num_rows=2^18 null_probability=0 num_aggregations=8]
Pass: Cold: 1.091118ms GPU, 1.094742ms CPU, 0.80s total GPU, 0.83s total wall, 736x 
Run:  [516/817] groupby_max [Device=0 T=I64 cardinality=0 num_rows=2^24 null_probability=0 num_aggregations=8]
Pass: Cold: 55.550388ms GPU, 55.554824ms CPU, 0.61s total GPU, 0.61s total wall, 11x 
Run:  [517/817] groupby_max [Device=0 T=I64 cardinality=0 num_rows=2^12 null_probability=0.1 num_aggregations=8]
Pass: Cold: 0.311041ms GPU, 0.314804ms CPU, 0.90s total GPU, 0.99s total wall, 2880x 
Run:  [518/817] groupby_max [Device=0 T=I64 cardinality=0 num_rows=2^18 null_probability=0.1 num_aggregations=8]
Pass: Cold: 1.257090ms GPU, 1.260847ms CPU, 0.64s total GPU, 0.66s total wall, 512x 
Run:  [519/817] groupby_max [Device=0 T=I64 cardinality=0 num_rows=2^24 null_probability=0.1 num_aggregations=8]
Pass: Cold: 58.054852ms GPU, 58.059918ms CPU, 0.64s total GPU, 0.64s total wall, 11x 
Run:  [520/817] groupby_max [Device=0 T=I64 cardinality=0 num_rows=2^12 null_probability=0.9 num_aggregations=8]
Pass: Cold: 0.305478ms GPU, 0.309172ms CPU, 0.50s total GPU, 0.56s total wall, 1648x 
Run:  [521/817] groupby_max [Device=0 T=I64 cardinality=0 num_rows=2^18 null_probability=0.9 num_aggregations=8]
Pass: Cold: 0.994001ms GPU, 0.997746ms CPU, 0.95s total GPU, 0.99s total wall, 960x 
Run:  [522/817] groupby_max [Device=0 T=I64 cardinality=0 num_rows=2^24 null_probability=0.9 num_aggregations=8]
Pass: Cold: 39.839810ms GPU, 39.844320ms CPU, 0.52s total GPU, 0.52s total wall, 13x 
Run:  [523/817] groupby_max [Device=0 T=I64 cardinality=0 num_rows=2^12 null_probability=0 num_aggregations=16]
Pass: Cold: 0.301834ms GPU, 0.305605ms CPU, 0.50s total GPU, 0.55s total wall, 1664x 
Run:  [524/817] groupby_max [Device=0 T=I64 cardinality=0 num_rows=2^18 null_probability=0 num_aggregations=16]
Pass: Cold: 1.567933ms GPU, 1.571565ms CPU, 0.93s total GPU, 0.95s total wall, 592x 
Run:  [525/817] groupby_max [Device=0 T=I64 cardinality=0 num_rows=2^24 null_probability=0 num_aggregations=16]
Pass: Cold: 80.672758ms GPU, 80.677169ms CPU, 0.89s total GPU, 0.89s total wall, 11x 
Run:  [526/817] groupby_max [Device=0 T=I64 cardinality=0 num_rows=2^12 null_probability=0.1 num_aggregations=16]
Pass: Cold: 0.446103ms GPU, 0.449810ms CPU, 0.51s total GPU, 0.54s total wall, 1136x 
Run:  [527/817] groupby_max [Device=0 T=I64 cardinality=0 num_rows=2^18 null_probability=0.1 num_aggregations=16]
Pass: Cold: 1.867884ms GPU, 1.871588ms CPU, 2.96s total GPU, 3.01s total wall, 1584x 
Run:  [528/817] groupby_max [Device=0 T=I64 cardinality=0 num_rows=2^24 null_probability=0.1 num_aggregations=16]
Pass: Cold: 88.861380ms GPU, 88.865661ms CPU, 0.98s total GPU, 0.98s total wall, 11x 
Run:  [529/817] groupby_max [Device=0 T=I64 cardinality=0 num_rows=2^12 null_probability=0.9 num_aggregations=16]
Pass: Cold: 0.447528ms GPU, 0.451300ms CPU, 0.50s total GPU, 0.54s total wall, 1120x 
Run:  [530/817] groupby_max [Device=0 T=I64 cardinality=0 num_rows=2^18 null_probability=0.9 num_aggregations=16]
Pass: Cold: 1.364944ms GPU, 1.368668ms CPU, 3.39s total GPU, 3.47s total wall, 2480x 
Run:  [531/817] groupby_max [Device=0 T=I64 cardinality=0 num_rows=2^24 null_probability=0.9 num_aggregations=16]
Pass: Cold: 51.307316ms GPU, 51.311782ms CPU, 0.56s total GPU, 0.56s total wall, 11x 
Run:  [532/817] groupby_max [Device=0 T=I64 cardinality=0 num_rows=2^12 null_probability=0 num_aggregations=32]
Pass: Cold: 0.461476ms GPU, 0.465240ms CPU, 1.19s total GPU, 1.27s total wall, 2576x 
Run:  [533/817] groupby_max [Device=0 T=I64 cardinality=0 num_rows=2^18 null_probability=0 num_aggregations=32]
Pass: Cold: 2.532217ms GPU, 2.535916ms CPU, 3.57s total GPU, 3.61s total wall, 1408x 
Run:  [534/817] groupby_max [Device=0 T=I64 cardinality=0 num_rows=2^24 null_probability=0 num_aggregations=32]
Pass: Cold: 130.796979ms GPU, 130.801724ms CPU, 1.44s total GPU, 1.44s total wall, 11x 
Run:  [535/817] groupby_max [Device=0 T=I64 cardinality=0 num_rows=2^12 null_probability=0.1 num_aggregations=32]
Pass: Cold: 0.724529ms GPU, 0.728343ms CPU, 0.51s total GPU, 0.53s total wall, 704x 
Run:  [536/817] groupby_max [Device=0 T=I64 cardinality=0 num_rows=2^18 null_probability=0.1 num_aggregations=32]
Pass: Cold: 3.138069ms GPU, 3.141832ms CPU, 0.50s total GPU, 0.51s total wall, 160x 
Run:  [537/817] groupby_max [Device=0 T=I64 cardinality=0 num_rows=2^24 null_probability=0.1 num_aggregations=32]
Pass: Cold: 153.344950ms GPU, 153.349492ms CPU, 1.69s total GPU, 1.69s total wall, 11x 
Run:  [538/817] groupby_max [Device=0 T=I64 cardinality=0 num_rows=2^12 null_probability=0.9 num_aggregations=32]
Pass: Cold: 0.723260ms GPU, 0.727135ms CPU, 0.52s total GPU, 0.54s total wall, 720x 
Run:  [539/817] groupby_max [Device=0 T=I64 cardinality=0 num_rows=2^18 null_probability=0.9 num_aggregations=32]
Pass: Cold: 2.114533ms GPU, 2.118257ms CPU, 6.19s total GPU, 6.29s total wall, 2928x 
Run:  [540/817] groupby_max [Device=0 T=I64 cardinality=0 num_rows=2^24 null_probability=0.9 num_aggregations=32]
Pass: Cold: 76.509783ms GPU, 76.514282ms CPU, 0.84s total GPU, 0.84s total wall, 11x 
Run:  [541/817] groupby_max [Device=0 T=F32 cardinality=0 num_rows=2^12 null_probability=0 num_aggregations=1]
Pass: Cold: 0.147732ms GPU, 0.151505ms CPU, 0.50s total GPU, 0.61s total wall, 3392x 
Run:  [542/817] groupby_max [Device=0 T=F32 cardinality=0 num_rows=2^18 null_probability=0 num_aggregations=1]
Pass: Cold: 0.647128ms GPU, 0.650868ms CPU, 0.51s total GPU, 0.53s total wall, 784x 
Run:  [543/817] groupby_max [Device=0 T=F32 cardinality=0 num_rows=2^24 null_probability=0 num_aggregations=1]
Pass: Cold: 31.802282ms GPU, 31.807032ms CPU, 0.51s total GPU, 0.51s total wall, 16x 
Run:  [544/817] groupby_max [Device=0 T=F32 cardinality=0 num_rows=2^12 null_probability=0.1 num_aggregations=1]
Pass: Cold: 0.189819ms GPU, 0.193521ms CPU, 0.50s total GPU, 0.58s total wall, 2640x 
Run:  [545/817] groupby_max [Device=0 T=F32 cardinality=0 num_rows=2^18 null_probability=0.1 num_aggregations=1]
Pass: Cold: 0.694916ms GPU, 0.698689ms CPU, 0.50s total GPU, 0.52s total wall, 720x 
Run:  [546/817] groupby_max [Device=0 T=F32 cardinality=0 num_rows=2^24 null_probability=0.1 num_aggregations=1]
Pass: Cold: 32.174346ms GPU, 32.178510ms CPU, 0.51s total GPU, 0.52s total wall, 16x 
Run:  [547/817] groupby_max [Device=0 T=F32 cardinality=0 num_rows=2^12 null_probability=0.9 num_aggregations=1]
Pass: Cold: 0.191360ms GPU, 0.195071ms CPU, 0.50s total GPU, 0.59s total wall, 2624x 
Run:  [548/817] groupby_max [Device=0 T=F32 cardinality=0 num_rows=2^18 null_probability=0.9 num_aggregations=1]
Pass: Cold: 0.669019ms GPU, 0.672719ms CPU, 0.50s total GPU, 0.52s total wall, 752x 
Run:  [549/817] groupby_max [Device=0 T=F32 cardinality=0 num_rows=2^24 null_probability=0.9 num_aggregations=1]
Pass: Cold: 30.466562ms GPU, 30.470598ms CPU, 0.52s total GPU, 0.52s total wall, 17x 
Run:  [550/817] groupby_max [Device=0 T=F32 cardinality=0 num_rows=2^12 null_probability=0 num_aggregations=2]
Pass: Cold: 0.161597ms GPU, 0.165317ms CPU, 0.50s total GPU, 0.60s total wall, 3104x 
Run:  [551/817] groupby_max [Device=0 T=F32 cardinality=0 num_rows=2^18 null_probability=0 num_aggregations=2]
Pass: Cold: 0.700907ms GPU, 0.704609ms CPU, 0.50s total GPU, 0.53s total wall, 720x 
Run:  [552/817] groupby_max [Device=0 T=F32 cardinality=0 num_rows=2^24 null_probability=0 num_aggregations=2]
Pass: Cold: 34.200379ms GPU, 34.204607ms CPU, 0.51s total GPU, 0.51s total wall, 15x 
Run:  [553/817] groupby_max [Device=0 T=F32 cardinality=0 num_rows=2^12 null_probability=0.1 num_aggregations=2]
Pass: Cold: 0.208623ms GPU, 0.212276ms CPU, 0.50s total GPU, 0.58s total wall, 2400x 
Run:  [554/817] groupby_max [Device=0 T=F32 cardinality=0 num_rows=2^18 null_probability=0.1 num_aggregations=2]
Pass: Cold: 0.763470ms GPU, 0.767157ms CPU, 1.43s total GPU, 1.48s total wall, 1872x 
Run:  [555/817] groupby_max [Device=0 T=F32 cardinality=0 num_rows=2^24 null_probability=0.1 num_aggregations=2]
Pass: Cold: 34.609103ms GPU, 34.613329ms CPU, 0.52s total GPU, 0.52s total wall, 15x 
Run:  [556/817] groupby_max [Device=0 T=F32 cardinality=0 num_rows=2^12 null_probability=0.9 num_aggregations=2]
Pass: Cold: 0.211560ms GPU, 0.215259ms CPU, 0.57s total GPU, 0.65s total wall, 2672x 
Run:  [557/817] groupby_max [Device=0 T=F32 cardinality=0 num_rows=2^18 null_probability=0.9 num_aggregations=2]
Pass: Cold: 0.707933ms GPU, 0.711622ms CPU, 0.51s total GPU, 0.53s total wall, 720x 
Run:  [558/817] groupby_max [Device=0 T=F32 cardinality=0 num_rows=2^24 null_probability=0.9 num_aggregations=2]
Pass: Cold: 31.110515ms GPU, 31.114422ms CPU, 0.53s total GPU, 0.53s total wall, 17x 
Run:  [559/817] groupby_max [Device=0 T=F32 cardinality=0 num_rows=2^12 null_probability=0 num_aggregations=4]
Pass: Cold: 0.181884ms GPU, 0.185636ms CPU, 0.50s total GPU, 0.59s total wall, 2752x 
Run:  [560/817] groupby_max [Device=0 T=F32 cardinality=0 num_rows=2^18 null_probability=0 num_aggregations=4]
Pass: Cold: 0.804294ms GPU, 0.808016ms CPU, 0.66s total GPU, 0.68s total wall, 816x 
Run:  [561/817] groupby_max [Device=0 T=F32 cardinality=0 num_rows=2^24 null_probability=0 num_aggregations=4]
Pass: Cold: 38.839813ms GPU, 38.843721ms CPU, 0.50s total GPU, 0.51s total wall, 13x 
Run:  [562/817] groupby_max [Device=0 T=F32 cardinality=0 num_rows=2^12 null_probability=0.1 num_aggregations=4]
Pass: Cold: 0.248719ms GPU, 0.252476ms CPU, 0.65s total GPU, 0.74s total wall, 2624x 
Run:  [563/817] groupby_max [Device=0 T=F32 cardinality=0 num_rows=2^18 null_probability=0.1 num_aggregations=4]
Pass: Cold: 0.885135ms GPU, 0.888866ms CPU, 0.74s total GPU, 0.76s total wall, 832x 
Run:  [564/817] groupby_max [Device=0 T=F32 cardinality=0 num_rows=2^24 null_probability=0.1 num_aggregations=4]
Pass: Cold: 39.593299ms GPU, 39.597640ms CPU, 0.51s total GPU, 0.52s total wall, 13x 
Run:  [565/817] groupby_max [Device=0 T=F32 cardinality=0 num_rows=2^12 null_probability=0.9 num_aggregations=4]
Pass: Cold: 0.241047ms GPU, 0.244794ms CPU, 0.59s total GPU, 0.67s total wall, 2448x 
Run:  [566/817] groupby_max [Device=0 T=F32 cardinality=0 num_rows=2^18 null_probability=0.9 num_aggregations=4]
Pass: Cold: 0.783060ms GPU, 0.786777ms CPU, 0.56s total GPU, 0.58s total wall, 720x 
Run:  [567/817] groupby_max [Device=0 T=F32 cardinality=0 num_rows=2^24 null_probability=0.9 num_aggregations=4]
Pass: Cold: 32.616170ms GPU, 32.620114ms CPU, 0.52s total GPU, 0.52s total wall, 16x 
Run:  [568/817] groupby_max [Device=0 T=F32 cardinality=0 num_rows=2^12 null_probability=0 num_aggregations=8]
Pass: Cold: 0.217097ms GPU, 0.220837ms CPU, 0.50s total GPU, 0.57s total wall, 2304x 
Run:  [569/817] groupby_max [Device=0 T=F32 cardinality=0 num_rows=2^18 null_probability=0 num_aggregations=8]
Pass: Cold: 1.009668ms GPU, 1.013421ms CPU, 1.44s total GPU, 1.48s total wall, 1424x 
Run:  [570/817] groupby_max [Device=0 T=F32 cardinality=0 num_rows=2^24 null_probability=0 num_aggregations=8]
Pass: Cold: 47.929330ms GPU, 47.933507ms CPU, 0.53s total GPU, 0.53s total wall, 11x 
Run:  [571/817] groupby_max [Device=0 T=F32 cardinality=0 num_rows=2^12 null_probability=0.1 num_aggregations=8]
Pass: Cold: 0.314776ms GPU, 0.318552ms CPU, 0.88s total GPU, 0.97s total wall, 2800x 
Run:  [572/817] groupby_max [Device=0 T=F32 cardinality=0 num_rows=2^18 null_probability=0.1 num_aggregations=8]
Pass: Cold: 1.137024ms GPU, 1.140745ms CPU, 0.75s total GPU, 0.77s total wall, 656x 
Run:  [573/817] groupby_max [Device=0 T=F32 cardinality=0 num_rows=2^24 null_probability=0.1 num_aggregations=8]
Pass: Cold: 50.381042ms GPU, 50.385571ms CPU, 7.31s total GPU, 7.31s total wall, 145x 
Run:  [574/817] groupby_max [Device=0 T=F32 cardinality=0 num_rows=2^12 null_probability=0.9 num_aggregations=8]
Pass: Cold: 0.309613ms GPU, 0.313370ms CPU, 0.50s total GPU, 0.55s total wall, 1616x 
Run:  [575/817] groupby_max [Device=0 T=F32 cardinality=0 num_rows=2^18 null_probability=0.9 num_aggregations=8]
Pass: Cold: 0.944339ms GPU, 0.948101ms CPU, 0.51s total GPU, 0.53s total wall, 544x 
Run:  [576/817] groupby_max [Device=0 T=F32 cardinality=0 num_rows=2^24 null_probability=0.9 num_aggregations=8]
Pass: Cold: 36.553621ms GPU, 36.558032ms CPU, 0.51s total GPU, 0.51s total wall, 14x 
Run:  [577/817] groupby_max [Device=0 T=F32 cardinality=0 num_rows=2^12 null_probability=0 num_aggregations=16]
Pass: Cold: 0.303625ms GPU, 0.307364ms CPU, 0.50s total GPU, 0.55s total wall, 1648x 
Run:  [578/817] groupby_max [Device=0 T=F32 cardinality=0 num_rows=2^18 null_probability=0 num_aggregations=16]
Pass: Cold: 1.426402ms GPU, 1.430167ms CPU, 0.89s total GPU, 0.91s total wall, 624x 
Run:  [579/817] groupby_max [Device=0 T=F32 cardinality=0 num_rows=2^24 null_probability=0 num_aggregations=16]
Pass: Cold: 67.562144ms GPU, 67.566981ms CPU, 1.76s total GPU, 1.76s total wall, 26x 
Run:  [580/817] groupby_max [Device=0 T=F32 cardinality=0 num_rows=2^12 null_probability=0.1 num_aggregations=16]
Pass: Cold: 0.456312ms GPU, 0.460046ms CPU, 1.12s total GPU, 1.20s total wall, 2464x 
Run:  [581/817] groupby_max [Device=0 T=F32 cardinality=0 num_rows=2^18 null_probability=0.1 num_aggregations=16]
Pass: Cold: 1.657112ms GPU, 1.660837ms CPU, 0.50s total GPU, 0.51s total wall, 304x 
Run:  [582/817] groupby_max [Device=0 T=F32 cardinality=0 num_rows=2^24 null_probability=0.1 num_aggregations=16]
Pass: Cold: 75.769610ms GPU, 75.773880ms CPU, 4.47s total GPU, 4.47s total wall, 59x 
Run:  [583/817] groupby_max [Device=0 T=F32 cardinality=0 num_rows=2^12 null_probability=0.9 num_aggregations=16]
Pass: Cold: 0.455268ms GPU, 0.459008ms CPU, 1.30s total GPU, 1.40s total wall, 2864x 
Run:  [584/817] groupby_max [Device=0 T=F32 cardinality=0 num_rows=2^18 null_probability=0.9 num_aggregations=16]
Pass: Cold: 1.283210ms GPU, 1.286901ms CPU, 2.30s total GPU, 2.36s total wall, 1792x 
Run:  [585/817] groupby_max [Device=0 T=F32 cardinality=0 num_rows=2^24 null_probability=0.9 num_aggregations=16]
Pass: Cold: 47.017970ms GPU, 47.022748ms CPU, 0.52s total GPU, 0.52s total wall, 11x 
Run:  [586/817] groupby_max [Device=0 T=F32 cardinality=0 num_rows=2^12 null_probability=0 num_aggregations=32]
Pass: Cold: 0.460462ms GPU, 0.464192ms CPU, 0.50s total GPU, 0.54s total wall, 1088x 
Run:  [587/817] groupby_max [Device=0 T=F32 cardinality=0 num_rows=2^18 null_probability=0 num_aggregations=32]
Pass: Cold: 2.265564ms GPU, 2.269402ms CPU, 3.12s total GPU, 3.16s total wall, 1376x 
Run:  [588/817] groupby_max [Device=0 T=F32 cardinality=0 num_rows=2^24 null_probability=0 num_aggregations=32]
Pass: Cold: 110.111280ms GPU, 110.116089ms CPU, 1.32s total GPU, 1.32s total wall, 12x 
Run:  [589/817] groupby_max [Device=0 T=F32 cardinality=0 num_rows=2^12 null_probability=0.1 num_aggregations=32]
Pass: Cold: 0.746326ms GPU, 0.750093ms CPU, 2.21s total GPU, 2.31s total wall, 2960x 
Run:  [590/817] groupby_max [Device=0 T=F32 cardinality=0 num_rows=2^18 null_probability=0.1 num_aggregations=32]
Pass: Cold: 2.719798ms GPU, 2.723597ms CPU, 4.61s total GPU, 4.67s total wall, 1696x 
Run:  [591/817] groupby_max [Device=0 T=F32 cardinality=0 num_rows=2^24 null_probability=0.1 num_aggregations=32]
Pass: Cold: 128.982975ms GPU, 128.987050ms CPU, 1.42s total GPU, 1.42s total wall, 11x 
Run:  [592/817] groupby_max [Device=0 T=F32 cardinality=0 num_rows=2^12 null_probability=0.9 num_aggregations=32]
Pass: Cold: 0.741500ms GPU, 0.745260ms CPU, 1.68s total GPU, 1.76s total wall, 2272x 
Run:  [593/817] groupby_max [Device=0 T=F32 cardinality=0 num_rows=2^18 null_probability=0.9 num_aggregations=32]
Pass: Cold: 2.000762ms GPU, 2.004502ms CPU, 4.77s total GPU, 4.85s total wall, 2384x 
Run:  [594/817] groupby_max [Device=0 T=F32 cardinality=0 num_rows=2^24 null_probability=0.9 num_aggregations=32]
Pass: Cold: 72.192463ms GPU, 72.197023ms CPU, 0.79s total GPU, 0.79s total wall, 11x 
Run:  [595/817] groupby_max [Device=0 T=F64 cardinality=0 num_rows=2^12 null_probability=0 num_aggregations=1]
Pass: Cold: 0.149791ms GPU, 0.153538ms CPU, 0.50s total GPU, 0.61s total wall, 3344x 
Run:  [596/817] groupby_max [Device=0 T=F64 cardinality=0 num_rows=2^18 null_probability=0 num_aggregations=1]
Pass: Cold: 0.674243ms GPU, 0.678073ms CPU, 1.66s total GPU, 1.73s total wall, 2464x 
Run:  [597/817] groupby_max [Device=0 T=F64 cardinality=0 num_rows=2^24 null_probability=0 num_aggregations=1]
Pass: Cold: 33.078424ms GPU, 33.082482ms CPU, 0.53s total GPU, 0.53s total wall, 16x 
Run:  [598/817] groupby_max [Device=0 T=F64 cardinality=0 num_rows=2^12 null_probability=0.1 num_aggregations=1]
Pass: Cold: 0.186263ms GPU, 0.190031ms CPU, 0.50s total GPU, 0.59s total wall, 2688x 
Run:  [599/817] groupby_max [Device=0 T=F64 cardinality=0 num_rows=2^18 null_probability=0.1 num_aggregations=1]
Pass: Cold: 0.721503ms GPU, 0.725195ms CPU, 0.51s total GPU, 0.53s total wall, 704x 
Run:  [600/817] groupby_max [Device=0 T=F64 cardinality=0 num_rows=2^24 null_probability=0.1 num_aggregations=1]
Pass: Cold: 33.319766ms GPU, 33.323893ms CPU, 0.53s total GPU, 0.53s total wall, 16x 
Run:  [601/817] groupby_max [Device=0 T=F64 cardinality=0 num_rows=2^12 null_probability=0.9 num_aggregations=1]
Pass: Cold: 0.187158ms GPU, 0.190938ms CPU, 0.55s total GPU, 0.64s total wall, 2928x 
Run:  [602/817] groupby_max [Device=0 T=F64 cardinality=0 num_rows=2^18 null_probability=0.9 num_aggregations=1]
Pass: Cold: 0.682043ms GPU, 0.685818ms CPU, 0.50s total GPU, 0.52s total wall, 736x 
Run:  [603/817] groupby_max [Device=0 T=F64 cardinality=0 num_rows=2^24 null_probability=0.9 num_aggregations=1]
Pass: Cold: 30.948657ms GPU, 30.952804ms CPU, 0.53s total GPU, 0.53s total wall, 17x 
Run:  [604/817] groupby_max [Device=0 T=F64 cardinality=0 num_rows=2^12 null_probability=0 num_aggregations=2]
Pass: Cold: 0.160966ms GPU, 0.164692ms CPU, 0.50s total GPU, 0.60s total wall, 3120x 
Run:  [605/817] groupby_max [Device=0 T=F64 cardinality=0 num_rows=2^18 null_probability=0 num_aggregations=2]
Pass: Cold: 0.744113ms GPU, 0.747932ms CPU, 1.18s total GPU, 1.23s total wall, 1584x 
Run:  [606/817] groupby_max [Device=0 T=F64 cardinality=0 num_rows=2^24 null_probability=0 num_aggregations=2]
Pass: Cold: 36.489182ms GPU, 36.493422ms CPU, 0.51s total GPU, 0.51s total wall, 14x 
Run:  [607/817] groupby_max [Device=0 T=F64 cardinality=0 num_rows=2^12 null_probability=0.1 num_aggregations=2]
Pass: Cold: 0.212655ms GPU, 0.216442ms CPU, 0.50s total GPU, 0.57s total wall, 2352x 
Run:  [608/817] groupby_max [Device=0 T=F64 cardinality=0 num_rows=2^18 null_probability=0.1 num_aggregations=2]
Pass: Cold: 0.804391ms GPU, 0.808144ms CPU, 0.50s total GPU, 0.52s total wall, 624x 
Run:  [609/817] groupby_max [Device=0 T=F64 cardinality=0 num_rows=2^24 null_probability=0.1 num_aggregations=2]
Pass: Cold: 36.610256ms GPU, 36.614694ms CPU, 0.51s total GPU, 0.51s total wall, 14x 
Run:  [610/817] groupby_max [Device=0 T=F64 cardinality=0 num_rows=2^12 null_probability=0.9 num_aggregations=2]
Pass: Cold: 0.207603ms GPU, 0.211371ms CPU, 0.50s total GPU, 0.58s total wall, 2416x 
Run:  [611/817] groupby_max [Device=0 T=F64 cardinality=0 num_rows=2^18 null_probability=0.9 num_aggregations=2]
Pass: Cold: 0.729735ms GPU, 0.733512ms CPU, 1.46s total GPU, 1.52s total wall, 2000x 
Run:  [612/817] groupby_max [Device=0 T=F64 cardinality=0 num_rows=2^24 null_probability=0.9 num_aggregations=2]
Pass: Cold: 31.998150ms GPU, 32.002069ms CPU, 0.51s total GPU, 0.51s total wall, 16x 
Run:  [613/817] groupby_max [Device=0 T=F64 cardinality=0 num_rows=2^12 null_probability=0 num_aggregations=4]
Pass: Cold: 0.186749ms GPU, 0.190584ms CPU, 0.50s total GPU, 0.59s total wall, 2688x 
Run:  [614/817] groupby_max [Device=0 T=F64 cardinality=0 num_rows=2^18 null_probability=0 num_aggregations=4]
Pass: Cold: 0.870951ms GPU, 0.874779ms CPU, 0.61s total GPU, 0.64s total wall, 704x 
Run:  [615/817] groupby_max [Device=0 T=F64 cardinality=0 num_rows=2^24 null_probability=0 num_aggregations=4]
Pass: Cold: 42.824547ms GPU, 42.828785ms CPU, 0.51s total GPU, 0.51s total wall, 12x 
Run:  [616/817] groupby_max [Device=0 T=F64 cardinality=0 num_rows=2^12 null_probability=0.1 num_aggregations=4]
Pass: Cold: 0.246854ms GPU, 0.250650ms CPU, 0.60s total GPU, 0.68s total wall, 2432x 
Run:  [617/817] groupby_max [Device=0 T=F64 cardinality=0 num_rows=2^18 null_probability=0.1 num_aggregations=4]
Pass: Cold: 0.949372ms GPU, 0.953206ms CPU, 0.59s total GPU, 0.61s total wall, 624x 
Run:  [618/817] groupby_max [Device=0 T=F64 cardinality=0 num_rows=2^24 null_probability=0.1 num_aggregations=4]
Pass: Cold: 43.151813ms GPU, 43.156651ms CPU, 0.52s total GPU, 0.52s total wall, 12x 
Run:  [619/817] groupby_max [Device=0 T=F64 cardinality=0 num_rows=2^12 null_probability=0.9 num_aggregations=4]
Pass: Cold: 0.246683ms GPU, 0.250456ms CPU, 0.56s total GPU, 0.64s total wall, 2288x 
Run:  [620/817] groupby_max [Device=0 T=F64 cardinality=0 num_rows=2^18 null_probability=0.9 num_aggregations=4]
Pass: Cold: 0.814741ms GPU, 0.818454ms CPU, 0.74s total GPU, 0.77s total wall, 912x 
Run:  [621/817] groupby_max [Device=0 T=F64 cardinality=0 num_rows=2^24 null_probability=0.9 num_aggregations=4]
Pass: Cold: 34.312992ms GPU, 34.317085ms CPU, 0.51s total GPU, 0.52s total wall, 15x 
Run:  [622/817] groupby_max [Device=0 T=F64 cardinality=0 num_rows=2^12 null_probability=0 num_aggregations=8]
Pass: Cold: 0.224387ms GPU, 0.228195ms CPU, 0.59s total GPU, 0.67s total wall, 2608x 
Run:  [623/817] groupby_max [Device=0 T=F64 cardinality=0 num_rows=2^18 null_probability=0 num_aggregations=8]
Pass: Cold: 1.129287ms GPU, 1.133068ms CPU, 0.90s total GPU, 0.93s total wall, 800x 
Run:  [624/817] groupby_max [Device=0 T=F64 cardinality=0 num_rows=2^24 null_probability=0 num_aggregations=8]
Pass: Cold: 55.337906ms GPU, 55.341748ms CPU, 0.61s total GPU, 0.61s total wall, 11x 
Run:  [625/817] groupby_max [Device=0 T=F64 cardinality=0 num_rows=2^12 null_probability=0.1 num_aggregations=8]
Pass: Cold: 0.320361ms GPU, 0.324115ms CPU, 0.74s total GPU, 0.82s total wall, 2320x 
Run:  [626/817] groupby_max [Device=0 T=F64 cardinality=0 num_rows=2^18 null_probability=0.1 num_aggregations=8]
Pass: Cold: 1.249256ms GPU, 1.252995ms CPU, 0.70s total GPU, 0.72s total wall, 560x 
Run:  [627/817] groupby_max [Device=0 T=F64 cardinality=0 num_rows=2^24 null_probability=0.1 num_aggregations=8]
Pass: Cold: 56.995788ms GPU, 57.000315ms CPU, 2.79s total GPU, 2.79s total wall, 49x 
Run:  [628/817] groupby_max [Device=0 T=F64 cardinality=0 num_rows=2^12 null_probability=0.9 num_aggregations=8]
Pass: Cold: 0.317280ms GPU, 0.321039ms CPU, 0.50s total GPU, 0.55s total wall, 1584x 
Run:  [629/817] groupby_max [Device=0 T=F64 cardinality=0 num_rows=2^18 null_probability=0.9 num_aggregations=8]
Pass: Cold: 1.003317ms GPU, 1.007025ms CPU, 0.96s total GPU, 0.99s total wall, 960x 
Run:  [630/817] groupby_max [Device=0 T=F64 cardinality=0 num_rows=2^24 null_probability=0.9 num_aggregations=8]
Pass: Cold: 39.905413ms GPU, 39.910799ms CPU, 0.52s total GPU, 0.52s total wall, 13x 
Run:  [631/817] groupby_max [Device=0 T=F64 cardinality=0 num_rows=2^12 null_probability=0 num_aggregations=16]
Pass: Cold: 0.305050ms GPU, 0.308838ms CPU, 0.50s total GPU, 0.55s total wall, 1648x 
Run:  [632/817] groupby_max [Device=0 T=F64 cardinality=0 num_rows=2^18 null_probability=0 num_aggregations=16]
Pass: Cold: 1.644902ms GPU, 1.648722ms CPU, 0.97s total GPU, 0.99s total wall, 592x 
Run:  [633/817] groupby_max [Device=0 T=F64 cardinality=0 num_rows=2^24 null_probability=0 num_aggregations=16]
Pass: Cold: 81.591225ms GPU, 81.596150ms CPU, 0.90s total GPU, 0.90s total wall, 11x 
Run:  [634/817] groupby_max [Device=0 T=F64 cardinality=0 num_rows=2^12 null_probability=0.1 num_aggregations=16]
Pass: Cold: 0.463609ms GPU, 0.467336ms CPU, 0.63s total GPU, 0.67s total wall, 1360x 
Run:  [635/817] groupby_max [Device=0 T=F64 cardinality=0 num_rows=2^18 null_probability=0.1 num_aggregations=16]
Pass: Cold: 1.859839ms GPU, 1.863599ms CPU, 2.62s total GPU, 2.67s total wall, 1408x 
Run:  [636/817] groupby_max [Device=0 T=F64 cardinality=0 num_rows=2^24 null_probability=0.1 num_aggregations=16]
Pass: Cold: 87.653676ms GPU, 87.658014ms CPU, 2.98s total GPU, 2.98s total wall, 34x 
Run:  [637/817] groupby_max [Device=0 T=F64 cardinality=0 num_rows=2^12 null_probability=0.9 num_aggregations=16]
Pass: Cold: 0.457250ms GPU, 0.461038ms CPU, 0.75s total GPU, 0.80s total wall, 1632x 
Run:  [638/817] groupby_max [Device=0 T=F64 cardinality=0 num_rows=2^18 null_probability=0.9 num_aggregations=16]
Pass: Cold: 1.396247ms GPU, 1.399946ms CPU, 3.02s total GPU, 3.09s total wall, 2160x 
Run:  [639/817] groupby_max [Device=0 T=F64 cardinality=0 num_rows=2^24 null_probability=0.9 num_aggregations=16]
Pass: Cold: 53.547459ms GPU, 53.552192ms CPU, 0.59s total GPU, 0.59s total wall, 11x 
Run:  [640/817] groupby_max [Device=0 T=F64 cardinality=0 num_rows=2^12 null_probability=0 num_aggregations=32]
Pass: Cold: 0.463014ms GPU, 0.466755ms CPU, 1.23s total GPU, 1.31s total wall, 2656x 
Run:  [641/817] groupby_max [Device=0 T=F64 cardinality=0 num_rows=2^18 null_probability=0 num_aggregations=32]
Pass: Cold: 2.681891ms GPU, 2.685789ms CPU, 7.34s total GPU, 7.43s total wall, 2736x 
Run:  [642/817] groupby_max [Device=0 T=F64 cardinality=0 num_rows=2^24 null_probability=0 num_aggregations=32]
Pass: Cold: 136.419902ms GPU, 136.424609ms CPU, 1.50s total GPU, 1.50s total wall, 11x 
Run:  [643/817] groupby_max [Device=0 T=F64 cardinality=0 num_rows=2^12 null_probability=0.1 num_aggregations=32]
Pass: Cold: 0.747712ms GPU, 0.751481ms CPU, 1.78s total GPU, 1.86s total wall, 2384x 
Run:  [644/817] groupby_max [Device=0 T=F64 cardinality=0 num_rows=2^18 null_probability=0.1 num_aggregations=32]
Pass: Cold: 3.116458ms GPU, 3.120296ms CPU, 4.59s total GPU, 4.64s total wall, 1472x 
Run:  [645/817] groupby_max [Device=0 T=F64 cardinality=0 num_rows=2^24 null_probability=0.1 num_aggregations=32]
Pass: Cold: 151.989519ms GPU, 151.994140ms CPU, 1.67s total GPU, 1.67s total wall, 11x 
Run:  [646/817] groupby_max [Device=0 T=F64 cardinality=0 num_rows=2^12 null_probability=0.9 num_aggregations=32]
Pass: Cold: 0.745890ms GPU, 0.749655ms CPU, 2.12s total GPU, 2.22s total wall, 2848x 
Run:  [647/817] groupby_max [Device=0 T=F64 cardinality=0 num_rows=2^18 null_probability=0.9 num_aggregations=32]
Pass: Cold: 2.218275ms GPU, 2.222025ms CPU, 4.22s total GPU, 4.29s total wall, 1904x 
Run:  [648/817] groupby_max [Device=0 T=F64 cardinality=0 num_rows=2^24 null_probability=0.9 num_aggregations=32]
Pass: Cold: 85.339258ms GPU, 85.343572ms CPU, 0.94s total GPU, 0.94s total wall, 11x 
Run:  [649/817] groupby_max_cardinality [Device=0 T=I32 num_aggregations=1 cardinality=10]
Pass: Cold: 14.263013ms GPU, 14.267176ms CPU, 0.51s total GPU, 0.51s total wall, 36x 
Run:  [650/817] groupby_max_cardinality [Device=0 T=I32 num_aggregations=1 cardinality=20]
Pass: Cold: 14.916460ms GPU, 14.921263ms CPU, 0.51s total GPU, 0.51s total wall, 34x 
Run:  [651/817] groupby_max_cardinality [Device=0 T=I32 num_aggregations=1 cardinality=50]
Pass: Cold: 16.371915ms GPU, 16.375814ms CPU, 0.51s total GPU, 0.51s total wall, 31x 
Run:  [652/817] groupby_max_cardinality [Device=0 T=I32 num_aggregations=1 cardinality=100]
Pass: Cold: 18.090274ms GPU, 18.093961ms CPU, 0.51s total GPU, 0.51s total wall, 28x 
Run:  [653/817] groupby_max_cardinality [Device=0 T=I32 num_aggregations=1 cardinality=1000]
Pass: Cold: 22.649844ms GPU, 22.653347ms CPU, 0.52s total GPU, 0.52s total wall, 23x 
Run:  [654/817] groupby_max_cardinality [Device=0 T=I32 num_aggregations=1 cardinality=10000]
Pass: Cold: 27.761403ms GPU, 27.764681ms CPU, 0.53s total GPU, 0.53s total wall, 19x 
Run:  [655/817] groupby_max_cardinality [Device=0 T=I32 num_aggregations=1 cardinality=100000]
Pass: Cold: 33.186352ms GPU, 33.189937ms CPU, 0.53s total GPU, 0.53s total wall, 16x 
Run:  [656/817] groupby_max_cardinality [Device=0 T=I32 num_aggregations=1 cardinality=1000000]
Pass: Cold: 35.414733ms GPU, 35.418376ms CPU, 0.53s total GPU, 0.53s total wall, 15x 
Run:  [657/817] groupby_max_cardinality [Device=0 T=I32 num_aggregations=1 cardinality=10000000]
Pass: Cold: 37.941207ms GPU, 37.945500ms CPU, 0.53s total GPU, 0.53s total wall, 14x 
Run:  [658/817] groupby_max_multithreaded [Device=0 T=I32 cardinality=0 num_rows=2^12 null_probability=0 num_aggregations=1 num_threads=1]
Pass: Cold: 0.178599ms GPU, 0.182425ms CPU, 0.50s total GPU, 0.60s total wall, 2816x 
Run:  [659/817] groupby_max_multithreaded [Device=0 T=I32 cardinality=0 num_rows=2^18 null_probability=0 num_aggregations=1 num_threads=1]
Pass: Cold: 0.666118ms GPU, 0.670151ms CPU, 0.50s total GPU, 0.52s total wall, 752x 
Run:  [660/817] groupby_max_multithreaded [Device=0 T=I32 cardinality=0 num_rows=2^12 null_probability=0.1 num_aggregations=1 num_threads=1]
Pass: Cold: 0.217444ms GPU, 0.221516ms CPU, 0.63s total GPU, 0.73s total wall, 2880x 
Run:  [661/817] groupby_max_multithreaded [Device=0 T=I32 cardinality=0 num_rows=2^18 null_probability=0.1 num_aggregations=1 num_threads=1]
Pass: Cold: 0.749440ms GPU, 0.753799ms CPU, 0.50s total GPU, 0.53s total wall, 672x 
Run:  [662/817] groupby_max_multithreaded [Device=0 T=I32 cardinality=0 num_rows=2^12 null_probability=0.9 num_aggregations=1 num_threads=1]
Pass: Cold: 0.221437ms GPU, 0.225602ms CPU, 0.50s total GPU, 0.58s total wall, 2272x 
Run:  [663/817] groupby_max_multithreaded [Device=0 T=I32 cardinality=0 num_rows=2^18 null_probability=0.9 num_aggregations=1 num_threads=1]
Pass: Cold: 0.715927ms GPU, 0.719973ms CPU, 0.68s total GPU, 0.71s total wall, 944x 
Run:  [664/817] groupby_max_multithreaded [Device=0 T=I32 cardinality=0 num_rows=2^12 null_probability=0 num_aggregations=1 num_threads=2]
Pass: Cold: 0.273601ms GPU, 0.277772ms CPU, 0.50s total GPU, 0.57s total wall, 1840x 
Run:  [665/817] groupby_max_multithreaded [Device=0 T=I32 cardinality=0 num_rows=2^18 null_probability=0 num_aggregations=1 num_threads=2]
Pass: Cold: 1.203352ms GPU, 1.207594ms CPU, 0.50s total GPU, 0.51s total wall, 416x 
Run:  [666/817] groupby_max_multithreaded [Device=0 T=I32 cardinality=0 num_rows=2^12 null_probability=0.1 num_aggregations=1 num_threads=2]
Pass: Cold: 0.326506ms GPU, 0.330603ms CPU, 0.50s total GPU, 0.56s total wall, 1536x 
Run:  [667/817] groupby_max_multithreaded [Device=0 T=I32 cardinality=0 num_rows=2^18 null_probability=0.1 num_aggregations=1 num_threads=2]
Pass: Cold: 1.289644ms GPU, 1.293756ms CPU, 1.42s total GPU, 1.46s total wall, 1104x 
Run:  [668/817] groupby_max_multithreaded [Device=0 T=I32 cardinality=0 num_rows=2^12 null_probability=0.9 num_aggregations=1 num_threads=2]
Pass: Cold: 0.320387ms GPU, 0.324404ms CPU, 0.60s total GPU, 0.67s total wall, 1872x 
Run:  [669/817] groupby_max_multithreaded [Device=0 T=I32 cardinality=0 num_rows=2^18 null_probability=0.9 num_aggregations=1 num_threads=2]
Pass: Cold: 1.230199ms GPU, 1.234224ms CPU, 1.69s total GPU, 1.74s total wall, 1376x 
Run:  [670/817] groupby_max_multithreaded [Device=0 T=I32 cardinality=0 num_rows=2^12 null_probability=0 num_aggregations=1 num_threads=4]
Pass: Cold: 0.472950ms GPU, 0.477195ms CPU, 0.51s total GPU, 0.55s total wall, 1072x 
Run:  [671/817] groupby_max_multithreaded [Device=0 T=I32 cardinality=0 num_rows=2^18 null_probability=0 num_aggregations=1 num_threads=4]
Pass: Cold: 2.334672ms GPU, 2.338990ms CPU, 1.57s total GPU, 1.59s total wall, 672x 
Run:  [672/817] groupby_max_multithreaded [Device=0 T=I32 cardinality=0 num_rows=2^12 null_probability=0.1 num_aggregations=1 num_threads=4]
Pass: Cold: 0.586369ms GPU, 0.590666ms CPU, 0.51s total GPU, 0.54s total wall, 864x 
Run:  [673/817] groupby_max_multithreaded [Device=0 T=I32 cardinality=0 num_rows=2^18 null_probability=0.1 num_aggregations=1 num_threads=4]
Pass: Cold: 2.453479ms GPU, 2.457545ms CPU, 2.51s total GPU, 2.55s total wall, 1024x 
Run:  [674/817] groupby_max_multithreaded [Device=0 T=I32 cardinality=0 num_rows=2^12 null_probability=0.9 num_aggregations=1 num_threads=4]
Pass: Cold: 0.567610ms GPU, 0.571837ms CPU, 0.51s total GPU, 0.54s total wall, 896x 
Run:  [675/817] groupby_max_multithreaded [Device=0 T=I32 cardinality=0 num_rows=2^18 null_probability=0.9 num_aggregations=1 num_threads=4]
Pass: Cold: 2.329709ms GPU, 2.334092ms CPU, 1.12s total GPU, 1.13s total wall, 480x 
Run:  [676/817] groupby_max_multithreaded [Device=0 T=I32 cardinality=0 num_rows=2^12 null_probability=0 num_aggregations=1 num_threads=8]
Pass: Cold: 1.044573ms GPU, 1.048867ms CPU, 1.12s total GPU, 1.16s total wall, 1072x 
Run:  [677/817] groupby_max_multithreaded [Device=0 T=I32 cardinality=0 num_rows=2^18 null_probability=0 num_aggregations=1 num_threads=8]
Pass: Cold: 4.524774ms GPU, 4.529050ms CPU, 6.23s total GPU, 6.28s total wall, 1376x 
Run:  [678/817] groupby_max_multithreaded [Device=0 T=I32 cardinality=0 num_rows=2^12 null_probability=0.1 num_aggregations=1 num_threads=8]
Pass: Cold: 1.275801ms GPU, 1.279941ms CPU, 1.14s total GPU, 1.18s total wall, 896x 
Run:  [679/817] groupby_max_multithreaded [Device=0 T=I32 cardinality=0 num_rows=2^18 null_probability=0.1 num_aggregations=1 num_threads=8]
Pass: Cold: 4.790830ms GPU, 4.795190ms CPU, 5.75s total GPU, 5.79s total wall, 1200x 
Run:  [680/817] groupby_max_multithreaded [Device=0 T=I32 cardinality=0 num_rows=2^12 null_probability=0.9 num_aggregations=1 num_threads=8]
Pass: Cold: 1.339065ms GPU, 1.343378ms CPU, 1.09s total GPU, 1.12s total wall, 816x 
Run:  [681/817] groupby_max_multithreaded [Device=0 T=I32 cardinality=0 num_rows=2^18 null_probability=0.9 num_aggregations=1 num_threads=8]
Pass: Cold: 4.567789ms GPU, 4.572030ms CPU, 7.09s total GPU, 7.14s total wall, 1552x 
Run:  [682/817] groupby_max_multithreaded [Device=0 T=I64 cardinality=0 num_rows=2^12 null_probability=0 num_aggregations=1 num_threads=1]
Pass: Cold: 0.185474ms GPU, 0.189641ms CPU, 0.50s total GPU, 0.60s total wall, 2704x 
Run:  [683/817] groupby_max_multithreaded [Device=0 T=I64 cardinality=0 num_rows=2^18 null_probability=0 num_aggregations=1 num_threads=1]
Pass: Cold: 0.708244ms GPU, 0.712303ms CPU, 0.57s total GPU, 0.59s total wall, 800x 
Run:  [684/817] groupby_max_multithreaded [Device=0 T=I64 cardinality=0 num_rows=2^12 null_probability=0.1 num_aggregations=1 num_threads=1]
Pass: Cold: 0.220410ms GPU, 0.224584ms CPU, 0.50s total GPU, 0.58s total wall, 2272x 
Run:  [685/817] groupby_max_multithreaded [Device=0 T=I64 cardinality=0 num_rows=2^18 null_probability=0.1 num_aggregations=1 num_threads=1]
Pass: Cold: 0.769848ms GPU, 0.773964ms CPU, 1.31s total GPU, 1.36s total wall, 1696x 
Run:  [686/817] groupby_max_multithreaded [Device=0 T=I64 cardinality=0 num_rows=2^12 null_probability=0.9 num_aggregations=1 num_threads=1]
Pass: Cold: 0.229095ms GPU, 0.233113ms CPU, 0.50s total GPU, 0.58s total wall, 2192x 
Run:  [687/817] groupby_max_multithreaded [Device=0 T=I64 cardinality=0 num_rows=2^18 null_probability=0.9 num_aggregations=1 num_threads=1]
Pass: Cold: 0.725392ms GPU, 0.729414ms CPU, 1.69s total GPU, 1.77s total wall, 2336x 
Run:  [688/817] groupby_max_multithreaded [Device=0 T=I64 cardinality=0 num_rows=2^12 null_probability=0 num_aggregations=1 num_threads=2]
Pass: Cold: 0.259104ms GPU, 0.263125ms CPU, 0.75s total GPU, 0.86s total wall, 2896x 
Run:  [689/817] groupby_max_multithreaded [Device=0 T=I64 cardinality=0 num_rows=2^18 null_probability=0 num_aggregations=1 num_threads=2]
Pass: Cold: 1.229238ms GPU, 1.233243ms CPU, 0.67s total GPU, 0.69s total wall, 544x 
Run:  [690/817] groupby_max_multithreaded [Device=0 T=I64 cardinality=0 num_rows=2^12 null_probability=0.1 num_aggregations=1 num_threads=2]
Pass: Cold: 0.303912ms GPU, 0.307865ms CPU, 0.50s total GPU, 0.56s total wall, 1648x 
Run:  [691/817] groupby_max_multithreaded [Device=0 T=I64 cardinality=0 num_rows=2^18 null_probability=0.1 num_aggregations=1 num_threads=2]
Pass: Cold: 1.315670ms GPU, 1.319644ms CPU, 2.29s total GPU, 2.35s total wall, 1744x 
Run:  [692/817] groupby_max_multithreaded [Device=0 T=I64 cardinality=0 num_rows=2^12 null_probability=0.9 num_aggregations=1 num_threads=2]
Pass: Cold: 0.320971ms GPU, 0.324953ms CPU, 0.50s total GPU, 0.56s total wall, 1568x 
Run:  [693/817] groupby_max_multithreaded [Device=0 T=I64 cardinality=0 num_rows=2^18 null_probability=0.9 num_aggregations=1 num_threads=2]
Pass: Cold: 1.254678ms GPU, 1.258640ms CPU, 0.50s total GPU, 0.51s total wall, 400x 
Run:  [694/817] groupby_max_multithreaded [Device=0 T=I64 cardinality=0 num_rows=2^12 null_probability=0 num_aggregations=1 num_threads=4]
Pass: Cold: 0.482624ms GPU, 0.486768ms CPU, 0.50s total GPU, 0.54s total wall, 1040x 
Run:  [695/817] groupby_max_multithreaded [Device=0 T=I64 cardinality=0 num_rows=2^18 null_probability=0 num_aggregations=1 num_threads=4]
Pass: Cold: 2.423959ms GPU, 2.428216ms CPU, 1.28s total GPU, 1.30s total wall, 528x 
Run:  [696/817] groupby_max_multithreaded [Device=0 T=I64 cardinality=0 num_rows=2^12 null_probability=0.1 num_aggregations=1 num_threads=4]
Pass: Cold: 0.583725ms GPU, 0.587862ms CPU, 0.50s total GPU, 0.54s total wall, 864x 
Run:  [697/817] groupby_max_multithreaded [Device=0 T=I64 cardinality=0 num_rows=2^18 null_probability=0.1 num_aggregations=1 num_threads=4]
Pass: Cold: 2.539070ms GPU, 2.543200ms CPU, 2.15s total GPU, 2.18s total wall, 848x 
Run:  [698/817] groupby_max_multithreaded [Device=0 T=I64 cardinality=0 num_rows=2^12 null_probability=0.9 num_aggregations=1 num_threads=4]
Pass: Cold: 0.579839ms GPU, 0.584028ms CPU, 0.50s total GPU, 0.53s total wall, 864x 
Run:  [699/817] groupby_max_multithreaded [Device=0 T=I64 cardinality=0 num_rows=2^18 null_probability=0.9 num_aggregations=1 num_threads=4]
Pass: Cold: 2.387234ms GPU, 2.391441ms CPU, 1.68s total GPU, 1.70s total wall, 704x 
Run:  [700/817] groupby_max_multithreaded [Device=0 T=I64 cardinality=0 num_rows=2^12 null_probability=0 num_aggregations=1 num_threads=8]
Pass: Cold: 1.039698ms GPU, 1.043958ms CPU, 1.11s total GPU, 1.16s total wall, 1072x 
Run:  [701/817] groupby_max_multithreaded [Device=0 T=I64 cardinality=0 num_rows=2^18 null_probability=0 num_aggregations=1 num_threads=8]
Pass: Cold: 4.702176ms GPU, 4.706413ms CPU, 2.48s total GPU, 2.50s total wall, 528x 
Run:  [702/817] groupby_max_multithreaded [Device=0 T=I64 cardinality=0 num_rows=2^12 null_probability=0.1 num_aggregations=1 num_threads=8]
Pass: Cold: 1.271500ms GPU, 1.275733ms CPU, 0.90s total GPU, 0.92s total wall, 704x 
Run:  [703/817] groupby_max_multithreaded [Device=0 T=I64 cardinality=0 num_rows=2^18 null_probability=0.1 num_aggregations=1 num_threads=8]
Pass: Cold: 4.965255ms GPU, 4.969426ms CPU, 4.93s total GPU, 4.96s total wall, 992x 
Run:  [704/817] groupby_max_multithreaded [Device=0 T=I64 cardinality=0 num_rows=2^12 null_probability=0.9 num_aggregations=1 num_threads=8]
Pass: Cold: 1.274162ms GPU, 1.278359ms CPU, 1.02s total GPU, 1.05s total wall, 800x 
Run:  [705/817] groupby_max_multithreaded [Device=0 T=I64 cardinality=0 num_rows=2^18 null_probability=0.9 num_aggregations=1 num_threads=8]
Pass: Cold: 4.654199ms GPU, 4.658459ms CPU, 4.77s total GPU, 4.80s total wall, 1024x 
Run:  [706/817] groupby_max_multithreaded [Device=0 T=F32 cardinality=0 num_rows=2^12 null_probability=0 num_aggregations=1 num_threads=1]
Pass: Cold: 0.181970ms GPU, 0.186036ms CPU, 0.50s total GPU, 0.60s total wall, 2752x 
Run:  [707/817] groupby_max_multithreaded [Device=0 T=F32 cardinality=0 num_rows=2^18 null_probability=0 num_aggregations=1 num_threads=1]
Pass: Cold: 0.683673ms GPU, 0.687912ms CPU, 0.67s total GPU, 0.70s total wall, 976x 
Run:  [708/817] groupby_max_multithreaded [Device=0 T=F32 cardinality=0 num_rows=2^12 null_probability=0.1 num_aggregations=1 num_threads=1]
Pass: Cold: 0.236229ms GPU, 0.240239ms CPU, 0.70s total GPU, 0.81s total wall, 2976x 
Run:  [709/817] groupby_max_multithreaded [Device=0 T=F32 cardinality=0 num_rows=2^18 null_probability=0.1 num_aggregations=1 num_threads=1]
Pass: Cold: 0.739635ms GPU, 0.743622ms CPU, 0.78s total GPU, 0.81s total wall, 1056x 
Run:  [710/817] groupby_max_multithreaded [Device=0 T=F32 cardinality=0 num_rows=2^12 null_probability=0.9 num_aggregations=1 num_threads=1]
Pass: Cold: 0.225381ms GPU, 0.229291ms CPU, 0.50s total GPU, 0.58s total wall, 2224x 
Run:  [711/817] groupby_max_multithreaded [Device=0 T=F32 cardinality=0 num_rows=2^18 null_probability=0.9 num_aggregations=1 num_threads=1]
Pass: Cold: 0.714169ms GPU, 0.718203ms CPU, 1.09s total GPU, 1.13s total wall, 1520x 
Run:  [712/817] groupby_max_multithreaded [Device=0 T=F32 cardinality=0 num_rows=2^12 null_probability=0 num_aggregations=1 num_threads=2]
Pass: Cold: 0.272495ms GPU, 0.276525ms CPU, 0.52s total GPU, 0.59s total wall, 1904x 
Run:  [713/817] groupby_max_multithreaded [Device=0 T=F32 cardinality=0 num_rows=2^18 null_probability=0 num_aggregations=1 num_threads=2]
Pass: Cold: 1.195859ms GPU, 1.199887ms CPU, 0.61s total GPU, 0.63s total wall, 512x 
Run:  [714/817] groupby_max_multithreaded [Device=0 T=F32 cardinality=0 num_rows=2^12 null_probability=0.1 num_aggregations=1 num_threads=2]
Pass: Cold: 0.329873ms GPU, 0.333924ms CPU, 0.50s total GPU, 0.56s total wall, 1520x 
Run:  [715/817] groupby_max_multithreaded [Device=0 T=F32 cardinality=0 num_rows=2^18 null_probability=0.1 num_aggregations=1 num_threads=2]
Pass: Cold: 1.256734ms GPU, 1.260724ms CPU, 0.66s total GPU, 0.68s total wall, 528x 
Run:  [716/817] groupby_max_multithreaded [Device=0 T=F32 cardinality=0 num_rows=2^12 null_probability=0.9 num_aggregations=1 num_threads=2]
Pass: Cold: 0.309577ms GPU, 0.313524ms CPU, 0.56s total GPU, 0.63s total wall, 1824x 
Run:  [717/817] groupby_max_multithreaded [Device=0 T=F32 cardinality=0 num_rows=2^18 null_probability=0.9 num_aggregations=1 num_threads=2]
Pass: Cold: 1.235401ms GPU, 1.239392ms CPU, 1.38s total GPU, 1.42s total wall, 1120x 
Run:  [718/817] groupby_max_multithreaded [Device=0 T=F32 cardinality=0 num_rows=2^12 null_probability=0 num_aggregations=1 num_threads=4]
Pass: Cold: 0.478719ms GPU, 0.482922ms CPU, 0.51s total GPU, 0.54s total wall, 1056x 
Run:  [719/817] groupby_max_multithreaded [Device=0 T=F32 cardinality=0 num_rows=2^18 null_probability=0 num_aggregations=1 num_threads=4]
Pass: Cold: 2.329043ms GPU, 2.333221ms CPU, 1.75s total GPU, 1.78s total wall, 752x 
Run:  [720/817] groupby_max_multithreaded [Device=0 T=F32 cardinality=0 num_rows=2^12 null_probability=0.1 num_aggregations=1 num_threads=4]
Pass: Cold: 0.573753ms GPU, 0.577921ms CPU, 0.50s total GPU, 0.54s total wall, 880x 
Run:  [721/817] groupby_max_multithreaded [Device=0 T=F32 cardinality=0 num_rows=2^18 null_probability=0.1 num_aggregations=1 num_threads=4]
Pass: Cold: 2.426895ms GPU, 2.431177ms CPU, 1.79s total GPU, 1.81s total wall, 736x 
Run:  [722/817] groupby_max_multithreaded [Device=0 T=F32 cardinality=0 num_rows=2^12 null_probability=0.9 num_aggregations=1 num_threads=4]
Pass: Cold: 0.584950ms GPU, 0.589153ms CPU, 1.41s total GPU, 1.50s total wall, 2416x 
Run:  [723/817] groupby_max_multithreaded [Device=0 T=F32 cardinality=0 num_rows=2^18 null_probability=0.9 num_aggregations=1 num_threads=4]
Pass: Cold: 2.344003ms GPU, 2.348196ms CPU, 2.03s total GPU, 2.06s total wall, 864x 
Run:  [724/817] groupby_max_multithreaded [Device=0 T=F32 cardinality=0 num_rows=2^12 null_probability=0 num_aggregations=1 num_threads=8]
Pass: Cold: 1.032669ms GPU, 1.036837ms CPU, 1.19s total GPU, 1.23s total wall, 1152x 
Run:  [725/817] groupby_max_multithreaded [Device=0 T=F32 cardinality=0 num_rows=2^18 null_probability=0 num_aggregations=1 num_threads=8]
Pass: Cold: 4.514112ms GPU, 4.518409ms CPU, 6.86s total GPU, 6.92s total wall, 1520x 
Run:  [726/817] groupby_max_multithreaded [Device=0 T=F32 cardinality=0 num_rows=2^12 null_probability=0.1 num_aggregations=1 num_threads=8]
Pass: Cold: 1.291457ms GPU, 1.295673ms CPU, 1.49s total GPU, 1.53s total wall, 1152x 
Run:  [727/817] groupby_max_multithreaded [Device=0 T=F32 cardinality=0 num_rows=2^18 null_probability=0.1 num_aggregations=1 num_threads=8]
Pass: Cold: 4.757520ms GPU, 4.761800ms CPU, 3.96s total GPU, 3.99s total wall, 832x 
Run:  [728/817] groupby_max_multithreaded [Device=0 T=F32 cardinality=0 num_rows=2^12 null_probability=0.9 num_aggregations=1 num_threads=8]
Pass: Cold: 1.286579ms GPU, 1.290836ms CPU, 0.95s total GPU, 0.97s total wall, 736x 
Run:  [729/817] groupby_max_multithreaded [Device=0 T=F32 cardinality=0 num_rows=2^18 null_probability=0.9 num_aggregations=1 num_threads=8]
Pass: Cold: 4.543120ms GPU, 4.547387ms CPU, 4.00s total GPU, 4.03s total wall, 880x 
Run:  [730/817] groupby_max_multithreaded [Device=0 T=F64 cardinality=0 num_rows=2^12 null_probability=0 num_aggregations=1 num_threads=1]
Pass: Cold: 0.182554ms GPU, 0.186566ms CPU, 0.50s total GPU, 0.60s total wall, 2752x 
Run:  [731/817] groupby_max_multithreaded [Device=0 T=F64 cardinality=0 num_rows=2^18 null_probability=0 num_aggregations=1 num_threads=1]
Pass: Cold: 0.711356ms GPU, 0.715484ms CPU, 1.16s total GPU, 1.21s total wall, 1632x 
Run:  [732/817] groupby_max_multithreaded [Device=0 T=F64 cardinality=0 num_rows=2^12 null_probability=0.1 num_aggregations=1 num_threads=1]
Pass: Cold: 0.218532ms GPU, 0.222536ms CPU, 0.50s total GPU, 0.58s total wall, 2288x 
Run:  [733/817] groupby_max_multithreaded [Device=0 T=F64 cardinality=0 num_rows=2^18 null_probability=0.1 num_aggregations=1 num_threads=1]
Pass: Cold: 0.766710ms GPU, 0.770753ms CPU, 1.42s total GPU, 1.48s total wall, 1856x 
Run:  [734/817] groupby_max_multithreaded [Device=0 T=F64 cardinality=0 num_rows=2^12 null_probability=0.9 num_aggregations=1 num_threads=1]
Pass: Cold: 0.223467ms GPU, 0.227521ms CPU, 0.50s total GPU, 0.58s total wall, 2240x 
Run:  [735/817] groupby_max_multithreaded [Device=0 T=F64 cardinality=0 num_rows=2^18 null_probability=0.9 num_aggregations=1 num_threads=1]
Pass: Cold: 0.735078ms GPU, 0.739389ms CPU, 1.42s total GPU, 1.49s total wall, 1936x 
Run:  [736/817] groupby_max_multithreaded [Device=0 T=F64 cardinality=0 num_rows=2^12 null_probability=0 num_aggregations=1 num_threads=2]
Pass: Cold: 0.271884ms GPU, 0.275933ms CPU, 0.50s total GPU, 0.57s total wall, 1840x 
Run:  [737/817] groupby_max_multithreaded [Device=0 T=F64 cardinality=0 num_rows=2^18 null_probability=0 num_aggregations=1 num_threads=2]
Pass: Cold: 1.247410ms GPU, 1.251496ms CPU, 2.02s total GPU, 2.07s total wall, 1616x 
Run:  [738/817] groupby_max_multithreaded [Device=0 T=F64 cardinality=0 num_rows=2^12 null_probability=0.1 num_aggregations=1 num_threads=2]
Pass: Cold: 0.325572ms GPU, 0.329567ms CPU, 0.56s total GPU, 0.62s total wall, 1712x 
Run:  [739/817] groupby_max_multithreaded [Device=0 T=F64 cardinality=0 num_rows=2^18 null_probability=0.1 num_aggregations=1 num_threads=2]
Pass: Cold: 1.306965ms GPU, 1.310968ms CPU, 0.50s total GPU, 0.51s total wall, 384x 
Run:  [740/817] groupby_max_multithreaded [Device=0 T=F64 cardinality=0 num_rows=2^12 null_probability=0.9 num_aggregations=1 num_threads=2]
Pass: Cold: 0.307859ms GPU, 0.311884ms CPU, 0.59s total GPU, 0.66s total wall, 1920x 
Run:  [741/817] groupby_max_multithreaded [Device=0 T=F64 cardinality=0 num_rows=2^18 null_probability=0.9 num_aggregations=1 num_threads=2]
Pass: Cold: 1.254334ms GPU, 1.258329ms CPU, 1.71s total GPU, 1.75s total wall, 1360x 
Run:  [742/817] groupby_max_multithreaded [Device=0 T=F64 cardinality=0 num_rows=2^12 null_probability=0 num_aggregations=1 num_threads=4]
Pass: Cold: 0.476014ms GPU, 0.480157ms CPU, 0.50s total GPU, 0.54s total wall, 1056x 
Run:  [743/817] groupby_max_multithreaded [Device=0 T=F64 cardinality=0 num_rows=2^18 null_probability=0 num_aggregations=1 num_threads=4]
Pass: Cold: 2.418795ms GPU, 2.423050ms CPU, 2.32s total GPU, 2.36s total wall, 960x 
Run:  [744/817] groupby_max_multithreaded [Device=0 T=F64 cardinality=0 num_rows=2^12 null_probability=0.1 num_aggregations=1 num_threads=4]
Pass: Cold: 0.584667ms GPU, 0.588757ms CPU, 1.38s total GPU, 1.47s total wall, 2368x 
Run:  [745/817] groupby_max_multithreaded [Device=0 T=F64 cardinality=0 num_rows=2^18 null_probability=0.1 num_aggregations=1 num_threads=4]
Pass: Cold: 2.517944ms GPU, 2.522338ms CPU, 0.52s total GPU, 0.53s total wall, 208x 
Run:  [746/817] groupby_max_multithreaded [Device=0 T=F64 cardinality=0 num_rows=2^12 null_probability=0.9 num_aggregations=1 num_threads=4]
Pass: Cold: 0.582664ms GPU, 0.586842ms CPU, 1.58s total GPU, 1.68s total wall, 2704x 
Run:  [747/817] groupby_max_multithreaded [Device=0 T=F64 cardinality=0 num_rows=2^18 null_probability=0.9 num_aggregations=1 num_threads=4]
Pass: Cold: 2.406231ms GPU, 2.410561ms CPU, 2.66s total GPU, 2.70s total wall, 1104x 
Run:  [748/817] groupby_max_multithreaded [Device=0 T=F64 cardinality=0 num_rows=2^12 null_probability=0 num_aggregations=1 num_threads=8]
Pass: Cold: 1.032326ms GPU, 1.036594ms CPU, 0.81s total GPU, 0.84s total wall, 784x 
Run:  [749/817] groupby_max_multithreaded [Device=0 T=F64 cardinality=0 num_rows=2^18 null_probability=0 num_aggregations=1 num_threads=8]
Pass: Cold: 4.709446ms GPU, 4.713721ms CPU, 8.51s total GPU, 8.58s total wall, 1808x 
Run:  [750/817] groupby_max_multithreaded [Device=0 T=F64 cardinality=0 num_rows=2^12 null_probability=0.1 num_aggregations=1 num_threads=8]
Pass: Cold: 1.309428ms GPU, 1.313625ms CPU, 0.90s total GPU, 0.93s total wall, 688x 
Run:  [751/817] groupby_max_multithreaded [Device=0 T=F64 cardinality=0 num_rows=2^18 null_probability=0.1 num_aggregations=1 num_threads=8]
Pass: Cold: 4.986548ms GPU, 4.991033ms CPU, 3.59s total GPU, 3.62s total wall, 720x 
Run:  [752/817] groupby_max_multithreaded [Device=0 T=F64 cardinality=0 num_rows=2^12 null_probability=0.9 num_aggregations=1 num_threads=8]
Pass: Cold: 1.326253ms GPU, 1.330421ms CPU, 0.81s total GPU, 0.83s total wall, 608x 
Run:  [753/817] groupby_max_multithreaded [Device=0 T=F64 cardinality=0 num_rows=2^18 null_probability=0.9 num_aggregations=1 num_threads=8]
Pass: Cold: 4.639856ms GPU, 4.644115ms CPU, 7.35s total GPU, 7.41s total wall, 1584x 
Run:  [754/817] groupby_nunique [Device=0 T=I32 num_rows=2^12 cardinality=0 null_probability=0]
Pass: Cold: 0.451778ms GPU, 0.455571ms CPU, 1.00s total GPU, 1.07s total wall, 2208x 
Run:  [755/817] groupby_nunique [Device=0 T=I32 num_rows=2^16 cardinality=0 null_probability=0]
Pass: Cold: 0.645897ms GPU, 0.649660ms CPU, 0.51s total GPU, 0.53s total wall, 784x 
Run:  [756/817] groupby_nunique [Device=0 T=I32 num_rows=2^20 cardinality=0 null_probability=0]
Pass: Cold: 6.015300ms GPU, 6.019453ms CPU, 5.39s total GPU, 5.41s total wall, 896x 
Run:  [757/817] groupby_nunique [Device=0 T=I32 num_rows=2^24 cardinality=0 null_probability=0]
Pass: Cold: 156.231999ms GPU, 156.235368ms CPU, 1.72s total GPU, 1.72s total wall, 11x 
Run:  [758/817] groupby_nunique [Device=0 T=I32 num_rows=2^12 cardinality=0 null_probability=0.5]
Pass: Cold: 0.554627ms GPU, 0.558414ms CPU, 1.22s total GPU, 1.29s total wall, 2192x 
Run:  [759/817] groupby_nunique [Device=0 T=I32 num_rows=2^16 cardinality=0 null_probability=0.5]
Pass: Cold: 0.779324ms GPU, 0.783131ms CPU, 1.40s total GPU, 1.45s total wall, 1792x 
Run:  [760/817] groupby_nunique [Device=0 T=I32 num_rows=2^20 cardinality=0 null_probability=0.5]
Pass: Cold: 6.258727ms GPU, 6.262888ms CPU, 9.61s total GPU, 9.65s total wall, 1536x 
Run:  [761/817] groupby_nunique [Device=0 T=I32 num_rows=2^24 cardinality=0 null_probability=0.5]
Pass: Cold: 192.931100ms GPU, 192.934573ms CPU, 2.12s total GPU, 2.12s total wall, 11x 
Run:  [762/817] groupby_nunique [Device=0 T=I64 num_rows=2^12 cardinality=0 null_probability=0]
Pass: Cold: 0.472821ms GPU, 0.476584ms CPU, 0.96s total GPU, 1.03s total wall, 2032x 
Run:  [763/817] groupby_nunique [Device=0 T=I64 num_rows=2^16 cardinality=0 null_probability=0]
Pass: Cold: 0.648193ms GPU, 0.651990ms CPU, 0.85s total GPU, 0.89s total wall, 1312x 
Run:  [764/817] groupby_nunique [Device=0 T=I64 num_rows=2^20 cardinality=0 null_probability=0]
Pass: Cold: 7.254307ms GPU, 7.258299ms CPU, 2.46s total GPU, 2.47s total wall, 339x 
Run:  [765/817] groupby_nunique [Device=0 T=I64 num_rows=2^24 cardinality=0 null_probability=0]
Pass: Cold: 169.733432ms GPU, 169.737470ms CPU, 1.87s total GPU, 1.87s total wall, 11x 
Run:  [766/817] groupby_nunique [Device=0 T=I64 num_rows=2^12 cardinality=0 null_probability=0.5]
Pass: Cold: 0.564519ms GPU, 0.568356ms CPU, 0.55s total GPU, 0.58s total wall, 976x 
Run:  [767/817] groupby_nunique [Device=0 T=I64 num_rows=2^16 cardinality=0 null_probability=0.5]
Pass: Cold: 0.790270ms GPU, 0.794075ms CPU, 0.87s total GPU, 0.91s total wall, 1104x 
Run:  [768/817] groupby_nunique [Device=0 T=I64 num_rows=2^20 cardinality=0 null_probability=0.5]
Pass: Cold: 6.694310ms GPU, 6.698430ms CPU, 9.32s total GPU, 9.35s total wall, 1392x 
Run:  [769/817] groupby_nunique [Device=0 T=I64 num_rows=2^24 cardinality=0 null_probability=0.5]
Pass: Cold: 196.553524ms GPU, 196.556686ms CPU, 2.16s total GPU, 2.16s total wall, 11x 
Run:  [770/817] groupby_rank [Device=0 rank_method=AVERAGE data_size=1000000 cardinality=0 is_sorted=0]
Pass: Cold: 7.058720ms GPU, 7.062787ms CPU, 0.50s total GPU, 0.50s total wall, 71x 
Run:  [771/817] groupby_rank [Device=0 rank_method=AVERAGE data_size=10000000 cardinality=0 is_sorted=0]
Pass: Cold: 57.411410ms GPU, 57.415610ms CPU, 0.63s total GPU, 0.63s total wall, 11x 
Run:  [772/817] groupby_rank [Device=0 rank_method=AVERAGE data_size=100000000 cardinality=0 is_sorted=0]
Pass: Cold: 540.899053ms GPU, 540.899909ms CPU, 5.95s total GPU, 5.95s total wall, 11x 
Run:  [773/817] groupby_rank [Device=0 rank_method=AVERAGE data_size=1000000 cardinality=0 is_sorted=1]
Pass: Cold: 0.703946ms GPU, 0.708083ms CPU, 0.51s total GPU, 0.53s total wall, 720x 
Run:  [774/817] groupby_rank [Device=0 rank_method=AVERAGE data_size=10000000 cardinality=0 is_sorted=1]
Pass: Cold: 5.972532ms GPU, 5.976857ms CPU, 0.50s total GPU, 0.50s total wall, 84x 
Run:  [775/817] groupby_rank [Device=0 rank_method=AVERAGE data_size=100000000 cardinality=0 is_sorted=1]
Pass: Cold: 58.636407ms GPU, 58.641098ms CPU, 0.65s total GPU, 0.65s total wall, 11x 
Run:  [776/817] groupby_rank [Device=0 rank_method=DENSE data_size=1000000 cardinality=0 is_sorted=0]
Pass: Cold: 6.740775ms GPU, 6.744815ms CPU, 0.51s total GPU, 0.51s total wall, 75x 
Run:  [777/817] groupby_rank [Device=0 rank_method=DENSE data_size=10000000 cardinality=0 is_sorted=0]
Pass: Cold: 54.699692ms GPU, 54.704091ms CPU, 0.60s total GPU, 0.60s total wall, 11x 
Run:  [778/817] groupby_rank [Device=0 rank_method=DENSE data_size=100000000 cardinality=0 is_sorted=0]
Pass: Cold: 514.007835ms GPU, 514.008925ms CPU, 5.65s total GPU, 5.65s total wall, 11x 
Run:  [779/817] groupby_rank [Device=0 rank_method=DENSE data_size=1000000 cardinality=0 is_sorted=1]
Pass: Cold: 0.392662ms GPU, 0.396651ms CPU, 0.50s total GPU, 0.55s total wall, 1280x 
Run:  [780/817] groupby_rank [Device=0 rank_method=DENSE data_size=10000000 cardinality=0 is_sorted=1]
Pass: Cold: 3.231161ms GPU, 3.235432ms CPU, 0.50s total GPU, 0.51s total wall, 155x 
Run:  [781/817] groupby_rank [Device=0 rank_method=DENSE data_size=100000000 cardinality=0 is_sorted=1]
Pass: Cold: 31.647480ms GPU, 31.652358ms CPU, 0.51s total GPU, 0.51s total wall, 16x 
Run:  [782/817] groupby_rank [Device=0 rank_method=FIRST data_size=1000000 cardinality=0 is_sorted=0]
Pass: Cold: 6.609871ms GPU, 6.614055ms CPU, 0.50s total GPU, 0.50s total wall, 76x 
Run:  [783/817] groupby_rank [Device=0 rank_method=FIRST data_size=10000000 cardinality=0 is_sorted=0]
Pass: Cold: 53.645265ms GPU, 53.650019ms CPU, 0.59s total GPU, 0.59s total wall, 11x 
Run:  [784/817] groupby_rank [Device=0 rank_method=FIRST data_size=100000000 cardinality=0 is_sorted=0]
Pass: Cold: 504.204459ms GPU, 504.206706ms CPU, 5.55s total GPU, 5.55s total wall, 11x 
Run:  [785/817] groupby_rank [Device=0 rank_method=FIRST data_size=1000000 cardinality=0 is_sorted=1]
Pass: Cold: 0.260124ms GPU, 0.264176ms CPU, 0.50s total GPU, 0.57s total wall, 1936x 
Run:  [786/817] groupby_rank [Device=0 rank_method=FIRST data_size=10000000 cardinality=0 is_sorted=1]
Pass: Cold: 2.228978ms GPU, 2.233152ms CPU, 0.50s total GPU, 0.51s total wall, 225x 
Run:  [787/817] groupby_rank [Device=0 rank_method=FIRST data_size=100000000 cardinality=0 is_sorted=1]
Pass: Cold: 21.984325ms GPU, 21.989542ms CPU, 0.51s total GPU, 0.51s total wall, 23x 
Run:  [788/817] groupby_rank [Device=0 rank_method=MAX data_size=1000000 cardinality=0 is_sorted=0]
Pass: Cold: 6.733039ms GPU, 6.737069ms CPU, 0.50s total GPU, 0.51s total wall, 75x 
Run:  [789/817] groupby_rank [Device=0 rank_method=MAX data_size=10000000 cardinality=0 is_sorted=0]
Pass: Cold: 54.586464ms GPU, 54.590771ms CPU, 0.60s total GPU, 0.60s total wall, 11x 
Run:  [790/817] groupby_rank [Device=0 rank_method=MAX data_size=100000000 cardinality=0 is_sorted=0]
Pass: Cold: 513.900968ms GPU, 513.902646ms CPU, 5.65s total GPU, 5.65s total wall, 11x 
Run:  [791/817] groupby_rank [Device=0 rank_method=MAX data_size=1000000 cardinality=0 is_sorted=1]
Pass: Cold: 0.374299ms GPU, 0.378295ms CPU, 0.81s total GPU, 0.89s total wall, 2176x 
Run:  [792/817] groupby_rank [Device=0 rank_method=MAX data_size=10000000 cardinality=0 is_sorted=1]
Pass: Cold: 3.215208ms GPU, 3.219423ms CPU, 0.50s total GPU, 0.51s total wall, 156x 
Run:  [793/817] groupby_rank [Device=0 rank_method=MAX data_size=100000000 cardinality=0 is_sorted=1]
Pass: Cold: 31.652310ms GPU, 31.658015ms CPU, 0.51s total GPU, 0.51s total wall, 16x 
Run:  [794/817] groupby_rank [Device=0 rank_method=MIN data_size=1000000 cardinality=0 is_sorted=0]
Pass: Cold: 6.748401ms GPU, 6.752404ms CPU, 0.51s total GPU, 0.51s total wall, 75x 
Run:  [795/817] groupby_rank [Device=0 rank_method=MIN data_size=10000000 cardinality=0 is_sorted=0]
Pass: Cold: 54.674179ms GPU, 54.678702ms CPU, 0.60s total GPU, 0.60s total wall, 11x 
Run:  [796/817] groupby_rank [Device=0 rank_method=MIN data_size=100000000 cardinality=0 is_sorted=0]
Pass: Cold: 513.776894ms GPU, 513.778092ms CPU, 5.65s total GPU, 5.65s total wall, 11x 
Run:  [797/817] groupby_rank [Device=0 rank_method=MIN data_size=1000000 cardinality=0 is_sorted=1]
Pass: Cold: 0.392105ms GPU, 0.396028ms CPU, 0.68s total GPU, 0.74s total wall, 1744x 
Run:  [798/817] groupby_rank [Device=0 rank_method=MIN data_size=10000000 cardinality=0 is_sorted=1]
Pass: Cold: 3.230407ms GPU, 3.234705ms CPU, 0.50s total GPU, 0.51s total wall, 155x 
Run:  [799/817] groupby_rank [Device=0 rank_method=MIN data_size=100000000 cardinality=0 is_sorted=1]
Pass: Cold: 31.635612ms GPU, 31.640689ms CPU, 0.51s total GPU, 0.51s total wall, 16x 
Run:  [800/817] groupby_struct_keys [Device=0 NumRows=2^10 Depth=0 Nulls=0]
Pass: Cold: 0.133832ms GPU, 0.137642ms CPU, 0.50s total GPU, 0.62s total wall, 3744x 
Run:  [801/817] groupby_struct_keys [Device=0 NumRows=2^16 Depth=0 Nulls=0]
Pass: Cold: 0.185105ms GPU, 0.188916ms CPU, 0.50s total GPU, 0.59s total wall, 2704x 
Run:  [802/817] groupby_struct_keys [Device=0 NumRows=2^20 Depth=0 Nulls=0]
Pass: Cold: 0.964000ms GPU, 0.968108ms CPU, 0.51s total GPU, 0.52s total wall, 528x 
Run:  [803/817] groupby_struct_keys [Device=0 NumRows=2^10 Depth=1 Nulls=0]
Pass: Cold: 0.299960ms GPU, 0.304152ms CPU, 0.65s total GPU, 0.73s total wall, 2176x 
Run:  [804/817] groupby_struct_keys [Device=0 NumRows=2^16 Depth=1 Nulls=0]
Pass: Cold: 0.342573ms GPU, 0.346761ms CPU, 0.50s total GPU, 0.55s total wall, 1472x 
Run:  [805/817] groupby_struct_keys [Device=0 NumRows=2^20 Depth=1 Nulls=0]
Pass: Cold: 0.979670ms GPU, 0.983918ms CPU, 0.86s total GPU, 0.88s total wall, 880x 
Run:  [806/817] groupby_struct_keys [Device=0 NumRows=2^10 Depth=8 Nulls=0]
Pass: Cold: 0.966026ms GPU, 0.970185ms CPU, 1.85s total GPU, 1.92s total wall, 1920x 
Run:  [807/817] groupby_struct_keys [Device=0 NumRows=2^16 Depth=8 Nulls=0]
Pass: Cold: 1.223546ms GPU, 1.228253ms CPU, 1.43s total GPU, 1.47s total wall, 1168x 
Run:  [808/817] groupby_struct_keys [Device=0 NumRows=2^20 Depth=8 Nulls=0]
Pass: Cold: 2.149572ms GPU, 2.153838ms CPU, 6.29s total GPU, 6.37s total wall, 2928x 
Run:  [809/817] groupby_struct_keys [Device=0 NumRows=2^10 Depth=0 Nulls=1]
Pass: Cold: 0.191003ms GPU, 0.195172ms CPU, 0.50s total GPU, 0.59s total wall, 2624x 
Run:  [810/817] groupby_struct_keys [Device=0 NumRows=2^16 Depth=0 Nulls=1]
Pass: Cold: 0.241032ms GPU, 0.245214ms CPU, 0.50s total GPU, 0.57s total wall, 2080x 
Run:  [811/817] groupby_struct_keys [Device=0 NumRows=2^20 Depth=0 Nulls=1]
Pass: Cold: 1.094276ms GPU, 1.098491ms CPU, 0.63s total GPU, 0.64s total wall, 576x 
Run:  [812/817] groupby_struct_keys [Device=0 NumRows=2^10 Depth=1 Nulls=1]
Pass: Cold: 0.300435ms GPU, 0.304601ms CPU, 0.70s total GPU, 0.78s total wall, 2336x 
Run:  [813/817] groupby_struct_keys [Device=0 NumRows=2^16 Depth=1 Nulls=1]
Pass: Cold: 0.340396ms GPU, 0.344562ms CPU, 0.50s total GPU, 0.55s total wall, 1472x 
Run:  [814/817] groupby_struct_keys [Device=0 NumRows=2^20 Depth=1 Nulls=1]
Pass: Cold: 0.978336ms GPU, 0.982575ms CPU, 0.61s total GPU, 0.62s total wall, 624x 
Run:  [815/817] groupby_struct_keys [Device=0 NumRows=2^10 Depth=8 Nulls=1]
Pass: Cold: 0.963519ms GPU, 0.967681ms CPU, 1.87s total GPU, 1.93s total wall, 1936x 
Run:  [816/817] groupby_struct_keys [Device=0 NumRows=2^16 Depth=8 Nulls=1]
Pass: Cold: 1.204590ms GPU, 1.209250ms CPU, 1.37s total GPU, 1.41s total wall, 1136x 
Run:  [817/817] groupby_struct_keys [Device=0 NumRows=2^20 Depth=8 Nulls=1]
Pass: Cold: 2.165618ms GPU, 2.169897ms CPU, 6.27s total GPU, 6.35s total wall, 2896x 
```

# Benchmark Results

## groupby_histogram

### [0] Tesla T4

|  T  | null_probability | cardinality | num_rows | Samples |  CPU Time  | Noise |  GPU Time  | Noise |  rows/s   | peak_memory_usage |
|-----|------------------|-------------|----------|---------|------------|-------|------------|-------|-----------|-------------------|
| I32 |                0 |         100 |      100 |   2592x | 334.965 us | 8.73% | 330.587 us | 8.52% |    302492 |         4.766 KiB |
| I32 |              0.1 |         100 |      100 |   2832x | 374.334 us | 7.28% | 370.498 us | 7.19% |    269907 |         4.828 KiB |
| I32 |              0.9 |         100 |      100 |   1424x | 369.600 us | 2.63% | 365.763 us | 2.41% |    273400 |         4.828 KiB |
| I32 |                0 |         100 |     1000 |   1664x | 305.010 us | 2.96% | 301.223 us | 2.66% |   3319804 |        35.094 KiB |
| I32 |              0.1 |         100 |     1000 |   2400x | 371.094 us | 4.02% | 367.453 us | 3.88% |   2721434 |        35.219 KiB |
| I32 |              0.9 |         100 |     1000 |   1376x | 369.247 us | 2.47% | 365.573 us | 2.25% |   2735430 |        33.984 KiB |
| I32 |                0 |        1000 |     1000 |   1696x | 299.657 us | 2.67% | 295.978 us | 2.35% |   3378635 |        34.859 KiB |
| I32 |              0.1 |        1000 |     1000 |   1696x | 370.448 us | 3.73% | 366.833 us | 3.59% |   2726034 |        34.984 KiB |
| I32 |              0.9 |        1000 |     1000 |   1616x | 369.190 us | 2.49% | 365.561 us | 2.27% |   2735524 |        34.984 KiB |
| I32 |                0 |         100 |    10000 |   1344x | 375.717 us | 2.21% | 372.091 us | 1.98% |  26875128 |       334.781 KiB |
| I32 |              0.1 |         100 |    10000 |   2288x | 450.419 us | 3.40% | 446.779 us | 3.29% |  22382419 |       334.906 KiB |
| I32 |              0.9 |         100 |    10000 |   1136x | 443.871 us | 2.15% | 440.275 us | 1.98% |  22713087 |       318.812 KiB |
| I32 |                0 |        1000 |    10000 |   1360x | 373.081 us | 1.93% | 369.483 us | 1.66% |  27064861 |       334.828 KiB |
| I32 |              0.1 |        1000 |    10000 |   2480x | 451.821 us | 4.77% | 448.183 us | 4.68% |  22312332 |       335.938 KiB |
| I32 |              0.9 |        1000 |    10000 |   1136x | 445.904 us | 2.08% | 442.296 us | 1.90% |  22609303 |       326.047 KiB |
| I32 |                0 |       10000 |    10000 |   2848x | 377.939 us | 6.12% | 374.293 us | 6.04% |  26717032 |       332.719 KiB |
| I32 |              0.1 |       10000 |    10000 |   1120x | 451.690 us | 2.51% | 448.033 us | 2.37% |  22319793 |       333.969 KiB |
| I32 |              0.9 |       10000 |    10000 |   1136x | 444.901 us | 1.94% | 441.251 us | 1.74% |  22662830 |       333.969 KiB |
| I32 |                0 |         100 |   100000 |   2144x | 537.862 us | 3.20% | 534.231 us | 3.11% | 187184892 |         3.494 MiB |
| I32 |              0.1 |         100 |   100000 |    832x | 610.185 us | 1.47% | 606.545 us | 1.33% | 164868333 |         3.488 MiB |
| I32 |              0.9 |         100 |   100000 |    880x | 576.151 us | 1.57% | 572.521 us | 1.43% | 174665932 |         3.327 MiB |
| I32 |                0 |        1000 |   100000 |   2544x | 533.839 us | 3.00% | 530.183 us | 2.92% | 188614117 |         3.495 MiB |
| I32 |              0.1 |        1000 |   100000 |   1088x | 607.913 us | 1.58% | 604.253 us | 1.45% | 165493665 |         3.495 MiB |
| I32 |              0.9 |        1000 |   100000 |   2000x | 584.484 us | 2.79% | 580.835 us | 2.70% | 172165822 |         3.335 MiB |
| I32 |                0 |       10000 |   100000 |   1056x | 533.869 us | 2.21% | 530.103 us | 2.09% | 188642422 |         3.495 MiB |
| I32 |              0.1 |       10000 |   100000 |   1856x | 612.744 us | 2.31% | 609.051 us | 2.22% | 164189829 |         3.505 MiB |
| I32 |              0.9 |       10000 |   100000 |    848x | 598.015 us | 1.54% | 594.309 us | 1.40% | 168262760 |         3.407 MiB |
| I32 |                0 |      100000 |   100000 |    960x | 531.090 us | 1.53% | 527.350 us | 1.36% | 189627382 |         3.474 MiB |
| I32 |              0.1 |      100000 |   100000 |   2288x | 608.285 us | 2.33% | 604.558 us | 2.24% | 165410066 |         3.486 MiB |
| I32 |              0.9 |      100000 |   100000 |    848x | 602.902 us | 1.42% | 599.208 us | 1.27% | 166886862 |         3.486 MiB |
| I32 |                0 |         100 |  1000000 |    712x |   2.960 ms | 0.51% |   2.956 ms | 0.50% | 338282854 |        32.941 MiB |
| I32 |              0.1 |         100 |  1000000 |   1376x |   3.054 ms | 0.80% |   3.051 ms | 0.79% | 327813095 |        32.861 MiB |
| I32 |              0.9 |         100 |  1000000 |    192x |   2.608 ms | 0.45% |   2.604 ms | 0.42% | 383993438 |        31.242 MiB |
| I32 |                0 |        1000 |  1000000 |    166x |   3.020 ms | 0.34% |   3.016 ms | 0.32% | 331553564 |        32.943 MiB |
| I32 |              0.1 |        1000 |  1000000 |    161x |   3.118 ms | 0.46% |   3.114 ms | 0.44% | 321102638 |        32.872 MiB |
| I32 |              0.9 |        1000 |  1000000 |   1696x |   2.687 ms | 0.96% |   2.683 ms | 0.95% | 372718931 |        31.251 MiB |
| I32 |                0 |       10000 |  1000000 |    168x |   2.997 ms | 0.34% |   2.993 ms | 0.32% | 334144317 |        32.943 MiB |
| I32 |              0.1 |       10000 |  1000000 |    162x |   3.104 ms | 0.43% |   3.101 ms | 0.41% | 322509028 |        32.946 MiB |
| I32 |              0.9 |       10000 |  1000000 |    183x |   2.743 ms | 0.43% |   2.739 ms | 0.41% | 365100485 |        31.341 MiB |
| I32 |                0 |      100000 |  1000000 |   1552x |   3.029 ms | 0.66% |   3.025 ms | 0.64% | 330534681 |        32.943 MiB |
| I32 |              0.1 |      100000 |  1000000 |    160x |   3.146 ms | 0.38% |   3.142 ms | 0.36% | 318293823 |        33.042 MiB |
| I32 |              0.9 |      100000 |  1000000 |    171x |   2.944 ms | 0.47% |   2.940 ms | 0.46% | 340125922 |        32.056 MiB |
| I32 |                0 |     1000000 |  1000000 |    165x |   3.044 ms | 0.37% |   3.041 ms | 0.34% | 328889814 |        32.738 MiB |
| I32 |              0.1 |     1000000 |  1000000 |   2336x |   3.157 ms | 0.79% |   3.153 ms | 0.78% | 317138525 |        32.858 MiB |
| I32 |              0.9 |     1000000 |  1000000 |    161x |   3.120 ms | 0.37% |   3.116 ms | 0.35% | 320901602 |        32.858 MiB |
| I32 |                0 |         100 | 10000000 |     18x |  29.209 ms | 0.23% |  29.205 ms | 0.23% | 342402525 |       325.903 MiB |
| I32 |              0.1 |         100 | 10000000 |     17x |  29.421 ms | 0.48% |  29.418 ms | 0.48% | 339933057 |       325.079 MiB |
| I32 |              0.9 |         100 | 10000000 |    512x |  25.208 ms | 0.63% |  25.205 ms | 0.63% | 396750483 |       308.911 MiB |
| I32 |                0 |        1000 | 10000000 |     17x |  29.737 ms | 0.50% |  29.733 ms | 0.50% | 336323620 |       325.923 MiB |
| I32 |              0.1 |        1000 | 10000000 |     21x |  29.933 ms | 0.50% |  29.929 ms | 0.50% | 334121018 |       325.106 MiB |
| I32 |              0.9 |        1000 | 10000000 |     20x |  25.314 ms | 0.45% |  25.311 ms | 0.45% | 395092684 |       308.922 MiB |
| I32 |                0 |       10000 | 10000000 |     17x |  30.100 ms | 0.43% |  30.096 ms | 0.43% | 332268218 |       325.926 MiB |
| I32 |              0.1 |       10000 | 10000000 |     23x |  30.324 ms | 0.50% |  30.320 ms | 0.49% | 329811869 |       325.198 MiB |
| I32 |              0.9 |       10000 | 10000000 |    240x |  25.892 ms | 0.63% |  25.889 ms | 0.63% | 386268574 |       309.012 MiB |
| I32 |                0 |      100000 | 10000000 |    224x |  30.055 ms | 0.59% |  30.051 ms | 0.59% | 332765592 |       325.926 MiB |
| I32 |              0.1 |      100000 | 10000000 |     17x |  30.340 ms | 0.49% |  30.336 ms | 0.49% | 329641658 |       325.948 MiB |
| I32 |              0.9 |      100000 | 10000000 |    528x |  26.670 ms | 0.64% |  26.666 ms | 0.64% | 375003353 |       309.909 MiB |
| I32 |                0 |     1000000 | 10000000 |     80x |  30.668 ms | 0.63% |  30.664 ms | 0.63% | 326115532 |       325.926 MiB |
| I32 |              0.1 |     1000000 | 10000000 |    481x |  31.165 ms | 0.60% |  31.162 ms | 0.60% | 320907482 |       326.913 MiB |
| I32 |              0.9 |     1000000 | 10000000 |     18x |  29.048 ms | 0.48% |  29.044 ms | 0.48% | 344302769 |       317.062 MiB |
| I32 |                0 |    10000000 | 10000000 |    240x |  30.965 ms | 0.58% |  30.961 ms | 0.58% | 322986633 |       323.870 MiB |
| I32 |              0.1 |    10000000 | 10000000 |    400x |  31.450 ms | 0.57% |  31.446 ms | 0.57% | 318003257 |       325.062 MiB |
| I32 |              0.9 |    10000000 | 10000000 |     17x |  31.092 ms | 0.43% |  31.088 ms | 0.43% | 321664878 |       325.062 MiB |
| I64 |                0 |         100 |      100 |   1760x | 289.766 us | 3.30% | 286.080 us | 3.01% |    349552 |         5.156 KiB |
| I64 |              0.1 |         100 |      100 |   2496x | 361.198 us | 5.42% | 357.542 us | 5.31% |    279687 |         5.219 KiB |
| I64 |              0.9 |         100 |      100 |   1408x | 360.637 us | 3.00% | 356.973 us | 2.81% |    280133 |         5.219 KiB |
| I64 |                0 |         100 |     1000 |   1664x | 304.933 us | 3.17% | 301.165 us | 2.90% |   3320438 |        39.000 KiB |
| I64 |              0.1 |         100 |     1000 |   1648x | 374.692 us | 4.99% | 371.055 us | 4.87% |   2695015 |        39.125 KiB |
| I64 |              0.9 |         100 |     1000 |   1792x | 373.093 us | 3.89% | 369.449 us | 3.75% |   2706735 |        37.891 KiB |
| I64 |                0 |        1000 |     1000 |   1680x | 302.733 us | 3.58% | 299.026 us | 3.35% |   3344190 |        38.766 KiB |
| I64 |              0.1 |        1000 |     1000 |   2800x | 376.058 us | 7.08% | 372.429 us | 6.97% |   2685075 |        38.891 KiB |
| I64 |              0.9 |        1000 |     1000 |   1376x | 371.216 us | 2.48% | 367.606 us | 2.28% |   2720304 |        38.891 KiB |
| I64 |                0 |         100 |    10000 |   1504x | 376.176 us | 2.39% | 372.512 us | 2.17% |  26844751 |       373.844 KiB |
| I64 |              0.1 |         100 |    10000 |   2048x | 452.665 us | 3.72% | 449.021 us | 3.61% |  22270670 |       373.969 KiB |
| I64 |              0.9 |         100 |    10000 |   1136x | 444.970 us | 1.94% | 441.279 us | 1.74% |  22661403 |       357.875 KiB |
| I64 |                0 |        1000 |    10000 |   1344x | 379.811 us | 2.46% | 376.146 us | 2.26% |  26585404 |       373.891 KiB |
| I64 |              0.1 |        1000 |    10000 |   2656x | 456.296 us | 4.16% | 452.652 us | 4.07% |  22092044 |       375.000 KiB |
| I64 |              0.9 |        1000 |    10000 |   1184x | 446.260 us | 1.99% | 442.604 us | 1.81% |  22593559 |       365.109 KiB |
| I64 |                0 |       10000 |    10000 |   2400x | 376.368 us | 3.52% | 372.715 us | 3.38% |  26830117 |       371.781 KiB |
| I64 |              0.1 |       10000 |    10000 |   1120x | 453.032 us | 1.95% | 449.399 us | 1.78% |  22251925 |       373.031 KiB |
| I64 |              0.9 |       10000 |    10000 |   1136x | 448.250 us | 2.04% | 444.577 us | 1.84% |  22493283 |       373.031 KiB |
| I64 |                0 |         100 |   100000 |   2304x | 541.790 us | 2.36% | 538.118 us | 2.26% | 185833005 |         3.876 MiB |
| I64 |              0.1 |         100 |   100000 |    816x | 617.328 us | 1.42% | 613.699 us | 1.29% | 162946314 |         3.869 MiB |
| I64 |              0.9 |         100 |   100000 |   2032x | 581.912 us | 2.36% | 578.270 us | 2.28% | 172929605 |         3.708 MiB |
| I64 |                0 |        1000 |   100000 |    944x | 538.749 us | 1.44% | 535.033 us | 1.27% | 186904341 |         3.876 MiB |
| I64 |              0.1 |        1000 |   100000 |    816x | 617.054 us | 1.45% | 613.411 us | 1.32% | 163022954 |         3.877 MiB |
| I64 |              0.9 |        1000 |   100000 |   2656x | 587.559 us | 2.90% | 583.901 us | 2.82% | 171261866 |         3.717 MiB |
| I64 |                0 |       10000 |   100000 |   1008x | 539.753 us | 1.59% | 536.066 us | 1.44% | 186544260 |         3.876 MiB |
| I64 |              0.1 |       10000 |   100000 |   1856x | 622.256 us | 4.12% | 618.526 us | 4.07% | 161674600 |         3.886 MiB |
| I64 |              0.9 |       10000 |   100000 |    848x | 602.926 us | 1.51% | 599.224 us | 1.36% | 166882469 |         3.788 MiB |
| I64 |                0 |      100000 |   100000 |   2112x | 539.235 us | 2.51% | 535.479 us | 2.40% | 186748612 |         3.856 MiB |
| I64 |              0.1 |      100000 |   100000 |    832x | 616.251 us | 1.63% | 612.556 us | 1.51% | 163250390 |         3.868 MiB |
| I64 |              0.9 |      100000 |   100000 |    832x | 611.111 us | 1.57% | 607.404 us | 1.44% | 164634986 |         3.868 MiB |
| I64 |                0 |         100 |  1000000 |   1360x |   3.079 ms | 0.89% |   3.075 ms | 0.88% | 325205474 |        36.756 MiB |
| I64 |              0.1 |         100 |  1000000 |   1504x |   3.166 ms | 0.83% |   3.162 ms | 0.82% | 316253193 |        36.676 MiB |
| I64 |              0.9 |         100 |  1000000 |    188x |   2.671 ms | 0.51% |   2.667 ms | 0.49% | 374945448 |        35.057 MiB |
| I64 |                0 |        1000 |  1000000 |    160x |   3.137 ms | 0.36% |   3.134 ms | 0.34% | 319118905 |        36.757 MiB |
| I64 |              0.1 |        1000 |  1000000 |   1360x |   3.228 ms | 0.64% |   3.224 ms | 0.63% | 310180196 |        36.686 MiB |
| I64 |              0.9 |        1000 |  1000000 |    529x |   2.748 ms | 0.52% |   2.745 ms | 0.50% | 364336920 |        35.066 MiB |
| I64 |                0 |       10000 |  1000000 |    162x |   3.107 ms | 0.32% |   3.103 ms | 0.30% | 322226978 |        36.758 MiB |
| I64 |              0.1 |       10000 |  1000000 |   1520x |   3.213 ms | 0.57% |   3.209 ms | 0.56% | 311623961 |        36.761 MiB |
| I64 |              0.9 |       10000 |  1000000 |    179x |   2.806 ms | 0.38% |   2.802 ms | 0.36% | 356907942 |        35.155 MiB |
| I64 |                0 |      100000 |  1000000 |    160x |   3.137 ms | 0.35% |   3.133 ms | 0.33% | 319142064 |        36.758 MiB |
| I64 |              0.1 |      100000 |  1000000 |   1440x |   3.262 ms | 0.93% |   3.258 ms | 0.92% | 306938680 |        36.857 MiB |
| I64 |              0.9 |      100000 |  1000000 |    166x |   3.020 ms | 0.39% |   3.016 ms | 0.37% | 331599257 |        35.871 MiB |
| I64 |                0 |     1000000 |  1000000 |    159x |   3.152 ms | 0.37% |   3.148 ms | 0.34% | 317677849 |        36.553 MiB |
| I64 |              0.1 |     1000000 |  1000000 |    154x |   3.265 ms | 0.35% |   3.262 ms | 0.33% | 306594824 |        36.672 MiB |
| I64 |              0.9 |     1000000 |  1000000 |    555x |   3.200 ms | 0.52% |   3.197 ms | 0.50% | 312832504 |        36.672 MiB |
| I64 |                0 |         100 | 10000000 |     21x |  30.118 ms | 0.50% |  30.115 ms | 0.50% | 332065302 |       364.050 MiB |
| I64 |              0.1 |         100 | 10000000 |     17x |  30.193 ms | 0.32% |  30.190 ms | 0.32% | 331236862 |       363.226 MiB |
| I64 |              0.9 |         100 | 10000000 |    528x |  25.606 ms | 0.61% |  25.603 ms | 0.61% | 390583635 |       347.058 MiB |
| I64 |                0 |        1000 | 10000000 |     17x |  30.449 ms | 0.41% |  30.445 ms | 0.41% | 328463299 |       364.070 MiB |
| I64 |              0.1 |        1000 | 10000000 |     17x |  30.724 ms | 0.40% |  30.720 ms | 0.40% | 325521830 |       363.253 MiB |
| I64 |              0.9 |        1000 | 10000000 |    560x |  25.620 ms | 0.60% |  25.616 ms | 0.60% | 390381198 |       347.069 MiB |
| I64 |                0 |       10000 | 10000000 |     96x |  30.835 ms | 0.56% |  30.832 ms | 0.56% | 324343006 |       364.073 MiB |
| I64 |              0.1 |       10000 | 10000000 |     21x |  31.077 ms | 0.50% |  31.073 ms | 0.50% | 321821150 |       363.345 MiB |
| I64 |              0.9 |       10000 | 10000000 |    176x |  26.213 ms | 0.63% |  26.209 ms | 0.63% | 381547161 |       347.159 MiB |
| I64 |                0 |      100000 | 10000000 |     61x |  30.749 ms | 0.50% |  30.745 ms | 0.50% | 325255418 |       364.073 MiB |
| I64 |              0.1 |      100000 | 10000000 |    128x |  31.086 ms | 0.55% |  31.083 ms | 0.55% | 321724256 |       364.094 MiB |
| I64 |              0.9 |      100000 | 10000000 |    556x |  26.968 ms | 0.65% |  26.964 ms | 0.65% | 370858026 |       348.056 MiB |
| I64 |                0 |     1000000 | 10000000 |    479x |  31.326 ms | 0.60% |  31.322 ms | 0.60% | 319263992 |       364.073 MiB |
| I64 |              0.1 |     1000000 | 10000000 |    471x |  31.833 ms | 0.59% |  31.829 ms | 0.59% | 314178257 |       365.060 MiB |
| I64 |              0.9 |     1000000 | 10000000 |     19x |  29.451 ms | 0.49% |  29.447 ms | 0.49% | 339597405 |       355.209 MiB |
| I64 |                0 |    10000000 | 10000000 |    368x |  31.662 ms | 0.59% |  31.658 ms | 0.59% | 315876048 |       362.017 MiB |
| I64 |              0.1 |    10000000 | 10000000 |    112x |  32.067 ms | 0.58% |  32.063 ms | 0.58% | 311888135 |       363.209 MiB |
| I64 |              0.9 |    10000000 | 10000000 |     16x |  31.635 ms | 0.49% |  31.632 ms | 0.49% | 316140036 |       363.209 MiB |
| F32 |                0 |         100 |      100 |   2048x | 290.472 us | 4.33% | 286.799 us | 4.13% |    348676 |         4.797 KiB |
| F32 |              0.1 |         100 |      100 |   1424x | 358.277 us | 2.58% | 354.691 us | 2.37% |    281935 |         4.859 KiB |
| F32 |              0.9 |         100 |      100 |   1424x | 358.697 us | 2.50% | 355.061 us | 2.28% |    281642 |         4.828 KiB |
| F32 |                0 |         100 |     1000 |   1680x | 301.482 us | 2.87% | 297.829 us | 2.61% |   3357631 |        35.094 KiB |
| F32 |              0.1 |         100 |     1000 |   2288x | 374.460 us | 4.61% | 370.842 us | 4.50% |   2696564 |        35.219 KiB |
| F32 |              0.9 |         100 |     1000 |   1360x | 371.943 us | 2.64% | 368.303 us | 2.42% |   2715158 |        33.984 KiB |
| F32 |                0 |        1000 |     1000 |   1680x | 302.773 us | 3.19% | 299.117 us | 2.95% |   3343172 |        35.078 KiB |
| F32 |              0.1 |        1000 |     1000 |   2768x | 378.038 us | 7.51% | 374.352 us | 7.42% |   2671285 |        35.203 KiB |
| F32 |              0.9 |        1000 |     1000 |   1360x | 371.822 us | 2.54% | 368.166 us | 2.33% |   2716166 |        34.984 KiB |
| F32 |                0 |         100 |    10000 |   1360x | 374.602 us | 2.39% | 371.012 us | 2.19% |  26953338 |       334.828 KiB |
| F32 |              0.1 |         100 |    10000 |   2224x | 452.559 us | 3.72% | 448.952 us | 3.63% |  22274086 |       334.938 KiB |
| F32 |              0.9 |         100 |    10000 |   1136x | 446.212 us | 2.10% | 442.615 us | 1.93% |  22592974 |       318.812 KiB |
| F32 |                0 |        1000 |    10000 |   1760x | 385.123 us | 3.37% | 381.455 us | 3.23% |  26215425 |       334.828 KiB |
| F32 |              0.1 |        1000 |    10000 |   1120x | 454.628 us | 1.88% | 451.061 us | 1.71% |  22169950 |       335.938 KiB |
| F32 |              0.9 |        1000 |    10000 |   1136x | 446.977 us | 2.14% | 443.372 us | 1.97% |  22554432 |       326.047 KiB |
| F32 |                0 |       10000 |    10000 |   1344x | 378.767 us | 2.52% | 375.110 us | 2.33% |  26658853 |       334.391 KiB |
| F32 |              0.1 |       10000 |    10000 |   2400x | 458.754 us | 4.21% | 455.075 us | 4.13% |  21974417 |       335.422 KiB |
| F32 |              0.9 |       10000 |    10000 |   1136x | 449.245 us | 2.16% | 445.629 us | 2.00% |  22440179 |       334.062 KiB |
| F32 |                0 |         100 |   100000 |   2352x | 536.307 us | 2.85% | 532.647 us | 2.76% | 187741612 |         3.495 MiB |
| F32 |              0.1 |         100 |   100000 |    864x | 609.829 us | 1.62% | 606.221 us | 1.51% | 164956253 |         3.488 MiB |
| F32 |              0.9 |         100 |   100000 |    880x | 577.897 us | 1.57% | 574.212 us | 1.44% | 174151706 |         3.327 MiB |
| F32 |                0 |        1000 |   100000 |   1664x | 534.537 us | 4.28% | 530.895 us | 4.22% | 188361156 |         3.495 MiB |
| F32 |              0.1 |        1000 |   100000 |   1984x | 610.236 us | 2.80% | 606.590 us | 2.74% | 164855901 |         3.495 MiB |
| F32 |              0.9 |        1000 |   100000 |   2672x | 588.625 us | 3.90% | 584.994 us | 3.83% | 170941857 |         3.335 MiB |
| F32 |                0 |       10000 |   100000 |   1248x | 543.922 us | 7.26% | 540.188 us | 7.21% | 185120841 |         3.495 MiB |
| F32 |              0.1 |       10000 |   100000 |   2208x | 614.339 us | 2.64% | 610.603 us | 2.56% | 163772451 |         3.505 MiB |
| F32 |              0.9 |       10000 |   100000 |   2192x | 602.488 us | 2.66% | 598.788 us | 2.59% | 167003880 |         3.407 MiB |
| F32 |                0 |      100000 |   100000 |    944x | 536.930 us | 1.81% | 533.160 us | 1.66% | 187560993 |         3.490 MiB |
| F32 |              0.1 |      100000 |   100000 |   2160x | 612.839 us | 2.61% | 609.154 us | 2.54% | 164162155 |         3.501 MiB |
| F32 |              0.9 |      100000 |   100000 |   1088x | 606.907 us | 1.77% | 603.221 us | 1.66% | 165776794 |         3.488 MiB |
| F32 |                0 |         100 |  1000000 |   1520x |   2.966 ms | 0.83% |   2.962 ms | 0.82% | 337611066 |        32.939 MiB |
| F32 |              0.1 |         100 |  1000000 |   1488x |   3.065 ms | 1.04% |   3.061 ms | 1.03% | 326681735 |        32.861 MiB |
| F32 |              0.9 |         100 |  1000000 |    328x |   2.613 ms | 0.52% |   2.610 ms | 0.50% | 383177985 |        31.240 MiB |
| F32 |                0 |        1000 |  1000000 |    166x |   3.028 ms | 0.41% |   3.025 ms | 0.38% | 330604142 |        32.942 MiB |
| F32 |              0.1 |        1000 |  1000000 |   2592x |   3.119 ms | 0.80% |   3.115 ms | 0.79% | 320999470 |        32.871 MiB |
| F32 |              0.9 |        1000 |  1000000 |   2368x |   2.688 ms | 0.97% |   2.684 ms | 0.96% | 372579963 |        31.251 MiB |
| F32 |                0 |       10000 |  1000000 |    167x |   3.000 ms | 0.51% |   2.996 ms | 0.49% | 333770921 |        32.943 MiB |
| F32 |              0.1 |       10000 |  1000000 |    162x |   3.109 ms | 0.34% |   3.105 ms | 0.32% | 322057165 |        32.946 MiB |
| F32 |              0.9 |       10000 |  1000000 |    183x |   2.745 ms | 0.45% |   2.741 ms | 0.42% | 364829673 |        31.341 MiB |
| F32 |                0 |      100000 |  1000000 |    304x |   3.033 ms | 0.52% |   3.029 ms | 0.50% | 330177565 |        32.943 MiB |
| F32 |              0.1 |      100000 |  1000000 |    159x |   3.151 ms | 0.40% |   3.148 ms | 0.38% | 317706875 |        33.042 MiB |
| F32 |              0.9 |      100000 |  1000000 |    170x |   2.945 ms | 0.33% |   2.942 ms | 0.30% | 339930535 |        32.056 MiB |
| F32 |                0 |     1000000 |  1000000 |    163x |   3.072 ms | 0.32% |   3.068 ms | 0.30% | 325900091 |        32.895 MiB |
| F32 |              0.1 |     1000000 |  1000000 |   1408x |   3.187 ms | 1.26% |   3.183 ms | 1.26% | 314122881 |        32.998 MiB |
| F32 |              0.9 |     1000000 |  1000000 |    161x |   3.125 ms | 0.41% |   3.121 ms | 0.39% | 320434699 |        32.874 MiB |
| F32 |                0 |         100 | 10000000 |     18x |  29.216 ms | 0.48% |  29.213 ms | 0.48% | 342318551 |       325.864 MiB |
| F32 |              0.1 |         100 | 10000000 |    509x |  29.452 ms | 0.51% |  29.449 ms | 0.51% | 339574685 |       325.064 MiB |
| F32 |              0.9 |         100 | 10000000 |     96x |  25.266 ms | 0.64% |  25.262 ms | 0.64% | 395853105 |       308.886 MiB |
| F32 |                0 |        1000 | 10000000 |     17x |  29.666 ms | 0.29% |  29.663 ms | 0.29% | 337124889 |       325.889 MiB |
| F32 |              0.1 |        1000 | 10000000 |     24x |  29.945 ms | 0.50% |  29.941 ms | 0.50% | 333990879 |       325.089 MiB |
| F32 |              0.9 |        1000 | 10000000 |    576x |  25.324 ms | 0.66% |  25.320 ms | 0.66% | 394940390 |       308.904 MiB |
| F32 |                0 |       10000 | 10000000 |    498x |  30.132 ms | 0.56% |  30.128 ms | 0.56% | 331916708 |       325.919 MiB |
| F32 |              0.1 |       10000 | 10000000 |    495x |  30.305 ms | 0.57% |  30.301 ms | 0.57% | 330017394 |       325.195 MiB |
| F32 |              0.9 |       10000 | 10000000 |    464x |  25.897 ms | 0.67% |  25.894 ms | 0.67% | 386196846 |       309.008 MiB |
| F32 |                0 |      100000 | 10000000 |     17x |  30.034 ms | 0.49% |  30.030 ms | 0.49% | 332998802 |       325.925 MiB |
| F32 |              0.1 |      100000 | 10000000 |    493x |  30.417 ms | 0.60% |  30.413 ms | 0.60% | 328804425 |       325.947 MiB |
| F32 |              0.9 |      100000 | 10000000 |    544x |  26.685 ms | 0.69% |  26.681 ms | 0.69% | 374804538 |       309.909 MiB |
| F32 |                0 |     1000000 | 10000000 |    320x |  30.692 ms | 0.60% |  30.688 ms | 0.60% | 325858691 |       325.926 MiB |
| F32 |              0.1 |     1000000 | 10000000 |     17x |  31.176 ms | 0.40% |  31.172 ms | 0.40% | 320798392 |       326.913 MiB |
| F32 |              0.9 |     1000000 | 10000000 |    517x |  29.040 ms | 0.62% |  29.036 ms | 0.62% | 344405675 |       317.062 MiB |
| F32 |                0 |    10000000 | 10000000 |    481x |  31.199 ms | 0.61% |  31.195 ms | 0.61% | 320568246 |       325.068 MiB |
| F32 |              0.1 |    10000000 | 10000000 |     16x |  31.719 ms | 0.48% |  31.714 ms | 0.47% | 315314754 |       326.131 MiB |
| F32 |              0.9 |    10000000 | 10000000 |     54x |  31.153 ms | 0.50% |  31.149 ms | 0.50% | 321041910 |       325.190 MiB |
| F64 |                0 |         100 |      100 |   1760x | 290.337 us | 3.00% | 286.677 us | 2.71% |    348824 |         5.188 KiB |
| F64 |              0.1 |         100 |      100 |   1408x | 359.685 us | 2.49% | 356.113 us | 2.29% |    280809 |         5.250 KiB |
| F64 |              0.9 |         100 |      100 |   2048x | 360.712 us | 3.82% | 357.058 us | 3.67% |    280066 |         5.219 KiB |
| F64 |                0 |         100 |     1000 |   1680x | 303.467 us | 3.03% | 299.807 us | 2.77% |   3335478 |        39.000 KiB |
| F64 |              0.1 |         100 |     1000 |   1376x | 371.020 us | 2.45% | 367.365 us | 2.24% |   2722089 |        39.125 KiB |
| F64 |              0.9 |         100 |     1000 |   2352x | 373.014 us | 4.38% | 369.394 us | 4.26% |   2707136 |        37.891 KiB |
| F64 |                0 |        1000 |     1000 |   1680x | 301.408 us | 2.88% | 297.764 us | 2.60% |   3358359 |        38.984 KiB |
| F64 |              0.1 |        1000 |     1000 |   1360x | 373.782 us | 2.73% | 370.178 us | 2.55% |   2701399 |        39.109 KiB |
| F64 |              0.9 |        1000 |     1000 |   2656x | 376.297 us | 6.26% | 372.680 us | 6.17% |   2683265 |        38.891 KiB |
| F64 |                0 |         100 |    10000 |   1328x | 380.526 us | 2.50% | 376.952 us | 2.31% |  26528569 |       373.891 KiB |
| F64 |              0.1 |         100 |    10000 |   1120x | 455.789 us | 2.48% | 452.138 us | 2.31% |  22117141 |       374.000 KiB |
| F64 |              0.9 |         100 |    10000 |   2832x | 449.417 us | 5.71% | 445.745 us | 5.63% |  22434334 |       357.875 KiB |
| F64 |                0 |        1000 |    10000 |   1328x | 382.595 us | 2.19% | 378.928 us | 1.96% |  26390214 |       373.891 KiB |
| F64 |              0.1 |        1000 |    10000 |   2560x | 458.124 us | 4.14% | 454.488 us | 4.05% |  22002774 |       375.000 KiB |
| F64 |              0.9 |        1000 |    10000 |   1120x | 451.897 us | 2.41% | 448.252 us | 2.27% |  22308858 |       365.109 KiB |
| F64 |                0 |       10000 |    10000 |   1328x | 384.653 us | 2.34% | 380.952 us | 2.12% |  26250047 |       373.453 KiB |
| F64 |              0.1 |       10000 |    10000 |   2048x | 459.846 us | 3.85% | 456.215 us | 3.75% |  21919494 |       374.484 KiB |
| F64 |              0.9 |       10000 |    10000 |   1120x | 455.890 us | 2.36% | 452.244 us | 2.22% |  22111961 |       373.125 KiB |
| F64 |                0 |         100 |   100000 |    928x | 544.388 us | 1.84% | 540.781 us | 1.71% | 184917668 |         3.876 MiB |
| F64 |              0.1 |         100 |   100000 |   2208x | 623.819 us | 2.64% | 620.157 us | 2.57% | 161249429 |         3.869 MiB |
| F64 |              0.9 |         100 |   100000 |    864x | 582.619 us | 1.67% | 578.999 us | 1.55% | 172711781 |         3.708 MiB |
| F64 |                0 |        1000 |   100000 |   1600x | 542.716 us | 2.30% | 539.087 us | 2.20% | 185498788 |         3.876 MiB |
| F64 |              0.1 |        1000 |   100000 |   1952x | 622.471 us | 2.43% | 618.801 us | 2.35% | 161602845 |         3.877 MiB |
| F64 |              0.9 |        1000 |   100000 |   2736x | 592.161 us | 4.30% | 588.545 us | 4.25% | 169910635 |         3.717 MiB |
| F64 |                0 |       10000 |   100000 |   1936x | 543.628 us | 2.42% | 539.943 us | 2.31% | 185204879 |         3.876 MiB |
| F64 |              0.1 |       10000 |   100000 |    816x | 622.843 us | 1.65% | 619.069 us | 1.53% | 161532979 |         3.886 MiB |
| F64 |              0.9 |       10000 |   100000 |    832x | 605.097 us | 1.64% | 601.367 us | 1.51% | 166287871 |         3.788 MiB |
| F64 |                0 |      100000 |   100000 |   1984x | 546.920 us | 2.55% | 543.203 us | 2.45% | 184093338 |         3.872 MiB |
| F64 |              0.1 |      100000 |   100000 |    816x | 624.078 us | 1.68% | 620.349 us | 1.56% | 161199658 |         3.882 MiB |
| F64 |              0.9 |      100000 |   100000 |    832x | 612.514 us | 1.69% | 608.821 us | 1.56% | 164251848 |         3.869 MiB |
| F64 |                0 |         100 |  1000000 |    576x |   3.076 ms | 0.51% |   3.073 ms | 0.50% | 325454583 |        36.754 MiB |
| F64 |              0.1 |         100 |  1000000 |   1008x |   3.170 ms | 0.63% |   3.166 ms | 0.62% | 315847776 |        36.675 MiB |
| F64 |              0.9 |         100 |  1000000 |    406x |   2.671 ms | 0.52% |   2.668 ms | 0.50% | 374845859 |        35.055 MiB |
| F64 |                0 |        1000 |  1000000 |    556x |   3.142 ms | 0.51% |   3.138 ms | 0.50% | 318650545 |        36.757 MiB |
| F64 |              0.1 |        1000 |  1000000 |    155x |   3.233 ms | 0.46% |   3.230 ms | 0.44% | 309633690 |        36.686 MiB |
| F64 |              0.9 |        1000 |  1000000 |    992x |   2.753 ms | 0.69% |   2.750 ms | 0.67% | 363670295 |        35.065 MiB |
| F64 |                0 |       10000 |  1000000 |    161x |   3.113 ms | 0.40% |   3.109 ms | 0.36% | 321657734 |        36.758 MiB |
| F64 |              0.1 |       10000 |  1000000 |    156x |   3.216 ms | 0.42% |   3.212 ms | 0.40% | 311340654 |        36.761 MiB |
| F64 |              0.9 |       10000 |  1000000 |   1056x |   2.813 ms | 0.70% |   2.809 ms | 0.68% | 356002980 |        35.155 MiB |
| F64 |                0 |      100000 |  1000000 |    160x |   3.141 ms | 0.33% |   3.137 ms | 0.30% | 318773360 |        36.758 MiB |
| F64 |              0.1 |      100000 |  1000000 |    154x |   3.263 ms | 0.39% |   3.259 ms | 0.37% | 306864749 |        36.857 MiB |
| F64 |              0.9 |      100000 |  1000000 |    563x |   3.024 ms | 0.52% |   3.020 ms | 0.50% | 331142168 |        35.871 MiB |
| F64 |                0 |     1000000 |  1000000 |    157x |   3.190 ms | 0.41% |   3.186 ms | 0.39% | 313872923 |        36.714 MiB |
| F64 |              0.1 |     1000000 |  1000000 |    672x |   3.296 ms | 0.51% |   3.292 ms | 0.50% | 303728035 |        36.817 MiB |
| F64 |              0.9 |     1000000 |  1000000 |    360x |   3.210 ms | 0.51% |   3.206 ms | 0.50% | 311900942 |        36.689 MiB |
| F64 |                0 |         100 | 10000000 |     17x |  30.068 ms | 0.40% |  30.065 ms | 0.40% | 332617008 |       364.016 MiB |
| F64 |              0.1 |         100 | 10000000 |     17x |  30.312 ms | 0.40% |  30.309 ms | 0.40% | 329937529 |       363.216 MiB |
| F64 |              0.9 |         100 | 10000000 |    528x |  25.596 ms | 0.61% |  25.592 ms | 0.61% | 390743002 |       347.033 MiB |
| F64 |                0 |        1000 | 10000000 |     17x |  30.448 ms | 0.46% |  30.444 ms | 0.46% | 328466649 |       364.036 MiB |
| F64 |              0.1 |        1000 | 10000000 |     24x |  30.708 ms | 0.50% |  30.704 ms | 0.50% | 325688851 |       363.237 MiB |
| F64 |              0.9 |        1000 | 10000000 |    544x |  25.617 ms | 0.61% |  25.614 ms | 0.61% | 390417638 |       347.051 MiB |
| F64 |                0 |       10000 | 10000000 |     20x |  30.774 ms | 0.49% |  30.771 ms | 0.49% | 324986468 |       364.066 MiB |
| F64 |              0.1 |       10000 | 10000000 |     17x |  31.027 ms | 0.47% |  31.023 ms | 0.47% | 322339977 |       363.342 MiB |
| F64 |              0.9 |       10000 | 10000000 |    572x |  26.215 ms | 0.62% |  26.211 ms | 0.62% | 381513833 |       347.155 MiB |
| F64 |                0 |      100000 | 10000000 |     25x |  30.760 ms | 0.49% |  30.756 ms | 0.49% | 325135479 |       364.072 MiB |
| F64 |              0.1 |      100000 | 10000000 |    144x |  31.103 ms | 0.55% |  31.099 ms | 0.55% | 321549005 |       364.094 MiB |
| F64 |              0.9 |      100000 | 10000000 |    304x |  26.977 ms | 0.66% |  26.974 ms | 0.66% | 370732857 |       348.056 MiB |
| F64 |                0 |     1000000 | 10000000 |     16x |  31.301 ms | 0.47% |  31.297 ms | 0.47% | 319515808 |       364.073 MiB |
| F64 |              0.1 |     1000000 | 10000000 |    272x |  31.866 ms | 0.61% |  31.862 ms | 0.61% | 313851262 |       365.060 MiB |
| F64 |              0.9 |     1000000 | 10000000 |     19x |  29.307 ms | 0.50% |  29.303 ms | 0.50% | 341260774 |       355.209 MiB |
| F64 |                0 |    10000000 | 10000000 |     29x |  31.988 ms | 0.50% |  31.984 ms | 0.50% | 312658271 |       363.619 MiB |
| F64 |              0.1 |    10000000 | 10000000 |    224x |  32.416 ms | 0.60% |  32.412 ms | 0.59% | 308530991 |       364.654 MiB |
| F64 |              0.9 |    10000000 | 10000000 |    475x |  31.599 ms | 0.57% |  31.595 ms | 0.57% | 316502467 |       363.365 MiB |

## groupby_max

### [0] Tesla T4

|  T  | cardinality |    num_rows     | null_probability | num_aggregations | Samples |  CPU Time  | Noise  |  GPU Time  | Noise  | Mrows/s | peak_memory_usage |
|-----|-------------|-----------------|------------------|------------------|---------|------------|--------|------------|--------|---------|-------------------|
| I32 |           0 |     2^12 = 4096 |                0 |                1 |   3440x | 149.742 us |  5.24% | 146.015 us |  4.55% |      28 |       113.281 KiB |
| I32 |           0 |   2^18 = 262144 |                0 |                1 |    848x | 643.367 us |  1.17% | 639.623 us |  1.01% |     409 |         5.240 MiB |
| I32 |           0 | 2^24 = 16777216 |                0 |                1 |     16x |  31.981 ms |  0.20% |  31.977 ms |  0.20% |     524 |       320.450 MiB |
| I32 |           0 |     2^12 = 4096 |              0.1 |                1 |   2704x | 188.735 us | 11.29% | 185.009 us | 11.09% |      22 |       113.781 KiB |
| I32 |           0 |   2^18 = 262144 |              0.1 |                1 |    720x | 698.600 us |  1.16% | 694.890 us |  1.03% |     377 |         5.271 MiB |
| I32 |           0 | 2^24 = 16777216 |              0.1 |                1 |     16x |  32.462 ms |  0.19% |  32.458 ms |  0.19% |     516 |       322.450 MiB |
| I32 |           0 |     2^12 = 4096 |              0.9 |                1 |   3056x | 189.870 us | 10.47% | 186.174 us | 10.26% |      22 |       113.781 KiB |
| I32 |           0 |   2^18 = 262144 |              0.9 |                1 |    752x | 671.405 us |  1.18% | 667.712 us |  1.04% |     392 |         5.271 MiB |
| I32 |           0 | 2^24 = 16777216 |              0.9 |                1 |     17x |  30.644 ms |  0.11% |  30.640 ms |  0.10% |     547 |       322.450 MiB |
| I32 |           0 |     2^12 = 4096 |                0 |                2 |   3184x | 161.187 us |  5.03% | 157.433 us |  4.40% |      52 |       129.344 KiB |
| I32 |           0 |   2^18 = 262144 |                0 |                2 |   1568x | 692.739 us |  1.62% | 689.036 us |  1.50% |     760 |         6.240 MiB |
| I32 |           0 | 2^24 = 16777216 |                0 |                2 |     15x |  34.432 ms |  0.17% |  34.427 ms |  0.17% |     974 |       384.450 MiB |
| I32 |           0 |     2^12 = 4096 |              0.1 |                2 |   2848x | 207.346 us |  5.44% | 203.608 us |  5.10% |      40 |       130.344 KiB |
| I32 |           0 |   2^18 = 262144 |              0.1 |                2 |    672x | 764.509 us |  1.17% | 760.774 us |  1.05% |     689 |         6.302 MiB |
| I32 |           0 | 2^24 = 16777216 |              0.1 |                2 |     15x |  35.115 ms |  0.12% |  35.111 ms |  0.12% |     955 |       388.450 MiB |
| I32 |           0 |     2^12 = 4096 |              0.9 |                2 |   2480x | 205.596 us |  4.12% | 201.827 us |  3.65% |      40 |       130.344 KiB |
| I32 |           0 |   2^18 = 262144 |              0.9 |                2 |   1568x | 713.040 us |  1.62% | 709.289 us |  1.53% |     739 |         6.302 MiB |
| I32 |           0 | 2^24 = 16777216 |              0.9 |                2 |     16x |  31.450 ms |  0.11% |  31.446 ms |  0.10% |    1067 |       388.450 MiB |
| I32 |           0 |     2^12 = 4096 |                0 |                4 |   3008x | 183.318 us |  5.06% | 179.608 us |  4.61% |      91 |       161.469 KiB |
| I32 |           0 |   2^18 = 262144 |                0 |                4 |    656x | 779.871 us |  0.98% | 776.203 us |  0.86% |    1350 |         8.240 MiB |
| I32 |           0 | 2^24 = 16777216 |                0 |                4 |     13x |  39.351 ms |  0.20% |  39.347 ms |  0.20% |    1705 |       512.450 MiB |
| I32 |           0 |     2^12 = 4096 |              0.1 |                4 |   2112x | 242.153 us |  3.57% | 238.404 us |  3.19% |      68 |       163.469 KiB |
| I32 |           0 |   2^18 = 262144 |              0.1 |                4 |   2112x | 886.477 us |  1.74% | 882.796 us |  1.68% |    1187 |         8.365 MiB |
| I32 |           0 | 2^24 = 16777216 |              0.1 |                4 |     13x |  40.334 ms |  0.16% |  40.330 ms |  0.16% |    1663 |       520.450 MiB |
| I32 |           0 |     2^12 = 4096 |              0.9 |                4 |   2096x | 243.958 us |  4.16% | 240.207 us |  3.85% |      68 |       163.469 KiB |
| I32 |           0 |   2^18 = 262144 |              0.9 |                4 |    640x | 786.939 us |  1.39% | 783.288 us |  1.32% |    1338 |         8.365 MiB |
| I32 |           0 | 2^24 = 16777216 |              0.9 |                4 |     16x |  33.277 ms |  0.08% |  33.272 ms |  0.07% |    2016 |       520.450 MiB |
| I32 |           0 |     2^12 = 4096 |                0 |                8 |   2304x | 222.121 us |  5.92% | 218.386 us |  5.65% |     150 |       225.734 KiB |
| I32 |           0 |   2^18 = 262144 |                0 |                8 |    544x | 967.234 us |  1.15% | 963.526 us |  1.09% |    2176 |        12.240 MiB |
| I32 |           0 | 2^24 = 16777216 |                0 |                8 |     11x |  48.641 ms |  0.17% |  48.636 ms |  0.17% |    2759 |       768.451 MiB |
| I32 |           0 |     2^12 = 4096 |              0.1 |                8 |   2416x | 308.543 us |  6.09% | 304.837 us |  5.95% |     107 |       229.734 KiB |
| I32 |           0 |   2^18 = 262144 |              0.1 |                8 |    528x |   1.124 ms |  0.93% |   1.120 ms |  0.86% |    1871 |        12.490 MiB |
| I32 |           0 | 2^24 = 16777216 |              0.1 |                8 |     11x |  51.210 ms |  0.49% |  51.206 ms |  0.49% |    2621 |       784.451 MiB |
| I32 |           0 |     2^12 = 4096 |              0.9 |                8 |   2368x | 308.632 us |  5.57% | 304.937 us |  5.43% |     107 |       229.734 KiB |
| I32 |           0 |   2^18 = 262144 |              0.9 |                8 |    544x | 933.503 us |  1.12% | 929.797 us |  1.05% |    2255 |        12.490 MiB |
| I32 |           0 | 2^24 = 16777216 |              0.9 |                8 |     14x |  36.804 ms |  0.09% |  36.800 ms |  0.09% |    3647 |       784.451 MiB |
| I32 |           0 |     2^12 = 4096 |                0 |               16 |   2576x | 308.605 us |  5.90% | 304.857 us |  5.76% |     214 |       354.516 KiB |
| I32 |           0 |   2^18 = 262144 |                0 |               16 |    384x |   1.327 ms |  0.88% |   1.323 ms |  0.83% |    3170 |        20.241 MiB |
| I32 |           0 | 2^24 = 16777216 |                0 |               16 |     11x |  66.314 ms |  0.11% |  66.310 ms |  0.11% |    4048 |         1.250 GiB |
| I32 |           0 |     2^12 = 4096 |              0.1 |               16 |   2800x | 449.198 us |  6.85% | 445.519 us |  6.78% |     147 |       362.516 KiB |
| I32 |           0 |   2^18 = 262144 |              0.1 |               16 |   2672x |   1.638 ms |  2.33% |   1.634 ms |  2.31% |    2566 |        20.741 MiB |
| I32 |           0 | 2^24 = 16777216 |              0.1 |               16 |     11x |  76.096 ms |  0.10% |  76.092 ms |  0.10% |    3527 |         1.282 GiB |
| I32 |           0 |     2^12 = 4096 |              0.9 |               16 |   2336x | 446.101 us |  4.35% | 442.384 us |  4.26% |     148 |       362.516 KiB |
| I32 |           0 |   2^18 = 262144 |              0.9 |               16 |   1456x |   1.239 ms |  1.38% |   1.235 ms |  1.34% |    3395 |        20.741 MiB |
| I32 |           0 | 2^24 = 16777216 |              0.9 |               16 |     12x |  44.239 ms |  0.10% |  44.235 ms |  0.10% |    6068 |         1.282 GiB |
| I32 |           0 |     2^12 = 4096 |                0 |               32 |   2592x | 463.102 us |  5.61% | 459.328 us |  5.52% |     285 |       612.578 KiB |
| I32 |           0 |   2^18 = 262144 |                0 |               32 |   1472x |   2.059 ms |  0.92% |   2.056 ms |  0.90% |    4080 |        36.243 MiB |
| I32 |           0 | 2^24 = 16777216 |                0 |               32 |     11x | 101.087 ms |  0.04% | 101.083 ms |  0.04% |    5311 |         2.250 GiB |
| I32 |           0 |     2^12 = 4096 |              0.1 |               32 |    864x | 714.793 us |  1.65% | 711.007 us |  1.55% |     184 |       628.578 KiB |
| I32 |           0 |   2^18 = 262144 |              0.1 |               32 |   2320x |   2.689 ms |  2.15% |   2.685 ms |  2.14% |    3124 |        37.243 MiB |
| I32 |           0 | 2^24 = 16777216 |              0.1 |               32 |     11x | 128.258 ms |  0.13% | 128.255 ms |  0.13% |    4185 |         2.313 GiB |
| I32 |           0 |     2^12 = 4096 |              0.9 |               32 |   2672x | 718.838 us |  3.85% | 715.066 us |  3.77% |     183 |       628.578 KiB |
| I32 |           0 |   2^18 = 262144 |              0.9 |               32 |   1344x |   1.855 ms |  1.36% |   1.851 ms |  1.34% |    4532 |        37.243 MiB |
| I32 |           0 | 2^24 = 16777216 |              0.9 |               32 |     11x |  60.579 ms |  0.09% |  60.575 ms |  0.09% |    8862 |         2.313 GiB |
| I64 |           0 |     2^12 = 4096 |                0 |                1 |   3360x | 152.747 us |  4.94% | 149.008 us |  4.22% |      27 |       129.281 KiB |
| I64 |           0 |   2^18 = 262144 |                0 |                1 |    768x | 669.513 us |  1.09% | 665.777 us |  0.93% |     393 |         6.240 MiB |
| I64 |           0 | 2^24 = 16777216 |                0 |                1 |     16x |  33.135 ms |  0.29% |  33.131 ms |  0.29% |     506 |       384.450 MiB |
| I64 |           0 |     2^12 = 4096 |              0.1 |                1 |   2640x | 193.577 us |  3.91% | 189.844 us |  3.37% |      21 |       129.781 KiB |
| I64 |           0 |   2^18 = 262144 |              0.1 |                1 |    704x | 725.460 us |  1.11% | 721.720 us |  0.97% |     363 |         6.271 MiB |
| I64 |           0 | 2^24 = 16777216 |              0.1 |                1 |     15x |  33.507 ms |  0.17% |  33.502 ms |  0.17% |     500 |       386.450 MiB |
| I64 |           0 |     2^12 = 4096 |              0.9 |                1 |   2688x | 194.916 us |  3.96% | 191.150 us |  3.42% |      21 |       129.781 KiB |
| I64 |           0 |   2^18 = 262144 |              0.9 |                1 |    912x | 685.227 us |  1.25% | 681.496 us |  1.12% |     384 |         6.271 MiB |
| I64 |           0 | 2^24 = 16777216 |              0.9 |                1 |     17x |  31.047 ms |  0.09% |  31.043 ms |  0.08% |     540 |       386.450 MiB |
| I64 |           0 |     2^12 = 4096 |                0 |                2 |   3104x | 165.061 us |  5.72% | 161.296 us |  5.20% |      50 |       161.344 KiB |
| I64 |           0 |   2^18 = 262144 |                0 |                2 |    688x | 733.486 us |  1.15% | 729.802 us |  1.04% |     718 |         8.240 MiB |
| I64 |           0 | 2^24 = 16777216 |                0 |                2 |     14x |  36.419 ms |  0.26% |  36.415 ms |  0.26% |     921 |       512.450 MiB |
| I64 |           0 |     2^12 = 4096 |              0.1 |                2 |   2656x | 213.225 us | 11.13% | 209.511 us | 10.94% |      39 |       162.344 KiB |
| I64 |           0 |   2^18 = 262144 |              0.1 |                2 |    976x | 809.116 us |  1.22% | 805.379 us |  1.13% |     650 |         8.302 MiB |
| I64 |           0 | 2^24 = 16777216 |              0.1 |                2 |     14x |  37.034 ms |  0.10% |  37.030 ms |  0.10% |     906 |       516.450 MiB |
| I64 |           0 |     2^12 = 4096 |              0.9 |                2 |   2384x | 214.312 us |  5.88% | 210.580 us |  5.59% |      38 |       162.344 KiB |
| I64 |           0 |   2^18 = 262144 |              0.9 |                2 |    688x | 733.099 us |  1.17% | 729.363 us |  1.05% |     718 |         8.302 MiB |
| I64 |           0 | 2^24 = 16777216 |              0.9 |                2 |     16x |  32.212 ms |  0.07% |  32.208 ms |  0.07% |    1041 |       516.450 MiB |
| I64 |           0 |     2^12 = 4096 |                0 |                4 |   2800x | 182.817 us |  4.22% | 179.094 us |  3.68% |      91 |       225.469 KiB |
| I64 |           0 |   2^18 = 262144 |                0 |                4 |   2304x | 856.498 us |  1.72% | 852.763 us |  1.66% |    1229 |        12.240 MiB |
| I64 |           0 | 2^24 = 16777216 |                0 |                4 |     12x |  43.012 ms |  0.20% |  43.008 ms |  0.20% |    1560 |       768.450 MiB |
| I64 |           0 |     2^12 = 4096 |              0.1 |                4 |   2064x | 246.440 us |  3.32% | 242.706 us |  2.94% |      67 |       227.469 KiB |
| I64 |           0 |   2^18 = 262144 |              0.1 |                4 |    528x | 954.683 us |  0.98% | 950.964 us |  0.89% |    1102 |        12.365 MiB |
| I64 |           0 | 2^24 = 16777216 |              0.1 |                4 |     12x |  43.831 ms |  0.16% |  43.826 ms |  0.16% |    1531 |       776.450 MiB |
| I64 |           0 |     2^12 = 4096 |              0.9 |                4 |   2096x | 242.690 us |  3.59% | 238.985 us |  3.22% |      68 |       227.469 KiB |
| I64 |           0 |   2^18 = 262144 |              0.9 |                4 |    624x | 818.322 us |  1.15% | 814.555 us |  1.05% |    1287 |        12.365 MiB |
| I64 |           0 | 2^24 = 16777216 |              0.9 |                4 |     15x |  34.668 ms |  0.07% |  34.664 ms |  0.06% |    1935 |       776.450 MiB |
| I64 |           0 |     2^12 = 4096 |                0 |                8 |   2432x | 227.167 us |  7.58% | 223.431 us |  7.40% |     146 |       353.734 KiB |
| I64 |           0 |   2^18 = 262144 |                0 |                8 |    736x |   1.095 ms |  0.90% |   1.091 ms |  0.84% |    1922 |        20.240 MiB |
| I64 |           0 | 2^24 = 16777216 |                0 |                8 |     11x |  55.555 ms |  0.20% |  55.550 ms |  0.20% |    2416 |         1.250 GiB |
| I64 |           0 |     2^12 = 4096 |              0.1 |                8 |   2880x | 314.804 us |  9.28% | 311.041 us |  9.16% |     105 |       357.734 KiB |
| I64 |           0 |   2^18 = 262144 |              0.1 |                8 |    512x |   1.261 ms |  0.88% |   1.257 ms |  0.82% |    1668 |        20.490 MiB |
| I64 |           0 | 2^24 = 16777216 |              0.1 |                8 |     11x |  58.060 ms |  0.20% |  58.055 ms |  0.19% |    2311 |         1.266 GiB |
| I64 |           0 |     2^12 = 4096 |              0.9 |                8 |   1648x | 309.172 us |  3.34% | 305.478 us |  3.10% |     107 |       357.734 KiB |
| I64 |           0 |   2^18 = 262144 |              0.9 |                8 |    960x | 997.746 us |  1.03% | 994.001 us |  0.96% |    2109 |        20.490 MiB |
| I64 |           0 | 2^24 = 16777216 |              0.9 |                8 |     13x |  39.844 ms |  0.20% |  39.840 ms |  0.20% |    3368 |         1.266 GiB |
| I64 |           0 |     2^12 = 4096 |                0 |               16 |   1664x | 305.605 us |  2.75% | 301.834 us |  2.45% |     217 |       610.516 KiB |
| I64 |           0 |   2^18 = 262144 |                0 |               16 |    592x |   1.572 ms |  0.64% |   1.568 ms |  0.60% |    2675 |        36.241 MiB |
| I64 |           0 | 2^24 = 16777216 |                0 |               16 |     11x |  80.677 ms |  0.06% |  80.673 ms |  0.06% |    3327 |         2.250 GiB |
| I64 |           0 |     2^12 = 4096 |              0.1 |               16 |   1136x | 449.810 us |  2.15% | 446.103 us |  1.98% |     146 |       618.516 KiB |
| I64 |           0 |   2^18 = 262144 |              0.1 |               16 |   1584x |   1.872 ms |  1.72% |   1.868 ms |  1.71% |    2245 |        36.741 MiB |
| I64 |           0 | 2^24 = 16777216 |              0.1 |               16 |     11x |  88.866 ms |  0.18% |  88.861 ms |  0.18% |    3020 |         2.282 GiB |
| I64 |           0 |     2^12 = 4096 |              0.9 |               16 |   1120x | 451.300 us |  2.23% | 447.528 us |  2.07% |     146 |       618.516 KiB |
| I64 |           0 |   2^18 = 262144 |              0.9 |               16 |   2480x |   1.369 ms |  1.73% |   1.365 ms |  1.70% |    3072 |        36.741 MiB |
| I64 |           0 | 2^24 = 16777216 |              0.9 |               16 |     11x |  51.312 ms |  0.08% |  51.307 ms |  0.08% |    5231 |         2.282 GiB |
| I64 |           0 |     2^12 = 4096 |                0 |               32 |   2576x | 465.240 us |  4.94% | 461.476 us |  4.88% |     284 |         1.098 MiB |
| I64 |           0 |   2^18 = 262144 |                0 |               32 |   1408x |   2.536 ms |  1.07% |   2.532 ms |  1.05% |    3312 |        68.243 MiB |
| I64 |           0 | 2^24 = 16777216 |                0 |               32 |     11x | 130.802 ms |  0.10% | 130.797 ms |  0.10% |    4104 |         4.250 GiB |
| I64 |           0 |     2^12 = 4096 |              0.1 |               32 |    704x | 728.343 us |  1.66% | 724.529 us |  1.57% |     180 |         1.114 MiB |
| I64 |           0 |   2^18 = 262144 |              0.1 |               32 |    160x |   3.142 ms |  0.48% |   3.138 ms |  0.47% |    2673 |        69.243 MiB |
| I64 |           0 | 2^24 = 16777216 |              0.1 |               32 |     11x | 153.349 ms |  0.22% | 153.345 ms |  0.22% |    3501 |         4.313 GiB |
| I64 |           0 |     2^12 = 4096 |              0.9 |               32 |    720x | 727.135 us |  1.73% | 723.260 us |  1.65% |     181 |         1.114 MiB |
| I64 |           0 |   2^18 = 262144 |              0.9 |               32 |   2928x |   2.118 ms |  2.36% |   2.115 ms |  2.35% |    3967 |        69.243 MiB |
| I64 |           0 | 2^24 = 16777216 |              0.9 |               32 |     11x |  76.514 ms |  0.15% |  76.510 ms |  0.15% |    7017 |         4.313 GiB |
| F32 |           0 |     2^12 = 4096 |                0 |                1 |   3392x | 151.505 us |  5.30% | 147.732 us |  4.63% |      27 |       113.281 KiB |
| F32 |           0 |   2^18 = 262144 |                0 |                1 |    784x | 650.868 us |  1.21% | 647.128 us |  1.06% |     405 |         5.240 MiB |
| F32 |           0 | 2^24 = 16777216 |                0 |                1 |     16x |  31.807 ms |  0.28% |  31.802 ms |  0.28% |     527 |       320.450 MiB |
| F32 |           0 |     2^12 = 4096 |              0.1 |                1 |   2640x | 193.521 us |  4.05% | 189.819 us |  3.54% |      21 |       113.781 KiB |
| F32 |           0 |   2^18 = 262144 |              0.1 |                1 |    720x | 698.689 us |  1.18% | 694.916 us |  1.02% |     377 |         5.271 MiB |
| F32 |           0 | 2^24 = 16777216 |              0.1 |                1 |     16x |  32.179 ms |  0.14% |  32.174 ms |  0.14% |     521 |       322.450 MiB |
| F32 |           0 |     2^12 = 4096 |              0.9 |                1 |   2624x | 195.071 us |  6.49% | 191.360 us |  6.19% |      21 |       113.781 KiB |
| F32 |           0 |   2^18 = 262144 |              0.9 |                1 |    752x | 672.719 us |  1.16% | 669.019 us |  1.02% |     391 |         5.271 MiB |
| F32 |           0 | 2^24 = 16777216 |              0.9 |                1 |     17x |  30.471 ms |  0.08% |  30.467 ms |  0.08% |     550 |       322.450 MiB |
| F32 |           0 |     2^12 = 4096 |                0 |                2 |   3104x | 165.317 us |  7.31% | 161.597 us |  6.93% |      50 |       129.344 KiB |
| F32 |           0 |   2^18 = 262144 |                0 |                2 |    720x | 704.609 us |  1.11% | 700.907 us |  0.97% |     748 |         6.240 MiB |
| F32 |           0 | 2^24 = 16777216 |                0 |                2 |     15x |  34.205 ms |  0.09% |  34.200 ms |  0.09% |     981 |       384.450 MiB |
| F32 |           0 |     2^12 = 4096 |              0.1 |                2 |   2400x | 212.276 us |  3.47% | 208.623 us |  2.97% |      39 |       130.344 KiB |
| F32 |           0 |   2^18 = 262144 |              0.1 |                2 |   1872x | 767.157 us |  1.61% | 763.470 us |  1.53% |     686 |         6.302 MiB |
| F32 |           0 | 2^24 = 16777216 |              0.1 |                2 |     15x |  34.613 ms |  0.08% |  34.609 ms |  0.08% |     969 |       388.450 MiB |
| F32 |           0 |     2^12 = 4096 |              0.9 |                2 |   2672x | 215.259 us |  9.25% | 211.560 us |  9.06% |      38 |       130.344 KiB |
| F32 |           0 |   2^18 = 262144 |              0.9 |                2 |    720x | 711.622 us |  1.12% | 707.933 us |  0.99% |     740 |         6.302 MiB |
| F32 |           0 | 2^24 = 16777216 |              0.9 |                2 |     17x |  31.114 ms |  0.10% |  31.111 ms |  0.10% |    1078 |       388.450 MiB |
| F32 |           0 |     2^12 = 4096 |                0 |                4 |   2752x | 185.636 us |  7.39% | 181.884 us |  7.07% |      90 |       161.469 KiB |
| F32 |           0 |   2^18 = 262144 |                0 |                4 |    816x | 808.016 us |  1.08% | 804.294 us |  0.98% |    1303 |         8.240 MiB |
| F32 |           0 | 2^24 = 16777216 |                0 |                4 |     13x |  38.844 ms |  0.11% |  38.840 ms |  0.11% |    1727 |       512.450 MiB |
| F32 |           0 |     2^12 = 4096 |              0.1 |                4 |   2624x | 252.476 us |  9.63% | 248.719 us |  9.47% |      65 |       163.469 KiB |
| F32 |           0 |   2^18 = 262144 |              0.1 |                4 |    832x | 888.866 us |  1.12% | 885.135 us |  1.04% |    1184 |         8.365 MiB |
| F32 |           0 | 2^24 = 16777216 |              0.1 |                4 |     13x |  39.598 ms |  0.41% |  39.593 ms |  0.41% |    1694 |       520.450 MiB |
| F32 |           0 |     2^12 = 4096 |              0.9 |                4 |   2448x | 244.794 us |  4.78% | 241.047 us |  4.51% |      67 |       163.469 KiB |
| F32 |           0 |   2^18 = 262144 |              0.9 |                4 |    720x | 786.777 us |  1.10% | 783.060 us |  0.99% |    1339 |         8.365 MiB |
| F32 |           0 | 2^24 = 16777216 |              0.9 |                4 |     16x |  32.620 ms |  0.06% |  32.616 ms |  0.06% |    2057 |       520.450 MiB |
| F32 |           0 |     2^12 = 4096 |                0 |                8 |   2304x | 220.837 us |  3.60% | 217.097 us |  3.16% |     150 |       225.734 KiB |
| F32 |           0 |   2^18 = 262144 |                0 |                8 |   1424x |   1.013 ms |  1.25% |   1.010 ms |  1.19% |    2077 |        12.240 MiB |
| F32 |           0 | 2^24 = 16777216 |                0 |                8 |     11x |  47.934 ms |  0.11% |  47.929 ms |  0.11% |    2800 |       768.451 MiB |
| F32 |           0 |     2^12 = 4096 |              0.1 |                8 |   2800x | 318.552 us |  8.56% | 314.776 us |  8.43% |     104 |       229.734 KiB |
| F32 |           0 |   2^18 = 262144 |              0.1 |                8 |    656x |   1.141 ms |  0.94% |   1.137 ms |  0.88% |    1844 |        12.490 MiB |
| F32 |           0 | 2^24 = 16777216 |              0.1 |                8 |    145x |  50.386 ms |  0.50% |  50.381 ms |  0.50% |    2664 |       784.451 MiB |
| F32 |           0 |     2^12 = 4096 |              0.9 |                8 |   1616x | 313.370 us |  3.38% | 309.613 us |  3.13% |     105 |       229.734 KiB |
| F32 |           0 |   2^18 = 262144 |              0.9 |                8 |    544x | 948.101 us |  1.04% | 944.339 us |  0.97% |    2220 |        12.490 MiB |
| F32 |           0 | 2^24 = 16777216 |              0.9 |                8 |     14x |  36.558 ms |  0.12% |  36.554 ms |  0.12% |    3671 |       784.451 MiB |
| F32 |           0 |     2^12 = 4096 |                0 |               16 |   1648x | 307.364 us |  3.02% | 303.625 us |  2.75% |     215 |       354.516 KiB |
| F32 |           0 |   2^18 = 262144 |                0 |               16 |    624x |   1.430 ms |  0.91% |   1.426 ms |  0.87% |    2940 |        20.241 MiB |
| F32 |           0 | 2^24 = 16777216 |                0 |               16 |     26x |  67.567 ms |  0.49% |  67.562 ms |  0.49% |    3973 |         1.250 GiB |
| F32 |           0 |     2^12 = 4096 |              0.1 |               16 |   2464x | 460.046 us |  4.24% | 456.312 us |  4.15% |     143 |       362.516 KiB |
| F32 |           0 |   2^18 = 262144 |              0.1 |               16 |    304x |   1.661 ms |  0.98% |   1.657 ms |  0.96% |    2531 |        20.741 MiB |
| F32 |           0 | 2^24 = 16777216 |              0.1 |               16 |     59x |  75.774 ms |  0.50% |  75.770 ms |  0.50% |    3542 |         1.282 GiB |
| F32 |           0 |     2^12 = 4096 |              0.9 |               16 |   2864x | 459.008 us |  6.66% | 455.268 us |  6.58% |     143 |       362.516 KiB |
| F32 |           0 |   2^18 = 262144 |              0.9 |               16 |   1792x |   1.287 ms |  1.36% |   1.283 ms |  1.33% |    3268 |        20.741 MiB |
| F32 |           0 | 2^24 = 16777216 |              0.9 |               16 |     11x |  47.023 ms |  0.35% |  47.018 ms |  0.35% |    5709 |         1.282 GiB |
| F32 |           0 |     2^12 = 4096 |                0 |               32 |   1088x | 464.192 us |  2.35% | 460.462 us |  2.20% |     284 |       612.578 KiB |
| F32 |           0 |   2^18 = 262144 |                0 |               32 |   1376x |   2.269 ms |  1.03% |   2.266 ms |  1.01% |    3702 |        36.243 MiB |
| F32 |           0 | 2^24 = 16777216 |                0 |               32 |     12x | 110.116 ms |  0.50% | 110.111 ms |  0.49% |    4875 |         2.250 GiB |
| F32 |           0 |     2^12 = 4096 |              0.1 |               32 |   2960x | 750.093 us |  5.46% | 746.326 us |  5.41% |     175 |       628.578 KiB |
| F32 |           0 |   2^18 = 262144 |              0.1 |               32 |   1696x |   2.724 ms |  1.34% |   2.720 ms |  1.33% |    3084 |        37.243 MiB |
| F32 |           0 | 2^24 = 16777216 |              0.1 |               32 |     11x | 128.987 ms |  0.31% | 128.983 ms |  0.31% |    4162 |         2.313 GiB |
| F32 |           0 |     2^12 = 4096 |              0.9 |               32 |   2272x | 745.260 us |  2.57% | 741.500 us |  2.51% |     176 |       628.578 KiB |
| F32 |           0 |   2^18 = 262144 |              0.9 |               32 |   2384x |   2.005 ms |  1.63% |   2.001 ms |  1.61% |    4192 |        37.243 MiB |
| F32 |           0 | 2^24 = 16777216 |              0.9 |               32 |     11x |  72.197 ms |  0.28% |  72.192 ms |  0.28% |    7436 |         2.313 GiB |
| F64 |           0 |     2^12 = 4096 |                0 |                1 |   3344x | 153.538 us |  5.01% | 149.791 us |  4.33% |      27 |       129.281 KiB |
| F64 |           0 |   2^18 = 262144 |                0 |                1 |   2464x | 678.073 us |  1.85% | 674.243 us |  1.75% |     388 |         6.240 MiB |
| F64 |           0 | 2^24 = 16777216 |                0 |                1 |     16x |  33.082 ms |  0.13% |  33.078 ms |  0.13% |     507 |       384.450 MiB |
| F64 |           0 |     2^12 = 4096 |              0.1 |                1 |   2688x | 190.031 us |  8.35% | 186.263 us |  8.09% |      21 |       129.781 KiB |
| F64 |           0 |   2^18 = 262144 |              0.1 |                1 |    704x | 725.195 us |  1.10% | 721.503 us |  0.97% |     363 |         6.271 MiB |
| F64 |           0 | 2^24 = 16777216 |              0.1 |                1 |     16x |  33.324 ms |  0.14% |  33.320 ms |  0.13% |     503 |       386.450 MiB |
| F64 |           0 |     2^12 = 4096 |              0.9 |                1 |   2928x | 190.938 us |  7.33% | 187.158 us |  7.01% |      21 |       129.781 KiB |
| F64 |           0 |   2^18 = 262144 |              0.9 |                1 |    736x | 685.818 us |  1.28% | 682.043 us |  1.15% |     384 |         6.271 MiB |
| F64 |           0 | 2^24 = 16777216 |              0.9 |                1 |     17x |  30.953 ms |  0.08% |  30.949 ms |  0.08% |     542 |       386.450 MiB |
| F64 |           0 |     2^12 = 4096 |                0 |                2 |   3120x | 164.692 us |  4.84% | 160.966 us |  4.22% |      50 |       161.344 KiB |
| F64 |           0 |   2^18 = 262144 |                0 |                2 |   1584x | 747.932 us |  1.57% | 744.113 us |  1.48% |     704 |         8.240 MiB |
| F64 |           0 | 2^24 = 16777216 |                0 |                2 |     14x |  36.493 ms |  0.07% |  36.489 ms |  0.07% |     919 |       512.450 MiB |
| F64 |           0 |     2^12 = 4096 |              0.1 |                2 |   2352x | 216.442 us |  5.96% | 212.655 us |  5.66% |      38 |       162.344 KiB |
| F64 |           0 |   2^18 = 262144 |              0.1 |                2 |    624x | 808.144 us |  1.23% | 804.391 us |  1.14% |     651 |         8.302 MiB |
| F64 |           0 | 2^24 = 16777216 |              0.1 |                2 |     14x |  36.615 ms |  0.05% |  36.610 ms |  0.05% |     916 |       516.450 MiB |
| F64 |           0 |     2^12 = 4096 |              0.9 |                2 |   2416x | 211.371 us |  4.50% | 207.603 us |  4.10% |      39 |       162.344 KiB |
| F64 |           0 |   2^18 = 262144 |              0.9 |                2 |   2000x | 733.512 us |  1.72% | 729.735 us |  1.64% |     718 |         8.302 MiB |
| F64 |           0 | 2^24 = 16777216 |              0.9 |                2 |     16x |  32.002 ms |  0.06% |  31.998 ms |  0.06% |    1048 |       516.450 MiB |
| F64 |           0 |     2^12 = 4096 |                0 |                4 |   2688x | 190.584 us |  9.38% | 186.749 us |  9.07% |      87 |       225.469 KiB |
| F64 |           0 |   2^18 = 262144 |                0 |                4 |    704x | 874.779 us |  1.03% | 870.951 us |  0.92% |    1203 |        12.240 MiB |
| F64 |           0 | 2^24 = 16777216 |                0 |                4 |     12x |  42.829 ms |  0.06% |  42.825 ms |  0.06% |    1567 |       768.450 MiB |
| F64 |           0 |     2^12 = 4096 |              0.1 |                4 |   2432x | 250.650 us |  6.83% | 246.854 us |  6.61% |      66 |       227.469 KiB |
| F64 |           0 |   2^18 = 262144 |              0.1 |                4 |    624x | 953.206 us |  1.03% | 949.372 us |  0.95% |    1104 |        12.365 MiB |
| F64 |           0 | 2^24 = 16777216 |              0.1 |                4 |     12x |  43.157 ms |  0.17% |  43.152 ms |  0.17% |    1555 |       776.450 MiB |
| F64 |           0 |     2^12 = 4096 |              0.9 |                4 |   2288x | 250.456 us |  4.82% | 246.683 us |  4.53% |      66 |       227.469 KiB |
| F64 |           0 |   2^18 = 262144 |              0.9 |                4 |    912x | 818.454 us |  1.20% | 814.741 us |  1.11% |    1287 |        12.365 MiB |
| F64 |           0 | 2^24 = 16777216 |              0.9 |                4 |     15x |  34.317 ms |  0.04% |  34.313 ms |  0.04% |    1955 |       776.450 MiB |
| F64 |           0 |     2^12 = 4096 |                0 |                8 |   2608x | 228.195 us |  5.10% | 224.387 us |  4.78% |     146 |       353.734 KiB |
| F64 |           0 |   2^18 = 262144 |                0 |                8 |    800x |   1.133 ms |  0.89% |   1.129 ms |  0.82% |    1857 |        20.240 MiB |
| F64 |           0 | 2^24 = 16777216 |                0 |                8 |     11x |  55.342 ms |  0.08% |  55.338 ms |  0.08% |    2425 |         1.250 GiB |
| F64 |           0 |     2^12 = 4096 |              0.1 |                8 |   2320x | 324.115 us |  5.36% | 320.361 us |  5.22% |     102 |       357.734 KiB |
| F64 |           0 |   2^18 = 262144 |              0.1 |                8 |    560x |   1.253 ms |  0.86% |   1.249 ms |  0.80% |    1678 |        20.490 MiB |
| F64 |           0 | 2^24 = 16777216 |              0.1 |                8 |     49x |  57.000 ms |  0.50% |  56.996 ms |  0.50% |    2354 |         1.266 GiB |
| F64 |           0 |     2^12 = 4096 |              0.9 |                8 |   1584x | 321.039 us |  3.38% | 317.280 us |  3.14% |     103 |       357.734 KiB |
| F64 |           0 |   2^18 = 262144 |              0.9 |                8 |    960x |   1.007 ms |  1.04% |   1.003 ms |  0.96% |    2090 |        20.490 MiB |
| F64 |           0 | 2^24 = 16777216 |              0.9 |                8 |     13x |  39.911 ms |  0.16% |  39.905 ms |  0.16% |    3363 |         1.266 GiB |
| F64 |           0 |     2^12 = 4096 |                0 |               16 |   1648x | 308.838 us |  2.78% | 305.050 us |  2.49% |     214 |       610.516 KiB |
| F64 |           0 |   2^18 = 262144 |                0 |               16 |    592x |   1.649 ms |  0.78% |   1.645 ms |  0.75% |    2549 |        36.241 MiB |
| F64 |           0 | 2^24 = 16777216 |                0 |               16 |     11x |  81.596 ms |  0.29% |  81.591 ms |  0.29% |    3290 |         2.250 GiB |
| F64 |           0 |     2^12 = 4096 |              0.1 |               16 |   1360x | 467.336 us |  2.74% | 463.609 us |  2.61% |     141 |       618.516 KiB |
| F64 |           0 |   2^18 = 262144 |              0.1 |               16 |   1408x |   1.864 ms |  0.92% |   1.860 ms |  0.90% |    2255 |        36.741 MiB |
| F64 |           0 | 2^24 = 16777216 |              0.1 |               16 |     34x |  87.658 ms |  0.50% |  87.654 ms |  0.50% |    3062 |         2.282 GiB |
| F64 |           0 |     2^12 = 4096 |              0.9 |               16 |   1632x | 461.038 us |  2.77% | 457.250 us |  2.63% |     143 |       618.516 KiB |
| F64 |           0 |   2^18 = 262144 |              0.9 |               16 |   2160x |   1.400 ms |  1.64% |   1.396 ms |  1.61% |    3003 |        36.741 MiB |
| F64 |           0 | 2^24 = 16777216 |              0.9 |               16 |     11x |  53.552 ms |  0.18% |  53.547 ms |  0.18% |    5013 |         2.282 GiB |
| F64 |           0 |     2^12 = 4096 |                0 |               32 |   2656x | 466.755 us |  5.10% | 463.014 us |  5.02% |     283 |         1.098 MiB |
| F64 |           0 |   2^18 = 262144 |                0 |               32 |   2736x |   2.686 ms |  1.35% |   2.682 ms |  1.34% |    3127 |        68.243 MiB |
| F64 |           0 | 2^24 = 16777216 |                0 |               32 |     11x | 136.425 ms |  0.19% | 136.420 ms |  0.19% |    3935 |         4.250 GiB |
| F64 |           0 |     2^12 = 4096 |              0.1 |               32 |   2384x | 751.481 us |  2.45% | 747.712 us |  2.38% |     175 |         1.114 MiB |
| F64 |           0 |   2^18 = 262144 |              0.1 |               32 |   1472x |   3.120 ms |  1.46% |   3.116 ms |  1.45% |    2691 |        69.243 MiB |
| F64 |           0 | 2^24 = 16777216 |              0.1 |               32 |     11x | 151.994 ms |  0.17% | 151.990 ms |  0.17% |    3532 |         4.313 GiB |
| F64 |           0 |     2^12 = 4096 |              0.9 |               32 |   2848x | 749.655 us |  5.26% | 745.890 us |  5.22% |     175 |         1.114 MiB |
| F64 |           0 |   2^18 = 262144 |              0.9 |               32 |   1904x |   2.222 ms |  1.72% |   2.218 ms |  1.71% |    3781 |        69.243 MiB |
| F64 |           0 | 2^24 = 16777216 |              0.9 |               32 |     11x |  85.344 ms |  0.14% |  85.339 ms |  0.14% |    6291 |         4.313 GiB |

## groupby_max_cardinality

### [0] Tesla T4

|  T  | num_aggregations | cardinality | Samples | CPU Time  | Noise | GPU Time  | Noise | Mrows/s | peak_memory_usage |
|-----|------------------|-------------|---------|-----------|-------|-----------|-------|---------|-------------------|
| I32 |                1 |          10 |     36x | 14.267 ms | 0.38% | 14.263 ms | 0.38% |    1402 |       382.374 MiB |
| I32 |                1 |          20 |     34x | 14.921 ms | 0.36% | 14.916 ms | 0.35% |    1340 |       382.374 MiB |
| I32 |                1 |          50 |     31x | 16.376 ms | 0.26% | 16.372 ms | 0.26% |    1221 |       382.374 MiB |
| I32 |                1 |         100 |     28x | 18.094 ms | 0.25% | 18.090 ms | 0.25% |    1105 |       382.374 MiB |
| I32 |                1 |        1000 |     23x | 22.653 ms | 0.19% | 22.650 ms | 0.19% |     883 |       382.374 MiB |
| I32 |                1 |       10000 |     19x | 27.765 ms | 0.16% | 27.761 ms | 0.16% |     720 |       382.374 MiB |
| I32 |                1 |      100000 |     16x | 33.190 ms | 0.25% | 33.186 ms | 0.25% |     602 |       382.374 MiB |
| I32 |                1 |     1000000 |     15x | 35.418 ms | 0.19% | 35.415 ms | 0.19% |     564 |       382.374 MiB |
| I32 |                1 |    10000000 |     14x | 37.946 ms | 0.15% | 37.941 ms | 0.15% |     527 |       382.374 MiB |

## groupby_max_multithreaded

### [0] Tesla T4

|  T  | cardinality |   num_rows    | null_probability | num_aggregations | num_threads | Samples |  CPU Time  | Noise  |  GPU Time  | Noise  | Mrows/s | peak_memory_usage |
|-----|-------------|---------------|------------------|------------------|-------------|---------|------------|--------|------------|--------|---------|-------------------|
| I32 |           0 |   2^12 = 4096 |                0 |                1 |           1 |   2816x | 182.425 us |  5.49% | 178.599 us |  5.08% |      22 |       113.281 KiB |
| I32 |           0 | 2^18 = 262144 |                0 |                1 |           1 |    752x | 670.151 us |  1.26% | 666.118 us |  1.10% |     393 |         5.240 MiB |
| I32 |           0 |   2^12 = 4096 |              0.1 |                1 |           1 |   2880x | 221.516 us |  9.00% | 217.444 us |  8.79% |      18 |       113.781 KiB |
| I32 |           0 | 2^18 = 262144 |              0.1 |                1 |           1 |    672x | 753.799 us |  1.90% | 749.440 us |  1.80% |     349 |         5.271 MiB |
| I32 |           0 |   2^12 = 4096 |              0.9 |                1 |           1 |   2272x | 225.602 us |  4.98% | 221.437 us |  4.59% |      18 |       113.781 KiB |
| I32 |           0 | 2^18 = 262144 |              0.9 |                1 |           1 |    944x | 719.973 us |  1.60% | 715.927 us |  1.49% |     366 |         5.271 MiB |
| I32 |           0 |   2^12 = 4096 |                0 |                1 |           2 |   1840x | 277.772 us | 13.29% | 273.601 us | 13.15% |      29 |       226.562 KiB |
| I32 |           0 | 2^18 = 262144 |                0 |                1 |           2 |    416x |   1.208 ms |  2.31% |   1.203 ms |  2.28% |     435 |        10.479 MiB |
| I32 |           0 |   2^12 = 4096 |              0.1 |                1 |           2 |   1536x | 330.603 us | 10.99% | 326.506 us | 10.88% |      25 |       227.562 KiB |
| I32 |           0 | 2^18 = 262144 |              0.1 |                1 |           2 |   1104x |   1.294 ms |  2.68% |   1.290 ms |  2.66% |     406 |        10.542 MiB |
| I32 |           0 |   2^12 = 4096 |              0.9 |                1 |           2 |   1872x | 324.404 us | 10.39% | 320.387 us | 10.28% |      25 |       227.562 KiB |
| I32 |           0 | 2^18 = 262144 |              0.9 |                1 |           2 |   1376x |   1.234 ms |  2.56% |   1.230 ms |  2.54% |     426 |        10.542 MiB |
| I32 |           0 |   2^12 = 4096 |                0 |                1 |           4 |   1072x | 477.195 us |  4.97% | 472.950 us |  4.90% |      34 |       453.125 KiB |
| I32 |           0 | 2^18 = 262144 |                0 |                1 |           4 |    672x |   2.339 ms |  2.69% |   2.335 ms |  2.68% |     449 |        20.958 MiB |
| I32 |           0 |   2^12 = 4096 |              0.1 |                1 |           4 |    864x | 590.666 us |  4.86% | 586.369 us |  4.80% |      27 |       455.125 KiB |
| I32 |           0 | 2^18 = 262144 |              0.1 |                1 |           4 |   1024x |   2.458 ms |  3.43% |   2.453 ms |  3.43% |     427 |        21.083 MiB |
| I32 |           0 |   2^12 = 4096 |              0.9 |                1 |           4 |    896x | 571.837 us |  4.47% | 567.610 us |  4.41% |      28 |       455.125 KiB |
| I32 |           0 | 2^18 = 262144 |              0.9 |                1 |           4 |    480x |   2.334 ms |  2.93% |   2.330 ms |  2.92% |     450 |        21.083 MiB |
| I32 |           0 |   2^12 = 4096 |                0 |                1 |           8 |   1072x |   1.049 ms | 36.72% |   1.045 ms | 36.72% |      31 |       901.500 KiB |
| I32 |           0 | 2^18 = 262144 |                0 |                1 |           8 |   1376x |   4.529 ms |  4.07% |   4.525 ms |  4.07% |     463 |        39.910 MiB |
| I32 |           0 |   2^12 = 4096 |              0.1 |                1 |           8 |    896x |   1.280 ms | 37.45% |   1.276 ms | 37.45% |      25 |       905.812 KiB |
| I32 |           0 | 2^18 = 262144 |              0.1 |                1 |           8 |   1200x |   4.795 ms |  6.45% |   4.791 ms |  6.45% |     437 |        40.169 MiB |
| I32 |           0 |   2^12 = 4096 |              0.9 |                1 |           8 |    816x |   1.343 ms | 37.53% |   1.339 ms | 37.53% |      24 |       907.016 KiB |
| I32 |           0 | 2^18 = 262144 |              0.9 |                1 |           8 |   1552x |   4.572 ms |  6.11% |   4.568 ms |  6.11% |     459 |        40.479 MiB |
| I64 |           0 |   2^12 = 4096 |                0 |                1 |           1 |   2704x | 189.641 us | 10.48% | 185.474 us | 10.24% |      22 |       129.281 KiB |
| I64 |           0 | 2^18 = 262144 |                0 |                1 |           1 |    800x | 712.303 us |  1.46% | 708.244 us |  1.33% |     370 |         6.240 MiB |
| I64 |           0 |   2^12 = 4096 |              0.1 |                1 |           1 |   2272x | 224.584 us |  4.54% | 220.410 us |  4.08% |      18 |       129.781 KiB |
| I64 |           0 | 2^18 = 262144 |              0.1 |                1 |           1 |   1696x | 773.964 us |  2.14% | 769.848 us |  2.09% |     340 |         6.271 MiB |
| I64 |           0 |   2^12 = 4096 |              0.9 |                1 |           1 |   2192x | 233.113 us |  5.00% | 229.095 us |  4.71% |      17 |       129.781 KiB |
| I64 |           0 | 2^18 = 262144 |              0.9 |                1 |           1 |   2336x | 729.414 us |  1.99% | 725.392 us |  1.90% |     361 |         6.271 MiB |
| I64 |           0 |   2^12 = 4096 |                0 |                1 |           2 |   2896x | 263.125 us | 11.31% | 259.104 us | 11.17% |      31 |       258.562 KiB |
| I64 |           0 | 2^18 = 262144 |                0 |                1 |           2 |    544x |   1.233 ms |  1.73% |   1.229 ms |  1.70% |     426 |        12.479 MiB |
| I64 |           0 |   2^12 = 4096 |              0.1 |                1 |           2 |   1648x | 307.865 us |  5.39% | 303.912 us |  5.21% |      26 |       259.562 KiB |
| I64 |           0 | 2^18 = 262144 |              0.1 |                1 |           2 |   1744x |   1.320 ms |  2.50% |   1.316 ms |  2.48% |     398 |        12.542 MiB |
| I64 |           0 |   2^12 = 4096 |              0.9 |                1 |           2 |   1568x | 324.953 us | 13.39% | 320.971 us | 13.30% |      25 |       259.562 KiB |
| I64 |           0 | 2^18 = 262144 |              0.9 |                1 |           2 |    400x |   1.259 ms |  2.34% |   1.255 ms |  2.31% |     417 |        12.542 MiB |
| I64 |           0 |   2^12 = 4096 |                0 |                1 |           4 |   1040x | 486.768 us |  5.22% | 482.624 us |  5.12% |      33 |       517.125 KiB |
| I64 |           0 | 2^18 = 262144 |                0 |                1 |           4 |    528x |   2.428 ms |  2.86% |   2.424 ms |  2.86% |     432 |        24.958 MiB |
| I64 |           0 |   2^12 = 4096 |              0.1 |                1 |           4 |    864x | 587.862 us |  5.05% | 583.725 us |  5.00% |      28 |       519.125 KiB |
| I64 |           0 | 2^18 = 262144 |              0.1 |                1 |           4 |    848x |   2.543 ms |  2.93% |   2.539 ms |  2.92% |     412 |        25.083 MiB |
| I64 |           0 |   2^12 = 4096 |              0.9 |                1 |           4 |    864x | 584.028 us |  4.44% | 579.839 us |  4.38% |      28 |       519.125 KiB |
| I64 |           0 | 2^18 = 262144 |              0.9 |                1 |           4 |    704x |   2.391 ms |  3.00% |   2.387 ms |  2.99% |     439 |        25.083 MiB |
| I64 |           0 |   2^12 = 4096 |                0 |                1 |           8 |   1072x |   1.044 ms | 31.08% |   1.040 ms | 31.09% |      31 |         1.006 MiB |
| I64 |           0 | 2^18 = 262144 |                0 |                1 |           8 |    528x |   4.706 ms |  1.40% |   4.702 ms |  1.40% |     445 |        44.833 MiB |
| I64 |           0 |   2^12 = 4096 |              0.1 |                1 |           8 |    704x |   1.276 ms | 30.55% |   1.272 ms | 30.55% |      25 |         1.010 MiB |
| I64 |           0 | 2^18 = 262144 |              0.1 |                1 |           8 |    992x |   4.969 ms |  5.55% |   4.965 ms |  5.55% |     422 |        48.033 MiB |
| I64 |           0 |   2^12 = 4096 |              0.9 |                1 |           8 |    800x |   1.278 ms | 32.28% |   1.274 ms | 32.28% |      25 |         1.009 MiB |
| I64 |           0 | 2^18 = 262144 |              0.9 |                1 |           8 |   1024x |   4.658 ms |  5.36% |   4.654 ms |  5.36% |     450 |        47.564 MiB |
| F32 |           0 |   2^12 = 4096 |                0 |                1 |           1 |   2752x | 186.036 us |  5.38% | 181.970 us |  4.92% |      22 |       113.281 KiB |
| F32 |           0 | 2^18 = 262144 |                0 |                1 |           1 |    976x | 687.912 us |  1.48% | 683.673 us |  1.31% |     383 |         5.240 MiB |
| F32 |           0 |   2^12 = 4096 |              0.1 |                1 |           1 |   2976x | 240.239 us | 70.65% | 236.229 us | 70.61% |      17 |       113.781 KiB |
| F32 |           0 | 2^18 = 262144 |              0.1 |                1 |           1 |   1056x | 743.622 us |  1.35% | 739.635 us |  1.24% |     354 |         5.271 MiB |
| F32 |           0 |   2^12 = 4096 |              0.9 |                1 |           1 |   2224x | 229.291 us |  4.34% | 225.381 us |  4.00% |      18 |       113.781 KiB |
| F32 |           0 | 2^18 = 262144 |              0.9 |                1 |           1 |   1520x | 718.203 us |  2.20% | 714.169 us |  2.11% |     367 |         5.271 MiB |
| F32 |           0 |   2^12 = 4096 |                0 |                1 |           2 |   1904x | 276.525 us | 11.44% | 272.495 us | 11.31% |      30 |       226.562 KiB |
| F32 |           0 | 2^18 = 262144 |                0 |                1 |           2 |    512x |   1.200 ms |  1.79% |   1.196 ms |  1.76% |     438 |        10.479 MiB |
| F32 |           0 |   2^12 = 4096 |              0.1 |                1 |           2 |   1520x | 333.924 us | 14.43% | 329.873 us | 14.33% |      24 |       227.562 KiB |
| F32 |           0 | 2^18 = 262144 |              0.1 |                1 |           2 |    528x |   1.261 ms |  1.98% |   1.257 ms |  1.96% |     417 |        10.542 MiB |
| F32 |           0 |   2^12 = 4096 |              0.9 |                1 |           2 |   1824x | 313.524 us |  8.25% | 309.577 us |  8.13% |      26 |       227.562 KiB |
| F32 |           0 | 2^18 = 262144 |              0.9 |                1 |           2 |   1120x |   1.239 ms |  2.71% |   1.235 ms |  2.69% |     424 |        10.542 MiB |
| F32 |           0 |   2^12 = 4096 |                0 |                1 |           4 |   1056x | 482.922 us |  5.16% | 478.719 us |  5.09% |      34 |       453.125 KiB |
| F32 |           0 | 2^18 = 262144 |                0 |                1 |           4 |    752x |   2.333 ms |  2.85% |   2.329 ms |  2.85% |     450 |        20.958 MiB |
| F32 |           0 |   2^12 = 4096 |              0.1 |                1 |           4 |    880x | 577.921 us |  4.48% | 573.753 us |  4.41% |      28 |       455.125 KiB |
| F32 |           0 | 2^18 = 262144 |              0.1 |                1 |           4 |    736x |   2.431 ms |  3.07% |   2.427 ms |  3.07% |     432 |        21.083 MiB |
| F32 |           0 |   2^12 = 4096 |              0.9 |                1 |           4 |   2416x | 589.153 us |  7.91% | 584.950 us |  7.88% |      28 |       455.125 KiB |
| F32 |           0 | 2^18 = 262144 |              0.9 |                1 |           4 |    864x |   2.348 ms |  3.04% |   2.344 ms |  3.03% |     447 |        21.083 MiB |
| F32 |           0 |   2^12 = 4096 |                0 |                1 |           8 |   1152x |   1.037 ms | 40.58% |   1.033 ms | 40.57% |      31 |       902.500 KiB |
| F32 |           0 | 2^18 = 262144 |                0 |                1 |           8 |   1520x |   4.518 ms |  4.30% |   4.514 ms |  4.30% |     464 |        39.218 MiB |
| F32 |           0 |   2^12 = 4096 |              0.1 |                1 |           8 |   1152x |   1.296 ms | 43.15% |   1.291 ms | 43.15% |      25 |       906.453 KiB |
| F32 |           0 | 2^18 = 262144 |              0.1 |                1 |           8 |    832x |   4.762 ms |  6.50% |   4.758 ms |  6.50% |     440 |        41.143 MiB |
| F32 |           0 |   2^12 = 4096 |              0.9 |                1 |           8 |    736x |   1.291 ms | 38.73% |   1.287 ms | 38.73% |      25 |       905.672 KiB |
| F32 |           0 | 2^18 = 262144 |              0.9 |                1 |           8 |    880x |   4.547 ms |  5.08% |   4.543 ms |  5.08% |     461 |        40.478 MiB |
| F64 |           0 |   2^12 = 4096 |                0 |                1 |           1 |   2752x | 186.566 us |  5.45% | 182.554 us |  5.02% |      22 |       129.281 KiB |
| F64 |           0 | 2^18 = 262144 |                0 |                1 |           1 |   1632x | 715.484 us |  2.84% | 711.356 us |  2.78% |     368 |         6.240 MiB |
| F64 |           0 |   2^12 = 4096 |              0.1 |                1 |           1 |   2288x | 222.536 us |  4.37% | 218.532 us |  3.97% |      18 |       129.781 KiB |
| F64 |           0 | 2^18 = 262144 |              0.1 |                1 |           1 |   1856x | 770.753 us |  2.33% | 766.710 us |  2.26% |     341 |         6.271 MiB |
| F64 |           0 |   2^12 = 4096 |              0.9 |                1 |           1 |   2240x | 227.521 us |  4.60% | 223.467 us |  4.22% |      18 |       129.781 KiB |
| F64 |           0 | 2^18 = 262144 |              0.9 |                1 |           1 |   1936x | 739.389 us |  2.85% | 735.078 us |  2.77% |     356 |         6.271 MiB |
| F64 |           0 |   2^12 = 4096 |                0 |                1 |           2 |   1840x | 275.933 us |  9.77% | 271.884 us |  9.63% |      30 |       258.562 KiB |
| F64 |           0 | 2^18 = 262144 |                0 |                1 |           2 |   1616x |   1.251 ms |  2.42% |   1.247 ms |  2.39% |     420 |        12.479 MiB |
| F64 |           0 |   2^12 = 4096 |              0.1 |                1 |           2 |   1712x | 329.567 us | 11.68% | 325.572 us | 11.59% |      25 |       259.562 KiB |
| F64 |           0 | 2^18 = 262144 |              0.1 |                1 |           2 |    384x |   1.311 ms |  1.95% |   1.307 ms |  1.93% |     401 |        12.542 MiB |
| F64 |           0 |   2^12 = 4096 |              0.9 |                1 |           2 |   1920x | 311.884 us |  7.15% | 307.859 us |  7.01% |      26 |       259.562 KiB |
| F64 |           0 | 2^18 = 262144 |              0.9 |                1 |           2 |   1360x |   1.258 ms |  2.68% |   1.254 ms |  2.66% |     417 |        12.542 MiB |
| F64 |           0 |   2^12 = 4096 |                0 |                1 |           4 |   1056x | 480.157 us |  5.57% | 476.014 us |  5.49% |      34 |       517.125 KiB |
| F64 |           0 | 2^18 = 262144 |                0 |                1 |           4 |    960x |   2.423 ms |  2.80% |   2.419 ms |  2.80% |     433 |        24.958 MiB |
| F64 |           0 |   2^12 = 4096 |              0.1 |                1 |           4 |   2368x | 588.757 us |  8.82% | 584.667 us |  8.79% |      28 |       519.125 KiB |
| F64 |           0 | 2^18 = 262144 |              0.1 |                1 |           4 |    208x |   2.522 ms |  2.59% |   2.518 ms |  2.57% |     416 |        25.083 MiB |
| F64 |           0 |   2^12 = 4096 |              0.9 |                1 |           4 |   2704x | 586.842 us | 11.32% | 582.664 us | 11.29% |      28 |       519.125 KiB |
| F64 |           0 | 2^18 = 262144 |              0.9 |                1 |           4 |   1104x |   2.411 ms |  3.54% |   2.406 ms |  3.53% |     435 |        25.083 MiB |
| F64 |           0 |   2^12 = 4096 |                0 |                1 |           8 |    784x |   1.037 ms | 31.54% |   1.032 ms | 31.53% |      31 |         1.008 MiB |
| F64 |           0 | 2^18 = 262144 |                0 |                1 |           8 |   1808x |   4.714 ms |  3.28% |   4.709 ms |  3.28% |     445 |        45.980 MiB |
| F64 |           0 |   2^12 = 4096 |              0.1 |                1 |           8 |    688x |   1.314 ms | 40.14% |   1.309 ms | 40.14% |      25 |      1001.781 KiB |
| F64 |           0 | 2^18 = 262144 |              0.1 |                1 |           8 |    720x |   4.991 ms |  5.92% |   4.987 ms |  5.92% |     420 |        48.350 MiB |
| F64 |           0 |   2^12 = 4096 |              0.9 |                1 |           8 |    608x |   1.330 ms | 38.30% |   1.326 ms | 38.29% |      24 |         1.010 MiB |
| F64 |           0 | 2^18 = 262144 |              0.9 |                1 |           8 |   1584x |   4.644 ms |  6.03% |   4.640 ms |  6.03% |     451 |        48.312 MiB |

## groupby_nunique

### [0] Tesla T4

|  T  |    num_rows     | cardinality | null_probability | Samples |  CPU Time  | Noise |  GPU Time  | Noise |
|-----|-----------------|-------------|------------------|---------|------------|-------|------------|-------|
| I32 |     2^12 = 4096 |           0 |                0 |   2208x | 455.571 us | 2.73% | 451.778 us | 2.59% |
| I32 |    2^16 = 65536 |           0 |                0 |    784x | 649.660 us | 1.04% | 645.897 us | 0.86% |
| I32 |  2^20 = 1048576 |           0 |                0 |    896x |   6.019 ms | 0.65% |   6.015 ms | 0.65% |
| I32 | 2^24 = 16777216 |           0 |                0 |     11x | 156.235 ms | 0.13% | 156.232 ms | 0.13% |
| I32 |     2^12 = 4096 |           0 |              0.5 |   2192x | 558.414 us | 2.30% | 554.627 us | 2.19% |
| I32 |    2^16 = 65536 |           0 |              0.5 |   1792x | 783.131 us | 1.14% | 779.324 us | 1.03% |
| I32 |  2^20 = 1048576 |           0 |              0.5 |   1536x |   6.263 ms | 0.77% |   6.259 ms | 0.77% |
| I32 | 2^24 = 16777216 |           0 |              0.5 |     11x | 192.935 ms | 0.12% | 192.931 ms | 0.12% |
| I64 |     2^12 = 4096 |           0 |                0 |   2032x | 476.584 us | 2.73% | 472.821 us | 2.60% |
| I64 |    2^16 = 65536 |           0 |                0 |   1312x | 651.990 us | 1.26% | 648.193 us | 1.11% |
| I64 |  2^20 = 1048576 |           0 |                0 |    339x |   7.258 ms | 0.50% |   7.254 ms | 0.50% |
| I64 | 2^24 = 16777216 |           0 |                0 |     11x | 169.737 ms | 0.12% | 169.733 ms | 0.12% |
| I64 |     2^12 = 4096 |           0 |              0.5 |    976x | 568.356 us | 3.36% | 564.519 us | 3.28% |
| I64 |    2^16 = 65536 |           0 |              0.5 |   1104x | 794.075 us | 0.92% | 790.270 us | 0.78% |
| I64 |  2^20 = 1048576 |           0 |              0.5 |   1392x |   6.698 ms | 0.62% |   6.694 ms | 0.61% |
| I64 | 2^24 = 16777216 |           0 |              0.5 |     11x | 196.557 ms | 0.17% | 196.554 ms | 0.17% |

## groupby_rank

### [0] Tesla T4

| rank_method | data_size | cardinality | is_sorted | Samples |  CPU Time  | Noise |  GPU Time  | Noise |
|-------------|-----------|-------------|-----------|---------|------------|-------|------------|-------|
|     AVERAGE |   1000000 |           0 |         0 |     71x |   7.063 ms | 0.26% |   7.059 ms | 0.26% |
|     AVERAGE |  10000000 |           0 |         0 |     11x |  57.416 ms | 0.20% |  57.411 ms | 0.20% |
|     AVERAGE | 100000000 |           0 |         0 |     11x | 540.900 ms | 0.05% | 540.899 ms | 0.05% |
|     AVERAGE |   1000000 |           0 |         1 |    720x | 708.083 us | 0.92% | 703.946 us | 0.70% |
|     AVERAGE |  10000000 |           0 |         1 |     84x |   5.977 ms | 0.13% |   5.973 ms | 0.10% |
|     AVERAGE | 100000000 |           0 |         1 |     11x |  58.641 ms | 0.04% |  58.636 ms | 0.04% |
|       DENSE |   1000000 |           0 |         0 |     75x |   6.745 ms | 0.23% |   6.741 ms | 0.21% |
|       DENSE |  10000000 |           0 |         0 |     11x |  54.704 ms | 0.15% |  54.700 ms | 0.15% |
|       DENSE | 100000000 |           0 |         0 |     11x | 514.009 ms | 0.06% | 514.008 ms | 0.06% |
|       DENSE |   1000000 |           0 |         1 |   1280x | 396.651 us | 1.46% | 392.662 us | 1.01% |
|       DENSE |  10000000 |           0 |         1 |    155x |   3.235 ms | 0.19% |   3.231 ms | 0.13% |
|       DENSE | 100000000 |           0 |         1 |     16x |  31.652 ms | 0.07% |  31.647 ms | 0.07% |
|       FIRST |   1000000 |           0 |         0 |     76x |   6.614 ms | 0.27% |   6.610 ms | 0.26% |
|       FIRST |  10000000 |           0 |         0 |     11x |  53.650 ms | 0.19% |  53.645 ms | 0.19% |
|       FIRST | 100000000 |           0 |         0 |     11x | 504.207 ms | 0.03% | 504.204 ms | 0.03% |
|       FIRST |   1000000 |           0 |         1 |   1936x | 264.176 us | 1.91% | 260.124 us | 1.07% |
|       FIRST |  10000000 |           0 |         1 |    225x |   2.233 ms | 0.30% |   2.229 ms | 0.23% |
|       FIRST | 100000000 |           0 |         1 |     23x |  21.990 ms | 0.16% |  21.984 ms | 0.16% |
|         MAX |   1000000 |           0 |         0 |     75x |   6.737 ms | 0.36% |   6.733 ms | 0.35% |
|         MAX |  10000000 |           0 |         0 |     11x |  54.591 ms | 0.12% |  54.586 ms | 0.12% |
|         MAX | 100000000 |           0 |         0 |     11x | 513.903 ms | 0.06% | 513.901 ms | 0.06% |
|         MAX |   1000000 |           0 |         1 |   2176x | 378.295 us | 1.87% | 374.299 us | 1.53% |
|         MAX |  10000000 |           0 |         1 |    156x |   3.219 ms | 0.21% |   3.215 ms | 0.17% |
|         MAX | 100000000 |           0 |         1 |     16x |  31.658 ms | 0.13% |  31.652 ms | 0.13% |
|         MIN |   1000000 |           0 |         0 |     75x |   6.752 ms | 0.23% |   6.748 ms | 0.23% |
|         MIN |  10000000 |           0 |         0 |     11x |  54.679 ms | 0.18% |  54.674 ms | 0.18% |
|         MIN | 100000000 |           0 |         0 |     11x | 513.778 ms | 0.05% | 513.777 ms | 0.05% |
|         MIN |   1000000 |           0 |         1 |   1744x | 396.028 us | 1.57% | 392.105 us | 1.21% |
|         MIN |  10000000 |           0 |         1 |    155x |   3.235 ms | 0.24% |   3.230 ms | 0.20% |
|         MIN | 100000000 |           0 |         1 |     16x |  31.641 ms | 0.07% |  31.636 ms | 0.07% |

## groupby_struct_keys

### [0] Tesla T4

|    NumRows     | Depth | Nulls | Samples |  CPU Time  | Noise |  GPU Time  | Noise | peak_memory_usage |
|----------------|-------|-------|---------|------------|-------|------------|-------|-------------------|
|    2^10 = 1024 |     0 |     0 |   3744x | 137.642 us | 5.91% | 133.832 us | 5.16% |        33.016 KiB |
|   2^16 = 65536 |     0 |     0 |   2704x | 188.916 us | 3.81% | 185.105 us | 3.21% |         1.737 MiB |
| 2^20 = 1048576 |     0 |     0 |    528x | 968.108 us | 0.99% | 964.000 us | 0.88% |        24.249 MiB |
|    2^10 = 1024 |     1 |     0 |   2176x | 304.152 us | 5.39% | 299.960 us | 5.19% |        33.328 KiB |
|   2^16 = 65536 |     1 |     0 |   1472x | 346.761 us | 3.40% | 342.573 us | 3.18% |         1.674 MiB |
| 2^20 = 1048576 |     1 |     0 |    880x | 983.918 us | 1.13% | 979.670 us | 1.04% |        24.421 MiB |
|    2^10 = 1024 |     8 |     0 |   1920x | 970.185 us | 4.23% | 966.026 us | 4.20% |        34.516 KiB |
|   2^16 = 65536 |     8 |     0 |   1168x |   1.228 ms | 3.21% |   1.224 ms | 3.18% |         1.729 MiB |
| 2^20 = 1048576 |     8 |     0 |   2928x |   2.154 ms | 5.55% |   2.150 ms | 5.54% |        25.296 MiB |
|    2^10 = 1024 |     0 |     1 |   2624x | 195.172 us | 6.62% | 191.003 us | 6.22% |        33.141 KiB |
|   2^16 = 65536 |     0 |     1 |   2080x | 245.214 us | 3.16% | 241.032 us | 2.64% |         1.745 MiB |
| 2^20 = 1048576 |     0 |     1 |    576x |   1.098 ms | 0.85% |   1.094 ms | 0.76% |        24.374 MiB |
|    2^10 = 1024 |     1 |     1 |   2336x | 304.601 us | 5.33% | 300.435 us | 5.13% |        33.328 KiB |
|   2^16 = 65536 |     1 |     1 |   1472x | 344.562 us | 2.68% | 340.396 us | 2.39% |         1.674 MiB |
| 2^20 = 1048576 |     1 |     1 |    624x | 982.575 us | 0.86% | 978.336 us | 0.75% |        24.421 MiB |
|    2^10 = 1024 |     8 |     1 |   1936x | 967.681 us | 3.87% | 963.519 us | 3.84% |        34.516 KiB |
|   2^16 = 65536 |     8 |     1 |   1136x |   1.209 ms | 3.70% |   1.205 ms | 3.68% |         1.729 MiB |
| 2^20 = 1048576 |     8 |     1 |   2896x |   2.170 ms | 5.68% |   2.166 ms | 5.67% |        25.296 MiB |
