RMM memory resource = pool
CUIO host memory resource = pinned_pool
# Devices

## [0] `Tesla T4`
* SM Version: 750 (PTX Version: 750)
* Number of SMs: 40
* SM Default Clock Rate: 1590 MHz
* Global Memory: 7206 MiB Free / 14913 MiB Total
* Global Memory Bus Peak: 320 GB/sec (256-bit DDR @5001MHz)
* Max Shared Memory: 64 KiB/SM, 48 KiB/Block
* L2 Cache Size: 4096 KiB
* Maximum Active Blocks: 16/SM
* Maximum Active Threads: 1024/SM, 1024/Block
* Available Registers: 65536/SM, 65536/Block
* ECC Enabled: Yes

# Log

```
Run:  [1/856] apply_boolean_mask [Device=0 type=I32 columns=1 rows=100000 hits_%=10]
Pass: Cold: 0.036161ms GPU, 0.040325ms CPU, 0.50s total GPU, 1.05s total wall, 13840x 
Run:  [2/856] apply_boolean_mask [Device=0 type=I32 columns=4 rows=100000 hits_%=10]
Pass: Cold: 0.154929ms GPU, 0.158647ms CPU, 0.50s total GPU, 0.60s total wall, 3232x 
Run:  [3/856] apply_boolean_mask [Device=0 type=I32 columns=9 rows=100000 hits_%=10]
Pass: Cold: 0.286580ms GPU, 0.290232ms CPU, 0.57s total GPU, 0.62s total wall, 1984x 
Run:  [4/856] apply_boolean_mask [Device=0 type=I32 columns=1 rows=1000000 hits_%=10]
Pass: Cold: 0.050239ms GPU, 0.053935ms CPU, 0.50s total GPU, 0.85s total wall, 9968x 
Run:  [5/856] apply_boolean_mask [Device=0 type=I32 columns=4 rows=1000000 hits_%=10]
Pass: Cold: 0.343007ms GPU, 0.346849ms CPU, 0.50s total GPU, 0.54s total wall, 1472x 
Run:  [6/856] apply_boolean_mask [Device=0 type=I32 columns=9 rows=1000000 hits_%=10]
Pass: Cold: 0.664960ms GPU, 0.668809ms CPU, 0.77s total GPU, 0.79s total wall, 1152x 
Run:  [7/856] apply_boolean_mask [Device=0 type=I32 columns=1 rows=10000000 hits_%=10]
Pass: Cold: 0.232704ms GPU, 0.236559ms CPU, 0.60s total GPU, 0.66s total wall, 2576x 
Run:  [8/856] apply_boolean_mask [Device=0 type=I32 columns=4 rows=10000000 hits_%=10]
Pass: Cold: 2.523945ms GPU, 2.528301ms CPU, 3.43s total GPU, 3.47s total wall, 1360x 
Run:  [9/856] apply_boolean_mask [Device=0 type=I32 columns=9 rows=10000000 hits_%=10]
Pass: Cold: 5.020341ms GPU, 5.024683ms CPU, 4.74s total GPU, 4.76s total wall, 944x 
Run:  [10/856] apply_boolean_mask [Device=0 type=I32 columns=1 rows=100000 hits_%=20]
Pass: Cold: 0.033344ms GPU, 0.037075ms CPU, 0.50s total GPU, 1.09s total wall, 15008x 
Run:  [11/856] apply_boolean_mask [Device=0 type=I32 columns=4 rows=100000 hits_%=20]
Pass: Cold: 0.172983ms GPU, 0.176714ms CPU, 0.50s total GPU, 0.59s total wall, 2896x 
Run:  [12/856] apply_boolean_mask [Device=0 type=I32 columns=9 rows=100000 hits_%=20]
Pass: Cold: 0.312463ms GPU, 0.316251ms CPU, 0.50s total GPU, 0.55s total wall, 1616x 
Run:  [13/856] apply_boolean_mask [Device=0 type=I32 columns=1 rows=1000000 hits_%=20]
Pass: Cold: 0.055987ms GPU, 0.059700ms CPU, 0.50s total GPU, 0.81s total wall, 8944x 
Run:  [14/856] apply_boolean_mask [Device=0 type=I32 columns=4 rows=1000000 hits_%=20]
Pass: Cold: 0.556325ms GPU, 0.560299ms CPU, 1.66s total GPU, 1.74s total wall, 2976x 
Run:  [15/856] apply_boolean_mask [Device=0 type=I32 columns=9 rows=1000000 hits_%=20]
Pass: Cold: 1.100712ms GPU, 1.104800ms CPU, 2.40s total GPU, 2.45s total wall, 2176x 
Run:  [16/856] apply_boolean_mask [Device=0 type=I32 columns=1 rows=10000000 hits_%=20]
Pass: Cold: 0.309128ms GPU, 0.312940ms CPU, 0.51s total GPU, 0.55s total wall, 1648x 
Run:  [17/856] apply_boolean_mask [Device=0 type=I32 columns=4 rows=10000000 hits_%=20]
Pass: Cold: 4.726599ms GPU, 4.730994ms CPU, 9.68s total GPU, 9.74s total wall, 2048x 
Run:  [18/856] apply_boolean_mask [Device=0 type=I32 columns=9 rows=10000000 hits_%=20]
Pass: Cold: 9.453718ms GPU, 9.458115ms CPU, 9.98s total GPU, 10.01s total wall, 1056x 
Run:  [19/856] apply_boolean_mask [Device=0 type=I32 columns=1 rows=100000 hits_%=50]
Pass: Cold: 0.034535ms GPU, 0.038279ms CPU, 0.50s total GPU, 1.07s total wall, 14480x 
Run:  [20/856] apply_boolean_mask [Device=0 type=I32 columns=4 rows=100000 hits_%=50]
Pass: Cold: 0.213102ms GPU, 0.216864ms CPU, 0.50s total GPU, 0.57s total wall, 2352x 
Run:  [21/856] apply_boolean_mask [Device=0 type=I32 columns=9 rows=100000 hits_%=50]
Pass: Cold: 0.402295ms GPU, 0.406128ms CPU, 1.10s total GPU, 1.19s total wall, 2736x 
Run:  [22/856] apply_boolean_mask [Device=0 type=I32 columns=1 rows=1000000 hits_%=50]
Pass: Cold: 0.074149ms GPU, 0.077979ms CPU, 0.50s total GPU, 0.72s total wall, 6752x 
Run:  [23/856] apply_boolean_mask [Device=0 type=I32 columns=4 rows=1000000 hits_%=50]
Pass: Cold: 1.154184ms GPU, 1.158388ms CPU, 2.33s total GPU, 2.39s total wall, 2016x 
Run:  [24/856] apply_boolean_mask [Device=0 type=I32 columns=9 rows=1000000 hits_%=50]
Pass: Cold: 2.306477ms GPU, 2.310739ms CPU, 2.36s total GPU, 2.39s total wall, 1024x 
Run:  [25/856] apply_boolean_mask [Device=0 type=I32 columns=1 rows=10000000 hits_%=50]
Pass: Cold: 0.506758ms GPU, 0.510615ms CPU, 0.50s total GPU, 0.53s total wall, 992x 
Run:  [26/856] apply_boolean_mask [Device=0 type=I32 columns=4 rows=10000000 hits_%=50]
Warn: Current measurement timed out (15.00s) while over noise threshold (1.05% > 0.50%)
Pass: Cold: 10.887648ms GPU, 10.892284ms CPU, 14.96s total GPU, 15.00s total wall, 1374x 
Run:  [27/856] apply_boolean_mask [Device=0 type=I32 columns=9 rows=10000000 hits_%=50]
Warn: Current measurement timed out (15.00s) while over noise threshold (0.84% > 0.50%)
Pass: Cold: 21.901703ms GPU, 21.906415ms CPU, 14.98s total GPU, 15.00s total wall, 684x 
Run:  [28/856] apply_boolean_mask [Device=0 type=I32 columns=1 rows=100000 hits_%=80]
Pass: Cold: 0.035039ms GPU, 0.038784ms CPU, 0.50s total GPU, 1.06s total wall, 14272x 
Run:  [29/856] apply_boolean_mask [Device=0 type=I32 columns=4 rows=100000 hits_%=80]
Pass: Cold: 0.254263ms GPU, 0.258049ms CPU, 0.50s total GPU, 0.56s total wall, 1968x 
Run:  [30/856] apply_boolean_mask [Device=0 type=I32 columns=9 rows=100000 hits_%=80]
Pass: Cold: 0.487515ms GPU, 0.491261ms CPU, 0.51s total GPU, 0.54s total wall, 1040x 
Run:  [31/856] apply_boolean_mask [Device=0 type=I32 columns=1 rows=1000000 hits_%=80]
Pass: Cold: 0.093000ms GPU, 0.096773ms CPU, 0.50s total GPU, 0.67s total wall, 5392x 
Run:  [32/856] apply_boolean_mask [Device=0 type=I32 columns=4 rows=1000000 hits_%=80]
Pass: Cold: 1.734461ms GPU, 1.738830ms CPU, 4.19s total GPU, 4.27s total wall, 2416x 
Run:  [33/856] apply_boolean_mask [Device=0 type=I32 columns=9 rows=1000000 hits_%=80]
Pass: Cold: 3.480522ms GPU, 3.484859ms CPU, 4.73s total GPU, 4.78s total wall, 1360x 
Run:  [34/856] apply_boolean_mask [Device=0 type=I32 columns=1 rows=10000000 hits_%=80]
Pass: Cold: 0.682699ms GPU, 0.686615ms CPU, 0.50s total GPU, 0.52s total wall, 736x 
Run:  [35/856] apply_boolean_mask [Device=0 type=I32 columns=4 rows=10000000 hits_%=80]
Warn: Current measurement timed out (15.01s) while over noise threshold (0.94% > 0.50%)
Pass: Cold: 16.774497ms GPU, 16.779376ms CPU, 14.98s total GPU, 15.01s total wall, 893x 
Run:  [36/856] apply_boolean_mask [Device=0 type=I32 columns=9 rows=10000000 hits_%=80]
Warn: Current measurement timed out (15.00s) while over noise threshold (0.75% > 0.50%)
Pass: Cold: 33.758179ms GPU, 33.763093ms CPU, 14.99s total GPU, 15.00s total wall, 444x 
Run:  [37/856] apply_boolean_mask [Device=0 type=I32 columns=1 rows=100000 hits_%=90]
Pass: Cold: 0.035913ms GPU, 0.039668ms CPU, 0.50s total GPU, 1.05s total wall, 13936x 
Run:  [38/856] apply_boolean_mask [Device=0 type=I32 columns=4 rows=100000 hits_%=90]
Pass: Cold: 0.269530ms GPU, 0.273324ms CPU, 0.50s total GPU, 0.56s total wall, 1856x 
Run:  [39/856] apply_boolean_mask [Device=0 type=I32 columns=9 rows=100000 hits_%=90]
Pass: Cold: 0.521615ms GPU, 0.525481ms CPU, 1.41s total GPU, 1.50s total wall, 2704x 
Run:  [40/856] apply_boolean_mask [Device=0 type=I32 columns=1 rows=1000000 hits_%=90]
Pass: Cold: 0.100537ms GPU, 0.104313ms CPU, 0.50s total GPU, 0.66s total wall, 4976x 
Run:  [41/856] apply_boolean_mask [Device=0 type=I32 columns=4 rows=1000000 hits_%=90]
Pass: Cold: 1.932042ms GPU, 1.936329ms CPU, 4.24s total GPU, 4.31s total wall, 2192x 
Run:  [42/856] apply_boolean_mask [Device=0 type=I32 columns=9 rows=1000000 hits_%=90]
Pass: Cold: 3.887045ms GPU, 3.891498ms CPU, 4.10s total GPU, 4.14s total wall, 1056x 
Run:  [43/856] apply_boolean_mask [Device=0 type=I32 columns=1 rows=10000000 hits_%=90]
Pass: Cold: 0.741136ms GPU, 0.745080ms CPU, 0.50s total GPU, 0.52s total wall, 675x 
Run:  [44/856] apply_boolean_mask [Device=0 type=I32 columns=4 rows=10000000 hits_%=90]
Warn: Current measurement timed out (15.00s) while over noise threshold (0.91% > 0.50%)
Pass: Cold: 18.716409ms GPU, 18.721016ms CPU, 14.97s total GPU, 15.00s total wall, 800x 
Run:  [45/856] apply_boolean_mask [Device=0 type=I32 columns=9 rows=10000000 hits_%=90]
Warn: Current measurement timed out (15.02s) while over noise threshold (0.62% > 0.50%)
Pass: Cold: 37.611799ms GPU, 37.616537ms CPU, 15.01s total GPU, 15.02s total wall, 399x 
Run:  [46/856] apply_boolean_mask [Device=0 type=I32 columns=1 rows=100000 hits_%=100]
Pass: Cold: 0.034343ms GPU, 0.038081ms CPU, 0.50s total GPU, 1.08s total wall, 14560x 
Run:  [47/856] apply_boolean_mask [Device=0 type=I32 columns=4 rows=100000 hits_%=100]
Pass: Cold: 0.105994ms GPU, 0.109801ms CPU, 0.50s total GPU, 0.66s total wall, 4720x 
Run:  [48/856] apply_boolean_mask [Device=0 type=I32 columns=9 rows=100000 hits_%=100]
Pass: Cold: 0.185256ms GPU, 0.188969ms CPU, 0.50s total GPU, 0.59s total wall, 2704x 
Run:  [49/856] apply_boolean_mask [Device=0 type=I32 columns=1 rows=1000000 hits_%=100]
Pass: Cold: 0.086227ms GPU, 0.089996ms CPU, 0.50s total GPU, 0.70s total wall, 5808x 
Run:  [50/856] apply_boolean_mask [Device=0 type=I32 columns=4 rows=1000000 hits_%=100]
Pass: Cold: 0.507224ms GPU, 0.510952ms CPU, 1.34s total GPU, 1.43s total wall, 2640x 
Run:  [51/856] apply_boolean_mask [Device=0 type=I32 columns=9 rows=1000000 hits_%=100]
Pass: Cold: 1.000968ms GPU, 1.004672ms CPU, 0.50s total GPU, 0.52s total wall, 500x 
Run:  [52/856] apply_boolean_mask [Device=0 type=I32 columns=1 rows=10000000 hits_%=100]
Pass: Cold: 0.606970ms GPU, 0.610794ms CPU, 1.42s total GPU, 1.50s total wall, 2336x 
Run:  [53/856] apply_boolean_mask [Device=0 type=I32 columns=4 rows=10000000 hits_%=100]
Pass: Cold: 4.414942ms GPU, 4.418774ms CPU, 0.50s total GPU, 0.51s total wall, 114x 
Run:  [54/856] apply_boolean_mask [Device=0 type=I32 columns=9 rows=10000000 hits_%=100]
Pass: Cold: 8.926200ms GPU, 8.930098ms CPU, 0.51s total GPU, 0.51s total wall, 57x 
Run:  [55/856] apply_boolean_mask [Device=0 type=I64 columns=1 rows=100000 hits_%=10]
Pass: Cold: 0.033013ms GPU, 0.036729ms CPU, 0.50s total GPU, 1.10s total wall, 15152x 
Run:  [56/856] apply_boolean_mask [Device=0 type=I64 columns=4 rows=100000 hits_%=10]
Pass: Cold: 0.155466ms GPU, 0.159158ms CPU, 0.50s total GPU, 0.61s total wall, 3232x 
Run:  [57/856] apply_boolean_mask [Device=0 type=I64 columns=9 rows=100000 hits_%=10]
Pass: Cold: 0.289452ms GPU, 0.293132ms CPU, 0.72s total GPU, 0.79s total wall, 2480x 
Run:  [58/856] apply_boolean_mask [Device=0 type=I64 columns=1 rows=1000000 hits_%=10]
Pass: Cold: 0.054568ms GPU, 0.058256ms CPU, 0.50s total GPU, 0.82s total wall, 9168x 
Run:  [59/856] apply_boolean_mask [Device=0 type=I64 columns=4 rows=1000000 hits_%=10]
Pass: Cold: 0.354194ms GPU, 0.357977ms CPU, 0.61s total GPU, 0.66s total wall, 1728x 
Run:  [60/856] apply_boolean_mask [Device=0 type=I64 columns=9 rows=1000000 hits_%=10]
Pass: Cold: 0.686919ms GPU, 0.690778ms CPU, 0.70s total GPU, 0.73s total wall, 1024x 
Run:  [61/856] apply_boolean_mask [Device=0 type=I64 columns=1 rows=10000000 hits_%=10]
Pass: Cold: 0.270187ms GPU, 0.274012ms CPU, 0.50s total GPU, 0.55s total wall, 1856x 
Run:  [62/856] apply_boolean_mask [Device=0 type=I64 columns=4 rows=10000000 hits_%=10]
Pass: Cold: 2.604323ms GPU, 2.608620ms CPU, 3.71s total GPU, 3.75s total wall, 1424x 
Run:  [63/856] apply_boolean_mask [Device=0 type=I64 columns=9 rows=10000000 hits_%=10]
Pass: Cold: 5.193014ms GPU, 5.197398ms CPU, 6.15s total GPU, 6.18s total wall, 1184x 
Run:  [64/856] apply_boolean_mask [Device=0 type=I64 columns=1 rows=100000 hits_%=20]
Pass: Cold: 0.034898ms GPU, 0.038649ms CPU, 0.50s total GPU, 1.06s total wall, 14336x 
Run:  [65/856] apply_boolean_mask [Device=0 type=I64 columns=4 rows=100000 hits_%=20]
Pass: Cold: 0.172459ms GPU, 0.176258ms CPU, 0.50s total GPU, 0.59s total wall, 2912x 
Run:  [66/856] apply_boolean_mask [Device=0 type=I64 columns=9 rows=100000 hits_%=20]
Pass: Cold: 0.317516ms GPU, 0.321272ms CPU, 0.50s total GPU, 0.55s total wall, 1584x 
Run:  [67/856] apply_boolean_mask [Device=0 type=I64 columns=1 rows=1000000 hits_%=20]
Pass: Cold: 0.065712ms GPU, 0.069442ms CPU, 0.50s total GPU, 0.76s total wall, 7616x 
Run:  [68/856] apply_boolean_mask [Device=0 type=I64 columns=4 rows=1000000 hits_%=20]
Pass: Cold: 0.570666ms GPU, 0.574614ms CPU, 0.82s total GPU, 0.86s total wall, 1440x 
Run:  [69/856] apply_boolean_mask [Device=0 type=I64 columns=9 rows=1000000 hits_%=20]
Pass: Cold: 1.137313ms GPU, 1.141307ms CPU, 1.78s total GPU, 1.83s total wall, 1568x 
Run:  [70/856] apply_boolean_mask [Device=0 type=I64 columns=1 rows=10000000 hits_%=20]
Pass: Cold: 0.388122ms GPU, 0.392001ms CPU, 0.60s total GPU, 0.64s total wall, 1536x 
Run:  [71/856] apply_boolean_mask [Device=0 type=I64 columns=4 rows=10000000 hits_%=20]
Pass: Cold: 4.861853ms GPU, 4.866219ms CPU, 6.38s total GPU, 6.42s total wall, 1312x 
Run:  [72/856] apply_boolean_mask [Device=0 type=I64 columns=9 rows=10000000 hits_%=20]
Pass: Cold: 9.805161ms GPU, 9.809580ms CPU, 6.12s total GPU, 6.14s total wall, 624x 
Run:  [73/856] apply_boolean_mask [Device=0 type=I64 columns=1 rows=100000 hits_%=50]
Pass: Cold: 0.036238ms GPU, 0.039986ms CPU, 0.50s total GPU, 1.04s total wall, 13808x 
Run:  [74/856] apply_boolean_mask [Device=0 type=I64 columns=4 rows=100000 hits_%=50]
Pass: Cold: 0.216922ms GPU, 0.220701ms CPU, 0.50s total GPU, 0.57s total wall, 2320x 
Run:  [75/856] apply_boolean_mask [Device=0 type=I64 columns=9 rows=100000 hits_%=50]
Pass: Cold: 0.410852ms GPU, 0.414593ms CPU, 0.87s total GPU, 0.94s total wall, 2128x 
Run:  [76/856] apply_boolean_mask [Device=0 type=I64 columns=1 rows=1000000 hits_%=50]
Pass: Cold: 0.093755ms GPU, 0.097534ms CPU, 0.50s total GPU, 0.68s total wall, 5344x 
Run:  [77/856] apply_boolean_mask [Device=0 type=I64 columns=4 rows=1000000 hits_%=50]
Pass: Cold: 1.191882ms GPU, 1.196101ms CPU, 2.52s total GPU, 2.58s total wall, 2112x 
Run:  [78/856] apply_boolean_mask [Device=0 type=I64 columns=9 rows=1000000 hits_%=50]
Pass: Cold: 2.394065ms GPU, 2.398337ms CPU, 4.02s total GPU, 4.08s total wall, 1680x 
Run:  [79/856] apply_boolean_mask [Device=0 type=I64 columns=1 rows=10000000 hits_%=50]
Pass: Cold: 0.702087ms GPU, 0.706032ms CPU, 0.51s total GPU, 0.53s total wall, 720x 
Run:  [80/856] apply_boolean_mask [Device=0 type=I64 columns=4 rows=10000000 hits_%=50]
Warn: Current measurement timed out (15.00s) while over noise threshold (1.03% > 0.50%)
Pass: Cold: 11.196374ms GPU, 11.201078ms CPU, 14.96s total GPU, 15.00s total wall, 1336x 
Run:  [81/856] apply_boolean_mask [Device=0 type=I64 columns=9 rows=10000000 hits_%=50]
Warn: Current measurement timed out (15.01s) while over noise threshold (0.67% > 0.50%)
Pass: Cold: 22.632745ms GPU, 22.637372ms CPU, 14.98s total GPU, 15.01s total wall, 662x 
Run:  [82/856] apply_boolean_mask [Device=0 type=I64 columns=1 rows=100000 hits_%=80]
Pass: Cold: 0.037591ms GPU, 0.041357ms CPU, 0.50s total GPU, 1.02s total wall, 13312x 
Run:  [83/856] apply_boolean_mask [Device=0 type=I64 columns=4 rows=100000 hits_%=80]
Pass: Cold: 0.259595ms GPU, 0.263392ms CPU, 0.50s total GPU, 0.56s total wall, 1936x 
Run:  [84/856] apply_boolean_mask [Device=0 type=I64 columns=9 rows=100000 hits_%=80]
Pass: Cold: 0.501623ms GPU, 0.505488ms CPU, 1.20s total GPU, 1.28s total wall, 2400x 
Run:  [85/856] apply_boolean_mask [Device=0 type=I64 columns=1 rows=1000000 hits_%=80]
Pass: Cold: 0.119408ms GPU, 0.123172ms CPU, 0.50s total GPU, 0.64s total wall, 4192x 
Run:  [86/856] apply_boolean_mask [Device=0 type=I64 columns=4 rows=1000000 hits_%=80]
Pass: Cold: 1.780502ms GPU, 1.784826ms CPU, 2.79s total GPU, 2.84s total wall, 1568x 
Run:  [87/856] apply_boolean_mask [Device=0 type=I64 columns=9 rows=1000000 hits_%=80]
Pass: Cold: 3.589568ms GPU, 3.593882ms CPU, 5.40s total GPU, 5.45s total wall, 1504x 
Run:  [88/856] apply_boolean_mask [Device=0 type=I64 columns=1 rows=10000000 hits_%=80]
Pass: Cold: 0.967242ms GPU, 0.971169ms CPU, 0.80s total GPU, 0.82s total wall, 823x 
Run:  [89/856] apply_boolean_mask [Device=0 type=I64 columns=4 rows=10000000 hits_%=80]
Warn: Current measurement timed out (15.02s) while over noise threshold (1.17% > 0.50%)
Pass: Cold: 17.245108ms GPU, 17.249821ms CPU, 14.99s total GPU, 15.02s total wall, 869x 
Run:  [90/856] apply_boolean_mask [Device=0 type=I64 columns=9 rows=10000000 hits_%=80]
Pass: Cold: 34.823482ms GPU, 34.828075ms CPU, 3.34s total GPU, 3.35s total wall, 96x 
Run:  [91/856] apply_boolean_mask [Device=0 type=I64 columns=1 rows=100000 hits_%=90]
Pass: Cold: 0.038676ms GPU, 0.042422ms CPU, 0.50s total GPU, 1.00s total wall, 12928x 
Run:  [92/856] apply_boolean_mask [Device=0 type=I64 columns=4 rows=100000 hits_%=90]
Pass: Cold: 0.276640ms GPU, 0.280464ms CPU, 0.64s total GPU, 0.71s total wall, 2304x 
Run:  [93/856] apply_boolean_mask [Device=0 type=I64 columns=9 rows=100000 hits_%=90]
Pass: Cold: 0.537946ms GPU, 0.541770ms CPU, 0.51s total GPU, 0.54s total wall, 944x 
Run:  [94/856] apply_boolean_mask [Device=0 type=I64 columns=1 rows=1000000 hits_%=90]
Pass: Cold: 0.128822ms GPU, 0.132590ms CPU, 0.50s total GPU, 0.63s total wall, 3888x 
Run:  [95/856] apply_boolean_mask [Device=0 type=I64 columns=4 rows=1000000 hits_%=90]
Pass: Cold: 1.982977ms GPU, 1.987313ms CPU, 4.31s total GPU, 4.38s total wall, 2176x 
Run:  [96/856] apply_boolean_mask [Device=0 type=I64 columns=9 rows=1000000 hits_%=90]
Pass: Cold: 3.991830ms GPU, 3.996183ms CPU, 4.98s total GPU, 5.03s total wall, 1248x 
Run:  [97/856] apply_boolean_mask [Device=0 type=I64 columns=1 rows=10000000 hits_%=90]
Pass: Cold: 1.050145ms GPU, 1.054040ms CPU, 0.50s total GPU, 0.52s total wall, 477x 
Run:  [98/856] apply_boolean_mask [Device=0 type=I64 columns=4 rows=10000000 hits_%=90]
Warn: Current measurement timed out (15.00s) while over noise threshold (1.05% > 0.50%)
Pass: Cold: 19.224414ms GPU, 19.229250ms CPU, 14.98s total GPU, 15.00s total wall, 779x 
Run:  [99/856] apply_boolean_mask [Device=0 type=I64 columns=9 rows=10000000 hits_%=90]
Warn: Current measurement timed out (15.01s) while over noise threshold (0.84% > 0.50%)
Pass: Cold: 38.834980ms GPU, 38.839679ms CPU, 14.99s total GPU, 15.01s total wall, 386x 
Run:  [100/856] apply_boolean_mask [Device=0 type=I64 columns=1 rows=100000 hits_%=100]
Pass: Cold: 0.038226ms GPU, 0.041992ms CPU, 0.50s total GPU, 1.02s total wall, 13088x 
Run:  [101/856] apply_boolean_mask [Device=0 type=I64 columns=4 rows=100000 hits_%=100]
Pass: Cold: 0.110090ms GPU, 0.113882ms CPU, 0.50s total GPU, 0.65s total wall, 4544x 
Run:  [102/856] apply_boolean_mask [Device=0 type=I64 columns=9 rows=100000 hits_%=100]
Pass: Cold: 0.200517ms GPU, 0.204230ms CPU, 0.50s total GPU, 0.58s total wall, 2496x 
Run:  [103/856] apply_boolean_mask [Device=0 type=I64 columns=1 rows=1000000 hits_%=100]
Pass: Cold: 0.120790ms GPU, 0.124569ms CPU, 0.57s total GPU, 0.74s total wall, 4752x 
Run:  [104/856] apply_boolean_mask [Device=0 type=I64 columns=4 rows=1000000 hits_%=100]
Pass: Cold: 0.573562ms GPU, 0.577371ms CPU, 0.72s total GPU, 0.77s total wall, 1264x 
Run:  [105/856] apply_boolean_mask [Device=0 type=I64 columns=9 rows=1000000 hits_%=100]
Pass: Cold: 1.171081ms GPU, 1.174857ms CPU, 0.50s total GPU, 0.51s total wall, 427x 
Run:  [106/856] apply_boolean_mask [Device=0 type=I64 columns=1 rows=10000000 hits_%=100]
Pass: Cold: 0.950781ms GPU, 0.954684ms CPU, 0.50s total GPU, 0.52s total wall, 526x 
Run:  [107/856] apply_boolean_mask [Device=0 type=I64 columns=4 rows=10000000 hits_%=100]
Pass: Cold: 5.109000ms GPU, 5.113032ms CPU, 0.50s total GPU, 0.50s total wall, 98x 
Run:  [108/856] apply_boolean_mask [Device=0 type=I64 columns=9 rows=10000000 hits_%=100]
Pass: Cold: 10.640901ms GPU, 10.644857ms CPU, 0.50s total GPU, 0.50s total wall, 47x 
Run:  [109/856] apply_boolean_mask [Device=0 type=F64 columns=1 rows=100000 hits_%=10]
Pass: Cold: 0.033229ms GPU, 0.036969ms CPU, 0.50s total GPU, 1.09s total wall, 15056x 
Run:  [110/856] apply_boolean_mask [Device=0 type=F64 columns=4 rows=100000 hits_%=10]
Pass: Cold: 0.155713ms GPU, 0.159443ms CPU, 0.50s total GPU, 0.60s total wall, 3216x 
Run:  [111/856] apply_boolean_mask [Device=0 type=F64 columns=9 rows=100000 hits_%=10]
Pass: Cold: 0.289326ms GPU, 0.293014ms CPU, 0.50s total GPU, 0.55s total wall, 1744x 
Run:  [112/856] apply_boolean_mask [Device=0 type=F64 columns=1 rows=1000000 hits_%=10]
Pass: Cold: 0.054576ms GPU, 0.058303ms CPU, 0.50s total GPU, 0.82s total wall, 9168x 
Run:  [113/856] apply_boolean_mask [Device=0 type=F64 columns=4 rows=1000000 hits_%=10]
Pass: Cold: 0.354379ms GPU, 0.358209ms CPU, 0.50s total GPU, 0.54s total wall, 1424x 
Run:  [114/856] apply_boolean_mask [Device=0 type=F64 columns=9 rows=1000000 hits_%=10]
Pass: Cold: 0.689106ms GPU, 0.693160ms CPU, 0.83s total GPU, 0.86s total wall, 1200x 
Run:  [115/856] apply_boolean_mask [Device=0 type=F64 columns=1 rows=10000000 hits_%=10]
Pass: Cold: 0.272815ms GPU, 0.276733ms CPU, 0.51s total GPU, 0.56s total wall, 1872x 
Run:  [116/856] apply_boolean_mask [Device=0 type=F64 columns=4 rows=10000000 hits_%=10]
Pass: Cold: 2.636925ms GPU, 2.641294ms CPU, 3.54s total GPU, 3.58s total wall, 1344x 
Run:  [117/856] apply_boolean_mask [Device=0 type=F64 columns=9 rows=10000000 hits_%=10]
Pass: Cold: 5.259538ms GPU, 5.263886ms CPU, 5.22s total GPU, 5.25s total wall, 992x 
Run:  [118/856] apply_boolean_mask [Device=0 type=F64 columns=1 rows=100000 hits_%=20]
Pass: Cold: 0.035011ms GPU, 0.038767ms CPU, 0.50s total GPU, 1.06s total wall, 14288x 
Run:  [119/856] apply_boolean_mask [Device=0 type=F64 columns=4 rows=100000 hits_%=20]
Pass: Cold: 0.173410ms GPU, 0.177169ms CPU, 0.50s total GPU, 0.59s total wall, 2896x 
Run:  [120/856] apply_boolean_mask [Device=0 type=F64 columns=9 rows=100000 hits_%=20]
Pass: Cold: 0.318445ms GPU, 0.322165ms CPU, 0.50s total GPU, 0.55s total wall, 1584x 
Run:  [121/856] apply_boolean_mask [Device=0 type=F64 columns=1 rows=1000000 hits_%=20]
Pass: Cold: 0.065846ms GPU, 0.069581ms CPU, 0.50s total GPU, 0.76s total wall, 7648x 
Run:  [122/856] apply_boolean_mask [Device=0 type=F64 columns=4 rows=1000000 hits_%=20]
Pass: Cold: 0.572070ms GPU, 0.576145ms CPU, 0.81s total GPU, 0.85s total wall, 1424x 
Run:  [123/856] apply_boolean_mask [Device=0 type=F64 columns=9 rows=1000000 hits_%=20]
Pass: Cold: 1.141236ms GPU, 1.145305ms CPU, 0.79s total GPU, 0.80s total wall, 688x 
Run:  [124/856] apply_boolean_mask [Device=0 type=F64 columns=1 rows=10000000 hits_%=20]
Pass: Cold: 0.390806ms GPU, 0.394708ms CPU, 0.88s total GPU, 0.94s total wall, 2240x 
Run:  [125/856] apply_boolean_mask [Device=0 type=F64 columns=4 rows=10000000 hits_%=20]
Pass: Cold: 4.897718ms GPU, 4.902168ms CPU, 8.93s total GPU, 8.99s total wall, 1824x 
Run:  [126/856] apply_boolean_mask [Device=0 type=F64 columns=9 rows=10000000 hits_%=20]
Pass: Cold: 9.875039ms GPU, 9.879537ms CPU, 12.32s total GPU, 12.36s total wall, 1248x 
Run:  [127/856] apply_boolean_mask [Device=0 type=F64 columns=1 rows=100000 hits_%=50]
Pass: Cold: 0.038501ms GPU, 0.042291ms CPU, 0.50s total GPU, 1.03s total wall, 12992x 
Run:  [128/856] apply_boolean_mask [Device=0 type=F64 columns=4 rows=100000 hits_%=50]
Pass: Cold: 0.227038ms GPU, 0.230931ms CPU, 0.50s total GPU, 0.57s total wall, 2208x 
Run:  [129/856] apply_boolean_mask [Device=0 type=F64 columns=9 rows=100000 hits_%=50]
Pass: Cold: 0.424895ms GPU, 0.428701ms CPU, 0.50s total GPU, 0.54s total wall, 1184x 
Run:  [130/856] apply_boolean_mask [Device=0 type=F64 columns=1 rows=1000000 hits_%=50]
Pass: Cold: 0.094179ms GPU, 0.097944ms CPU, 0.50s total GPU, 0.68s total wall, 5312x 
Run:  [131/856] apply_boolean_mask [Device=0 type=F64 columns=4 rows=1000000 hits_%=50]
Pass: Cold: 1.197998ms GPU, 1.202226ms CPU, 2.89s total GPU, 2.97s total wall, 2416x 
Run:  [132/856] apply_boolean_mask [Device=0 type=F64 columns=9 rows=1000000 hits_%=50]
Pass: Cold: 2.408892ms GPU, 2.413145ms CPU, 3.28s total GPU, 3.32s total wall, 1360x 
Run:  [133/856] apply_boolean_mask [Device=0 type=F64 columns=1 rows=10000000 hits_%=50]
Pass: Cold: 0.701286ms GPU, 0.705264ms CPU, 0.50s total GPU, 0.53s total wall, 720x 
Run:  [134/856] apply_boolean_mask [Device=0 type=F64 columns=4 rows=10000000 hits_%=50]
Pass: Cold: 11.293664ms GPU, 11.298257ms CPU, 14.46s total GPU, 14.50s total wall, 1280x 
Run:  [135/856] apply_boolean_mask [Device=0 type=F64 columns=9 rows=10000000 hits_%=50]
Warn: Current measurement timed out (15.01s) while over noise threshold (0.73% > 0.50%)
Pass: Cold: 22.843425ms GPU, 22.848267ms CPU, 14.99s total GPU, 15.01s total wall, 656x 
Run:  [136/856] apply_boolean_mask [Device=0 type=F64 columns=1 rows=100000 hits_%=80]
Pass: Cold: 0.037730ms GPU, 0.041486ms CPU, 0.50s total GPU, 1.02s total wall, 13264x 
Run:  [137/856] apply_boolean_mask [Device=0 type=F64 columns=4 rows=100000 hits_%=80]
Pass: Cold: 0.259773ms GPU, 0.263583ms CPU, 0.54s total GPU, 0.61s total wall, 2096x 
Run:  [138/856] apply_boolean_mask [Device=0 type=F64 columns=9 rows=100000 hits_%=80]
Pass: Cold: 0.502946ms GPU, 0.506772ms CPU, 0.51s total GPU, 0.54s total wall, 1008x 
Run:  [139/856] apply_boolean_mask [Device=0 type=F64 columns=1 rows=1000000 hits_%=80]
Pass: Cold: 0.119592ms GPU, 0.123360ms CPU, 0.50s total GPU, 0.64s total wall, 4192x 
Run:  [140/856] apply_boolean_mask [Device=0 type=F64 columns=4 rows=1000000 hits_%=80]
Pass: Cold: 1.793262ms GPU, 1.797601ms CPU, 2.90s total GPU, 2.95s total wall, 1616x 
Run:  [141/856] apply_boolean_mask [Device=0 type=F64 columns=9 rows=1000000 hits_%=80]
Pass: Cold: 3.623753ms GPU, 3.628069ms CPU, 4.23s total GPU, 4.27s total wall, 1168x 
Run:  [142/856] apply_boolean_mask [Device=0 type=F64 columns=1 rows=10000000 hits_%=80]
Pass: Cold: 0.963864ms GPU, 0.971054ms CPU, 0.50s total GPU, 0.52s total wall, 519x 
Run:  [143/856] apply_boolean_mask [Device=0 type=F64 columns=4 rows=10000000 hits_%=80]
Warn: Current measurement timed out (15.01s) while over noise threshold (0.84% > 0.50%)
Pass: Cold: 17.337919ms GPU, 17.342737ms CPU, 14.98s total GPU, 15.01s total wall, 864x 
Run:  [144/856] apply_boolean_mask [Device=0 type=F64 columns=9 rows=10000000 hits_%=80]
Pass: Cold: 35.079135ms GPU, 35.084101ms CPU, 6.00s total GPU, 6.01s total wall, 171x 
Run:  [145/856] apply_boolean_mask [Device=0 type=F64 columns=1 rows=100000 hits_%=90]
Pass: Cold: 0.039099ms GPU, 0.042866ms CPU, 0.50s total GPU, 1.00s total wall, 12800x 
Run:  [146/856] apply_boolean_mask [Device=0 type=F64 columns=4 rows=100000 hits_%=90]
Pass: Cold: 0.276771ms GPU, 0.280584ms CPU, 0.50s total GPU, 0.56s total wall, 1824x 
Run:  [147/856] apply_boolean_mask [Device=0 type=F64 columns=9 rows=100000 hits_%=90]
Pass: Cold: 0.538208ms GPU, 0.542028ms CPU, 0.64s total GPU, 0.68s total wall, 1184x 
Run:  [148/856] apply_boolean_mask [Device=0 type=F64 columns=1 rows=1000000 hits_%=90]
Pass: Cold: 0.129638ms GPU, 0.133433ms CPU, 0.50s total GPU, 0.63s total wall, 3872x 
Run:  [149/856] apply_boolean_mask [Device=0 type=F64 columns=4 rows=1000000 hits_%=90]
Pass: Cold: 1.995090ms GPU, 1.999403ms CPU, 4.56s total GPU, 4.64s total wall, 2288x 
Run:  [150/856] apply_boolean_mask [Device=0 type=F64 columns=9 rows=1000000 hits_%=90]
Pass: Cold: 4.033409ms GPU, 4.037831ms CPU, 3.74s total GPU, 3.77s total wall, 928x 
Run:  [151/856] apply_boolean_mask [Device=0 type=F64 columns=1 rows=10000000 hits_%=90]
Pass: Cold: 1.046894ms GPU, 1.050978ms CPU, 0.50s total GPU, 0.52s total wall, 478x 
Run:  [152/856] apply_boolean_mask [Device=0 type=F64 columns=4 rows=10000000 hits_%=90]
Warn: Current measurement timed out (15.00s) while over noise threshold (0.96% > 0.50%)
Pass: Cold: 19.348859ms GPU, 19.353714ms CPU, 14.98s total GPU, 15.00s total wall, 774x 
Run:  [153/856] apply_boolean_mask [Device=0 type=F64 columns=9 rows=10000000 hits_%=90]
Warn: Current measurement timed out (15.03s) while over noise threshold (0.81% > 0.50%)
Pass: Cold: 39.097485ms GPU, 39.102288ms CPU, 15.01s total GPU, 15.03s total wall, 384x 
Run:  [154/856] apply_boolean_mask [Device=0 type=F64 columns=1 rows=100000 hits_%=100]
Pass: Cold: 0.037883ms GPU, 0.041623ms CPU, 0.50s total GPU, 1.02s total wall, 13200x 
Run:  [155/856] apply_boolean_mask [Device=0 type=F64 columns=4 rows=100000 hits_%=100]
Pass: Cold: 0.110150ms GPU, 0.113931ms CPU, 0.50s total GPU, 0.65s total wall, 4544x 
Run:  [156/856] apply_boolean_mask [Device=0 type=F64 columns=9 rows=100000 hits_%=100]
Pass: Cold: 0.200622ms GPU, 0.204335ms CPU, 0.50s total GPU, 0.58s total wall, 2496x 
Run:  [157/856] apply_boolean_mask [Device=0 type=F64 columns=1 rows=1000000 hits_%=100]
Pass: Cold: 0.119997ms GPU, 0.123751ms CPU, 0.50s total GPU, 0.64s total wall, 4176x 
Run:  [158/856] apply_boolean_mask [Device=0 type=F64 columns=4 rows=1000000 hits_%=100]
Pass: Cold: 0.573729ms GPU, 0.577530ms CPU, 1.00s total GPU, 1.06s total wall, 1744x 
Run:  [159/856] apply_boolean_mask [Device=0 type=F64 columns=9 rows=1000000 hits_%=100]
Pass: Cold: 1.170062ms GPU, 1.173812ms CPU, 0.50s total GPU, 0.51s total wall, 428x 
Run:  [160/856] apply_boolean_mask [Device=0 type=F64 columns=1 rows=10000000 hits_%=100]
Pass: Cold: 0.948438ms GPU, 0.952343ms CPU, 0.98s total GPU, 1.02s total wall, 1038x 
Run:  [161/856] apply_boolean_mask [Device=0 type=F64 columns=4 rows=10000000 hits_%=100]
Pass: Cold: 5.096061ms GPU, 5.100042ms CPU, 0.50s total GPU, 0.51s total wall, 99x 
Run:  [162/856] apply_boolean_mask [Device=0 type=F64 columns=9 rows=10000000 hits_%=100]
Pass: Cold: 10.616023ms GPU, 10.619962ms CPU, 0.51s total GPU, 0.51s total wall, 48x 
Run:  [163/856] apply_boolean_mask [Device=0 type=cudf::string_view columns=1 rows=100000 hits_%=10]
Pass: Cold: 0.082316ms GPU, 0.086079ms CPU, 0.50s total GPU, 0.71s total wall, 6080x 
Run:  [164/856] apply_boolean_mask [Device=0 type=cudf::string_view columns=4 rows=100000 hits_%=10]
Pass: Cold: 0.250795ms GPU, 0.254514ms CPU, 0.50s total GPU, 0.56s total wall, 2000x 
Run:  [165/856] apply_boolean_mask [Device=0 type=cudf::string_view columns=9 rows=100000 hits_%=10]
Pass: Cold: 0.541969ms GPU, 0.545609ms CPU, 0.55s total GPU, 0.58s total wall, 1024x 
Run:  [166/856] apply_boolean_mask [Device=0 type=cudf::string_view columns=1 rows=1000000 hits_%=10]
Pass: Cold: 0.152258ms GPU, 0.156088ms CPU, 0.50s total GPU, 0.59s total wall, 3296x 
Run:  [167/856] apply_boolean_mask [Device=0 type=cudf::string_view columns=4 rows=1000000 hits_%=10]
Pass: Cold: 0.498200ms GPU, 0.502102ms CPU, 0.50s total GPU, 0.53s total wall, 1008x 
Run:  [168/856] apply_boolean_mask [Device=0 type=cudf::string_view columns=9 rows=1000000 hits_%=10]
Pass: Cold: 1.088228ms GPU, 1.092018ms CPU, 0.59s total GPU, 0.61s total wall, 544x 
Run:  [169/856] apply_boolean_mask [Device=0 type=cudf::string_view columns=1 rows=10000000 hits_%=10]
Pass: Cold: 0.964073ms GPU, 0.968663ms CPU, 2.19s total GPU, 2.25s total wall, 2272x 
Run:  [170/856] apply_boolean_mask [Device=0 type=cudf::string_view columns=4 rows=10000000 hits_%=10]
Pass: Cold: 3.471432ms GPU, 3.475763ms CPU, 5.33s total GPU, 5.37s total wall, 1536x 
Run:  [171/856] apply_boolean_mask [Device=0 type=cudf::string_view columns=9 rows=10000000 hits_%=10]
Pass: Cold: 7.687888ms GPU, 7.692214ms CPU, 7.50s total GPU, 7.53s total wall, 976x 
Run:  [172/856] apply_boolean_mask [Device=0 type=cudf::string_view columns=1 rows=100000 hits_%=20]
Pass: Cold: 0.086646ms GPU, 0.090422ms CPU, 0.50s total GPU, 0.70s total wall, 5776x 
Run:  [173/856] apply_boolean_mask [Device=0 type=cudf::string_view columns=4 rows=100000 hits_%=20]
Pass: Cold: 0.269926ms GPU, 0.273679ms CPU, 0.50s total GPU, 0.55s total wall, 1856x 
Run:  [174/856] apply_boolean_mask [Device=0 type=cudf::string_view columns=9 rows=100000 hits_%=20]
Pass: Cold: 0.581882ms GPU, 0.585543ms CPU, 1.22s total GPU, 1.28s total wall, 2096x 
Run:  [175/856] apply_boolean_mask [Device=0 type=cudf::string_view columns=1 rows=1000000 hits_%=20]
Pass: Cold: 0.219842ms GPU, 0.223711ms CPU, 0.50s total GPU, 0.56s total wall, 2288x 
Run:  [176/856] apply_boolean_mask [Device=0 type=cudf::string_view columns=4 rows=1000000 hits_%=20]
Pass: Cold: 0.793503ms GPU, 0.797501ms CPU, 1.29s total GPU, 1.34s total wall, 1632x 
Run:  [177/856] apply_boolean_mask [Device=0 type=cudf::string_view columns=9 rows=1000000 hits_%=20]
Pass: Cold: 1.744981ms GPU, 1.748982ms CPU, 2.99s total GPU, 3.03s total wall, 1712x 
Run:  [178/856] apply_boolean_mask [Device=0 type=cudf::string_view columns=1 rows=10000000 hits_%=20]
Pass: Cold: 1.715377ms GPU, 1.719758ms CPU, 2.11s total GPU, 2.15s total wall, 1232x 
Run:  [179/856] apply_boolean_mask [Device=0 type=cudf::string_view columns=4 rows=10000000 hits_%=20]
Pass: Cold: 6.492288ms GPU, 6.496683ms CPU, 5.61s total GPU, 5.63s total wall, 864x 
Run:  [180/856] apply_boolean_mask [Device=0 type=cudf::string_view columns=9 rows=10000000 hits_%=20]
Pass: Cold: 14.491983ms GPU, 14.496365ms CPU, 12.29s total GPU, 12.31s total wall, 848x 
Run:  [181/856] apply_boolean_mask [Device=0 type=cudf::string_view columns=1 rows=100000 hits_%=50]
Pass: Cold: 0.101961ms GPU, 0.105815ms CPU, 0.50s total GPU, 0.67s total wall, 4912x 
Run:  [182/856] apply_boolean_mask [Device=0 type=cudf::string_view columns=4 rows=100000 hits_%=50]
Pass: Cold: 0.328035ms GPU, 0.331834ms CPU, 0.50s total GPU, 0.55s total wall, 1536x 
Run:  [183/856] apply_boolean_mask [Device=0 type=cudf::string_view columns=9 rows=100000 hits_%=50]
Pass: Cold: 0.709986ms GPU, 0.713790ms CPU, 1.78s total GPU, 1.86s total wall, 2512x 
Run:  [184/856] apply_boolean_mask [Device=0 type=cudf::string_view columns=1 rows=1000000 hits_%=50]
Pass: Cold: 0.425117ms GPU, 0.429190ms CPU, 0.85s total GPU, 0.91s total wall, 2000x 
Run:  [185/856] apply_boolean_mask [Device=0 type=cudf::string_view columns=4 rows=1000000 hits_%=50]
Pass: Cold: 1.630190ms GPU, 1.634418ms CPU, 2.11s total GPU, 2.15s total wall, 1296x 
Run:  [186/856] apply_boolean_mask [Device=0 type=cudf::string_view columns=9 rows=1000000 hits_%=50]
Pass: Cold: 3.608011ms GPU, 3.612173ms CPU, 5.48s total GPU, 5.53s total wall, 1520x 
Run:  [187/856] apply_boolean_mask [Device=0 type=cudf::string_view columns=1 rows=10000000 hits_%=50]
Pass: Cold: 3.885494ms GPU, 3.890033ms CPU, 5.47s total GPU, 5.51s total wall, 1408x 
Run:  [188/856] apply_boolean_mask [Device=0 type=cudf::string_view columns=4 rows=10000000 hits_%=50]
Warn: Current measurement timed out (15.01s) while over noise threshold (0.87% > 0.50%)
Pass: Cold: 15.012320ms GPU, 15.016859ms CPU, 14.98s total GPU, 15.01s total wall, 998x 
Run:  [189/856] apply_boolean_mask [Device=0 type=cudf::string_view columns=9 rows=10000000 hits_%=50]
Warn: Current measurement timed out (15.03s) while over noise threshold (0.54% > 0.50%)
Pass: Cold: 33.594276ms GPU, 33.598757ms CPU, 15.02s total GPU, 15.03s total wall, 447x 
Run:  [190/856] apply_boolean_mask [Device=0 type=cudf::string_view columns=1 rows=100000 hits_%=80]
Pass: Cold: 0.115321ms GPU, 0.119150ms CPU, 0.50s total GPU, 0.64s total wall, 4336x 
Run:  [191/856] apply_boolean_mask [Device=0 type=cudf::string_view columns=4 rows=100000 hits_%=80]
Pass: Cold: 0.379325ms GPU, 0.383085ms CPU, 0.50s total GPU, 0.55s total wall, 1328x 
Run:  [192/856] apply_boolean_mask [Device=0 type=cudf::string_view columns=9 rows=100000 hits_%=80]
Pass: Cold: 0.826193ms GPU, 0.829988ms CPU, 1.97s total GPU, 2.05s total wall, 2384x 
Run:  [193/856] apply_boolean_mask [Device=0 type=cudf::string_view columns=1 rows=1000000 hits_%=80]
Pass: Cold: 0.631175ms GPU, 0.635344ms CPU, 1.56s total GPU, 1.63s total wall, 2464x 
Run:  [194/856] apply_boolean_mask [Device=0 type=cudf::string_view columns=4 rows=1000000 hits_%=80]
Pass: Cold: 2.432650ms GPU, 2.436849ms CPU, 3.07s total GPU, 3.11s total wall, 1264x 
Run:  [195/856] apply_boolean_mask [Device=0 type=cudf::string_view columns=9 rows=1000000 hits_%=80]
Pass: Cold: 5.412863ms GPU, 5.417175ms CPU, 5.72s total GPU, 5.75s total wall, 1056x 
Run:  [196/856] apply_boolean_mask [Device=0 type=cudf::string_view columns=1 rows=10000000 hits_%=80]
Pass: Cold: 5.954489ms GPU, 5.959155ms CPU, 7.53s total GPU, 7.57s total wall, 1264x 
Run:  [197/856] apply_boolean_mask [Device=0 type=cudf::string_view columns=4 rows=10000000 hits_%=80]
Warn: Current measurement timed out (15.00s) while over noise threshold (0.95% > 0.50%)
Pass: Cold: 23.152084ms GPU, 23.156554ms CPU, 14.98s total GPU, 15.00s total wall, 647x 
Run:  [198/856] apply_boolean_mask [Device=0 type=cudf::string_view columns=9 rows=10000000 hits_%=80]
Warn: Current measurement timed out (15.03s) while over noise threshold (0.54% > 0.50%)
Pass: Cold: 51.803196ms GPU, 51.807606ms CPU, 15.02s total GPU, 15.03s total wall, 290x 
Run:  [199/856] apply_boolean_mask [Device=0 type=cudf::string_view columns=1 rows=100000 hits_%=90]
Pass: Cold: 0.119741ms GPU, 0.123542ms CPU, 0.50s total GPU, 0.64s total wall, 4176x 
Run:  [200/856] apply_boolean_mask [Device=0 type=cudf::string_view columns=4 rows=100000 hits_%=90]
Pass: Cold: 0.400048ms GPU, 0.403784ms CPU, 0.78s total GPU, 0.84s total wall, 1952x 
Run:  [201/856] apply_boolean_mask [Device=0 type=cudf::string_view columns=9 rows=100000 hits_%=90]
Pass: Cold: 0.876476ms GPU, 0.880348ms CPU, 2.55s total GPU, 2.65s total wall, 2912x 
Run:  [202/856] apply_boolean_mask [Device=0 type=cudf::string_view columns=1 rows=1000000 hits_%=90]
Pass: Cold: 0.702221ms GPU, 0.706437ms CPU, 1.88s total GPU, 1.96s total wall, 2672x 
Run:  [203/856] apply_boolean_mask [Device=0 type=cudf::string_view columns=4 rows=1000000 hits_%=90]
Pass: Cold: 2.694443ms GPU, 2.698770ms CPU, 2.80s total GPU, 2.83s total wall, 1040x 
Run:  [204/856] apply_boolean_mask [Device=0 type=cudf::string_view columns=9 rows=1000000 hits_%=90]
Pass: Cold: 6.022672ms GPU, 6.027117ms CPU, 4.43s total GPU, 4.46s total wall, 736x 
Run:  [205/856] apply_boolean_mask [Device=0 type=cudf::string_view columns=1 rows=10000000 hits_%=90]
Pass: Cold: 6.642665ms GPU, 6.647392ms CPU, 7.33s total GPU, 7.37s total wall, 1104x 
Run:  [206/856] apply_boolean_mask [Device=0 type=cudf::string_view columns=4 rows=10000000 hits_%=90]
Warn: Current measurement timed out (15.01s) while over noise threshold (0.75% > 0.50%)
Pass: Cold: 25.795507ms GPU, 25.800154ms CPU, 14.99s total GPU, 15.01s total wall, 581x 
Run:  [207/856] apply_boolean_mask [Device=0 type=cudf::string_view columns=9 rows=10000000 hits_%=90]
Pass: Cold: 57.769818ms GPU, 57.774424ms CPU, 3.87s total GPU, 3.87s total wall, 67x 
Run:  [208/856] apply_boolean_mask [Device=0 type=cudf::string_view columns=1 rows=100000 hits_%=100]
Pass: Cold: 0.057395ms GPU, 0.061145ms CPU, 0.50s total GPU, 0.82s total wall, 8720x 
Run:  [209/856] apply_boolean_mask [Device=0 type=cudf::string_view columns=4 rows=100000 hits_%=100]
Pass: Cold: 0.138881ms GPU, 0.142588ms CPU, 0.50s total GPU, 0.62s total wall, 3616x 
Run:  [210/856] apply_boolean_mask [Device=0 type=cudf::string_view columns=9 rows=100000 hits_%=100]
Pass: Cold: 0.280714ms GPU, 0.284354ms CPU, 0.50s total GPU, 0.56s total wall, 1792x 
Run:  [211/856] apply_boolean_mask [Device=0 type=cudf::string_view columns=1 rows=1000000 hits_%=100]
Pass: Cold: 0.189146ms GPU, 0.193043ms CPU, 0.50s total GPU, 0.59s total wall, 2656x 
Run:  [212/856] apply_boolean_mask [Device=0 type=cudf::string_view columns=4 rows=1000000 hits_%=100]
Pass: Cold: 0.605782ms GPU, 0.609562ms CPU, 0.50s total GPU, 0.53s total wall, 832x 
Run:  [213/856] apply_boolean_mask [Device=0 type=cudf::string_view columns=9 rows=1000000 hits_%=100]
Pass: Cold: 1.303123ms GPU, 1.306919ms CPU, 2.38s total GPU, 2.44s total wall, 1824x 
Run:  [214/856] apply_boolean_mask [Device=0 type=cudf::string_view columns=1 rows=10000000 hits_%=100]
Pass: Cold: 1.478007ms GPU, 1.481917ms CPU, 0.50s total GPU, 0.51s total wall, 339x 
Run:  [215/856] apply_boolean_mask [Device=0 type=cudf::string_view columns=4 rows=10000000 hits_%=100]
Pass: Cold: 5.129271ms GPU, 5.133199ms CPU, 0.50s total GPU, 0.51s total wall, 98x 
Run:  [216/856] apply_boolean_mask [Device=0 type=cudf::string_view columns=9 rows=10000000 hits_%=100]
Pass: Cold: 11.211389ms GPU, 11.215484ms CPU, 0.50s total GPU, 0.51s total wall, 45x 
Run:  [217/856] distinct [Device=0 Type=I32 null_probability=0.01 keep=any cardinality=100 NumRows=100]
Pass: Cold: 0.102518ms GPU, 0.106642ms CPU, 0.50s total GPU, 0.67s total wall, 4880x 
Run:  [218/856] distinct [Device=0 Type=I32 null_probability=0.01 keep=first cardinality=100 NumRows=100]
Pass: Cold: 0.106617ms GPU, 0.110689ms CPU, 0.50s total GPU, 0.66s total wall, 4704x 
Run:  [219/856] distinct [Device=0 Type=I32 null_probability=0.01 keep=last cardinality=100 NumRows=100]
Pass: Cold: 0.106448ms GPU, 0.110542ms CPU, 0.50s total GPU, 0.66s total wall, 4704x 
Run:  [220/856] distinct [Device=0 Type=I32 null_probability=0.01 keep=none cardinality=100 NumRows=100]
Pass: Cold: 0.107380ms GPU, 0.111496ms CPU, 0.50s total GPU, 0.66s total wall, 4672x 
Run:  [221/856] distinct [Device=0 Type=I32 null_probability=0.01 keep=any cardinality=100000 NumRows=100]
Skip: cardinality > num_rows
Run:  [222/856] distinct [Device=0 Type=I32 null_probability=0.01 keep=first cardinality=100000 NumRows=100]
Skip: cardinality > num_rows
Run:  [223/856] distinct [Device=0 Type=I32 null_probability=0.01 keep=last cardinality=100000 NumRows=100]
Skip: cardinality > num_rows
Run:  [224/856] distinct [Device=0 Type=I32 null_probability=0.01 keep=none cardinality=100000 NumRows=100]
Skip: cardinality > num_rows
Run:  [225/856] distinct [Device=0 Type=I32 null_probability=0.01 keep=any cardinality=10000000 NumRows=100]
Skip: cardinality > num_rows
Run:  [226/856] distinct [Device=0 Type=I32 null_probability=0.01 keep=first cardinality=10000000 NumRows=100]
Skip: cardinality > num_rows
Run:  [227/856] distinct [Device=0 Type=I32 null_probability=0.01 keep=last cardinality=10000000 NumRows=100]
Skip: cardinality > num_rows
Run:  [228/856] distinct [Device=0 Type=I32 null_probability=0.01 keep=none cardinality=10000000 NumRows=100]
Skip: cardinality > num_rows
Run:  [229/856] distinct [Device=0 Type=I32 null_probability=0.01 keep=any cardinality=1000000000 NumRows=100]
Skip: cardinality > num_rows
Run:  [230/856] distinct [Device=0 Type=I32 null_probability=0.01 keep=first cardinality=1000000000 NumRows=100]
Skip: cardinality > num_rows
Run:  [231/856] distinct [Device=0 Type=I32 null_probability=0.01 keep=last cardinality=1000000000 NumRows=100]
Skip: cardinality > num_rows
Run:  [232/856] distinct [Device=0 Type=I32 null_probability=0.01 keep=none cardinality=1000000000 NumRows=100]
Skip: cardinality > num_rows
Run:  [233/856] distinct [Device=0 Type=I32 null_probability=0.01 keep=any cardinality=100 NumRows=100000]
Pass: Cold: 0.112052ms GPU, 0.116167ms CPU, 0.50s total GPU, 0.65s total wall, 4464x 
Run:  [234/856] distinct [Device=0 Type=I32 null_probability=0.01 keep=first cardinality=100 NumRows=100000]
Pass: Cold: 0.123718ms GPU, 0.127789ms CPU, 0.50s total GPU, 0.64s total wall, 4048x 
Run:  [235/856] distinct [Device=0 Type=I32 null_probability=0.01 keep=last cardinality=100 NumRows=100000]
Pass: Cold: 0.126718ms GPU, 0.130824ms CPU, 0.53s total GPU, 0.67s total wall, 4144x 
Run:  [236/856] distinct [Device=0 Type=I32 null_probability=0.01 keep=none cardinality=100 NumRows=100000]
Pass: Cold: 0.097333ms GPU, 0.101466ms CPU, 0.50s total GPU, 0.68s total wall, 5152x 
Run:  [237/856] distinct [Device=0 Type=I32 null_probability=0.01 keep=any cardinality=100000 NumRows=100000]
Pass: Cold: 0.123835ms GPU, 0.127951ms CPU, 0.50s total GPU, 0.64s total wall, 4048x 
Run:  [238/856] distinct [Device=0 Type=I32 null_probability=0.01 keep=first cardinality=100000 NumRows=100000]
Pass: Cold: 0.134602ms GPU, 0.138716ms CPU, 0.50s total GPU, 0.63s total wall, 3728x 
Run:  [239/856] distinct [Device=0 Type=I32 null_probability=0.01 keep=last cardinality=100000 NumRows=100000]
Pass: Cold: 0.133432ms GPU, 0.137515ms CPU, 0.50s total GPU, 0.63s total wall, 3760x 
Run:  [240/856] distinct [Device=0 Type=I32 null_probability=0.01 keep=none cardinality=100000 NumRows=100000]
Pass: Cold: 0.132557ms GPU, 0.136673ms CPU, 0.50s total GPU, 0.63s total wall, 3776x 
Run:  [241/856] distinct [Device=0 Type=I32 null_probability=0.01 keep=any cardinality=10000000 NumRows=100000]
Skip: cardinality > num_rows
Run:  [242/856] distinct [Device=0 Type=I32 null_probability=0.01 keep=first cardinality=10000000 NumRows=100000]
Skip: cardinality > num_rows
Run:  [243/856] distinct [Device=0 Type=I32 null_probability=0.01 keep=last cardinality=10000000 NumRows=100000]
Skip: cardinality > num_rows
Run:  [244/856] distinct [Device=0 Type=I32 null_probability=0.01 keep=none cardinality=10000000 NumRows=100000]
Skip: cardinality > num_rows
Run:  [245/856] distinct [Device=0 Type=I32 null_probability=0.01 keep=any cardinality=1000000000 NumRows=100000]
Skip: cardinality > num_rows
Run:  [246/856] distinct [Device=0 Type=I32 null_probability=0.01 keep=first cardinality=1000000000 NumRows=100000]
Skip: cardinality > num_rows
Run:  [247/856] distinct [Device=0 Type=I32 null_probability=0.01 keep=last cardinality=1000000000 NumRows=100000]
Skip: cardinality > num_rows
Run:  [248/856] distinct [Device=0 Type=I32 null_probability=0.01 keep=none cardinality=1000000000 NumRows=100000]
Skip: cardinality > num_rows
Run:  [249/856] distinct [Device=0 Type=I32 null_probability=0.01 keep=any cardinality=100 NumRows=10000000]
Pass: Cold: 1.464457ms GPU, 1.468938ms CPU, 3.37s total GPU, 3.43s total wall, 2304x 
Run:  [250/856] distinct [Device=0 Type=I32 null_probability=0.01 keep=first cardinality=100 NumRows=10000000]
Pass: Cold: 1.982330ms GPU, 1.986803ms CPU, 1.30s total GPU, 1.32s total wall, 656x 
Run:  [251/856] distinct [Device=0 Type=I32 null_probability=0.01 keep=last cardinality=100 NumRows=10000000]
Pass: Cold: 1.988579ms GPU, 1.993029ms CPU, 1.69s total GPU, 1.71s total wall, 848x 
Run:  [252/856] distinct [Device=0 Type=I32 null_probability=0.01 keep=none cardinality=100 NumRows=10000000]
Pass: Cold: 1.959552ms GPU, 1.964027ms CPU, 1.35s total GPU, 1.36s total wall, 688x 
Run:  [253/856] distinct [Device=0 Type=I32 null_probability=0.01 keep=any cardinality=100000 NumRows=10000000]
Pass: Cold: 2.691481ms GPU, 2.695946ms CPU, 0.50s total GPU, 0.51s total wall, 186x 
Run:  [254/856] distinct [Device=0 Type=I32 null_probability=0.01 keep=first cardinality=100000 NumRows=10000000]
Pass: Cold: 4.476463ms GPU, 4.480734ms CPU, 0.50s total GPU, 0.50s total wall, 112x 
Run:  [255/856] distinct [Device=0 Type=I32 null_probability=0.01 keep=last cardinality=100000 NumRows=10000000]
Pass: Cold: 4.475553ms GPU, 4.480127ms CPU, 0.50s total GPU, 0.50s total wall, 112x 
Run:  [256/856] distinct [Device=0 Type=I32 null_probability=0.01 keep=none cardinality=100000 NumRows=10000000]
Pass: Cold: 4.365931ms GPU, 4.370268ms CPU, 0.50s total GPU, 0.50s total wall, 115x 
Run:  [257/856] distinct [Device=0 Type=I32 null_probability=0.01 keep=any cardinality=10000000 NumRows=10000000]
Pass: Cold: 7.546810ms GPU, 7.551206ms CPU, 0.51s total GPU, 0.51s total wall, 67x 
Run:  [258/856] distinct [Device=0 Type=I32 null_probability=0.01 keep=first cardinality=10000000 NumRows=10000000]
Pass: Cold: 5.586845ms GPU, 5.591199ms CPU, 0.50s total GPU, 0.51s total wall, 90x 
Run:  [259/856] distinct [Device=0 Type=I32 null_probability=0.01 keep=last cardinality=10000000 NumRows=10000000]
Pass: Cold: 5.991635ms GPU, 5.996343ms CPU, 0.50s total GPU, 0.51s total wall, 84x 
Run:  [260/856] distinct [Device=0 Type=I32 null_probability=0.01 keep=none cardinality=10000000 NumRows=10000000]
Pass: Cold: 4.735145ms GPU, 4.739567ms CPU, 0.50s total GPU, 0.50s total wall, 106x 
Run:  [261/856] distinct [Device=0 Type=I32 null_probability=0.01 keep=any cardinality=1000000000 NumRows=10000000]
Skip: cardinality > num_rows
Run:  [262/856] distinct [Device=0 Type=I32 null_probability=0.01 keep=first cardinality=1000000000 NumRows=10000000]
Skip: cardinality > num_rows
Run:  [263/856] distinct [Device=0 Type=I32 null_probability=0.01 keep=last cardinality=1000000000 NumRows=10000000]
Skip: cardinality > num_rows
Run:  [264/856] distinct [Device=0 Type=I32 null_probability=0.01 keep=none cardinality=1000000000 NumRows=10000000]
Skip: cardinality > num_rows
Run:  [265/856] distinct [Device=0 Type=I32 null_probability=0.01 keep=any cardinality=100 NumRows=1000000000]
Fail: Unexpected error: std::bad_alloc: out_of_memory: RMM failure at:/home/ubuntu/cudf/cpp/build/_deps/rmm-src/include/rmm/mr/device/pool_memory_resource.hpp:276: Maximum pool size exceeded
Run:  [266/856] distinct [Device=0 Type=I32 null_probability=0.01 keep=first cardinality=100 NumRows=1000000000]
Fail: Unexpected error: std::bad_alloc: out_of_memory: RMM failure at:/home/ubuntu/cudf/cpp/build/_deps/rmm-src/include/rmm/mr/device/pool_memory_resource.hpp:276: Maximum pool size exceeded
Run:  [267/856] distinct [Device=0 Type=I32 null_probability=0.01 keep=last cardinality=100 NumRows=1000000000]
Fail: Unexpected error: std::bad_alloc: out_of_memory: RMM failure at:/home/ubuntu/cudf/cpp/build/_deps/rmm-src/include/rmm/mr/device/pool_memory_resource.hpp:276: Maximum pool size exceeded
Run:  [268/856] distinct [Device=0 Type=I32 null_probability=0.01 keep=none cardinality=100 NumRows=1000000000]
Fail: Unexpected error: std::bad_alloc: out_of_memory: RMM failure at:/home/ubuntu/cudf/cpp/build/_deps/rmm-src/include/rmm/mr/device/pool_memory_resource.hpp:276: Maximum pool size exceeded
Run:  [269/856] distinct [Device=0 Type=I32 null_probability=0.01 keep=any cardinality=100000 NumRows=1000000000]
Fail: Unexpected error: std::bad_alloc: out_of_memory: RMM failure at:/home/ubuntu/cudf/cpp/build/_deps/rmm-src/include/rmm/mr/device/pool_memory_resource.hpp:276: Maximum pool size exceeded
Run:  [270/856] distinct [Device=0 Type=I32 null_probability=0.01 keep=first cardinality=100000 NumRows=1000000000]
Fail: Unexpected error: std::bad_alloc: out_of_memory: RMM failure at:/home/ubuntu/cudf/cpp/build/_deps/rmm-src/include/rmm/mr/device/pool_memory_resource.hpp:276: Maximum pool size exceeded
Run:  [271/856] distinct [Device=0 Type=I32 null_probability=0.01 keep=last cardinality=100000 NumRows=1000000000]
Fail: Unexpected error: std::bad_alloc: out_of_memory: RMM failure at:/home/ubuntu/cudf/cpp/build/_deps/rmm-src/include/rmm/mr/device/pool_memory_resource.hpp:276: Maximum pool size exceeded
Run:  [272/856] distinct [Device=0 Type=I32 null_probability=0.01 keep=none cardinality=100000 NumRows=1000000000]
Fail: Unexpected error: std::bad_alloc: out_of_memory: RMM failure at:/home/ubuntu/cudf/cpp/build/_deps/rmm-src/include/rmm/mr/device/pool_memory_resource.hpp:276: Maximum pool size exceeded
Run:  [273/856] distinct [Device=0 Type=I32 null_probability=0.01 keep=any cardinality=10000000 NumRows=1000000000]
Fail: Unexpected error: std::bad_alloc: out_of_memory: RMM failure at:/home/ubuntu/cudf/cpp/build/_deps/rmm-src/include/rmm/mr/device/pool_memory_resource.hpp:276: Maximum pool size exceeded
Run:  [274/856] distinct [Device=0 Type=I32 null_probability=0.01 keep=first cardinality=10000000 NumRows=1000000000]
Fail: Unexpected error: std::bad_alloc: out_of_memory: RMM failure at:/home/ubuntu/cudf/cpp/build/_deps/rmm-src/include/rmm/mr/device/pool_memory_resource.hpp:276: Maximum pool size exceeded
Run:  [275/856] distinct [Device=0 Type=I32 null_probability=0.01 keep=last cardinality=10000000 NumRows=1000000000]
Fail: Unexpected error: std::bad_alloc: out_of_memory: RMM failure at:/home/ubuntu/cudf/cpp/build/_deps/rmm-src/include/rmm/mr/device/pool_memory_resource.hpp:276: Maximum pool size exceeded
Run:  [276/856] distinct [Device=0 Type=I32 null_probability=0.01 keep=none cardinality=10000000 NumRows=1000000000]
Fail: Unexpected error: std::bad_alloc: out_of_memory: RMM failure at:/home/ubuntu/cudf/cpp/build/_deps/rmm-src/include/rmm/mr/device/pool_memory_resource.hpp:276: Maximum pool size exceeded
Run:  [277/856] distinct [Device=0 Type=I32 null_probability=0.01 keep=any cardinality=1000000000 NumRows=1000000000]
Fail: Unexpected error: std::bad_alloc: out_of_memory: RMM failure at:/home/ubuntu/cudf/cpp/build/_deps/rmm-src/include/rmm/mr/device/pool_memory_resource.hpp:276: Maximum pool size exceeded
Run:  [278/856] distinct [Device=0 Type=I32 null_probability=0.01 keep=first cardinality=1000000000 NumRows=1000000000]
Fail: Unexpected error: std::bad_alloc: out_of_memory: RMM failure at:/home/ubuntu/cudf/cpp/build/_deps/rmm-src/include/rmm/mr/device/pool_memory_resource.hpp:276: Maximum pool size exceeded
Run:  [279/856] distinct [Device=0 Type=I32 null_probability=0.01 keep=last cardinality=1000000000 NumRows=1000000000]
Fail: Unexpected error: std::bad_alloc: out_of_memory: RMM failure at:/home/ubuntu/cudf/cpp/build/_deps/rmm-src/include/rmm/mr/device/pool_memory_resource.hpp:276: Maximum pool size exceeded
Run:  [280/856] distinct [Device=0 Type=I32 null_probability=0.01 keep=none cardinality=1000000000 NumRows=1000000000]
Fail: Unexpected error: std::bad_alloc: out_of_memory: RMM failure at:/home/ubuntu/cudf/cpp/build/_deps/rmm-src/include/rmm/mr/device/pool_memory_resource.hpp:276: Maximum pool size exceeded
Run:  [281/856] distinct [Device=0 Type=I64 null_probability=0.01 keep=any cardinality=100 NumRows=100]
Pass: Cold: 0.109049ms GPU, 0.113162ms CPU, 0.50s total GPU, 0.66s total wall, 4592x 
Run:  [282/856] distinct [Device=0 Type=I64 null_probability=0.01 keep=first cardinality=100 NumRows=100]
Pass: Cold: 0.107708ms GPU, 0.111762ms CPU, 0.50s total GPU, 0.66s total wall, 4656x 
Run:  [283/856] distinct [Device=0 Type=I64 null_probability=0.01 keep=last cardinality=100 NumRows=100]
Pass: Cold: 0.109960ms GPU, 0.113993ms CPU, 0.50s total GPU, 0.66s total wall, 4560x 
Run:  [284/856] distinct [Device=0 Type=I64 null_probability=0.01 keep=none cardinality=100 NumRows=100]
Pass: Cold: 0.108033ms GPU, 0.112101ms CPU, 0.50s total GPU, 0.66s total wall, 4640x 
Run:  [285/856] distinct [Device=0 Type=I64 null_probability=0.01 keep=any cardinality=100000 NumRows=100]
Skip: cardinality > num_rows
Run:  [286/856] distinct [Device=0 Type=I64 null_probability=0.01 keep=first cardinality=100000 NumRows=100]
Skip: cardinality > num_rows
Run:  [287/856] distinct [Device=0 Type=I64 null_probability=0.01 keep=last cardinality=100000 NumRows=100]
Skip: cardinality > num_rows
Run:  [288/856] distinct [Device=0 Type=I64 null_probability=0.01 keep=none cardinality=100000 NumRows=100]
Skip: cardinality > num_rows
Run:  [289/856] distinct [Device=0 Type=I64 null_probability=0.01 keep=any cardinality=10000000 NumRows=100]
Skip: cardinality > num_rows
Run:  [290/856] distinct [Device=0 Type=I64 null_probability=0.01 keep=first cardinality=10000000 NumRows=100]
Skip: cardinality > num_rows
Run:  [291/856] distinct [Device=0 Type=I64 null_probability=0.01 keep=last cardinality=10000000 NumRows=100]
Skip: cardinality > num_rows
Run:  [292/856] distinct [Device=0 Type=I64 null_probability=0.01 keep=none cardinality=10000000 NumRows=100]
Skip: cardinality > num_rows
Run:  [293/856] distinct [Device=0 Type=I64 null_probability=0.01 keep=any cardinality=1000000000 NumRows=100]
Skip: cardinality > num_rows
Run:  [294/856] distinct [Device=0 Type=I64 null_probability=0.01 keep=first cardinality=1000000000 NumRows=100]
Skip: cardinality > num_rows
Run:  [295/856] distinct [Device=0 Type=I64 null_probability=0.01 keep=last cardinality=1000000000 NumRows=100]
Skip: cardinality > num_rows
Run:  [296/856] distinct [Device=0 Type=I64 null_probability=0.01 keep=none cardinality=1000000000 NumRows=100]
Skip: cardinality > num_rows
Run:  [297/856] distinct [Device=0 Type=I64 null_probability=0.01 keep=any cardinality=100 NumRows=100000]
Pass: Cold: 0.115878ms GPU, 0.119983ms CPU, 0.50s total GPU, 0.65s total wall, 4320x 
Run:  [298/856] distinct [Device=0 Type=I64 null_probability=0.01 keep=first cardinality=100 NumRows=100000]
Pass: Cold: 0.128204ms GPU, 0.132293ms CPU, 0.50s total GPU, 0.63s total wall, 3904x 
Run:  [299/856] distinct [Device=0 Type=I64 null_probability=0.01 keep=last cardinality=100 NumRows=100000]
Pass: Cold: 0.127501ms GPU, 0.131589ms CPU, 0.50s total GPU, 0.64s total wall, 3936x 
Run:  [300/856] distinct [Device=0 Type=I64 null_probability=0.01 keep=none cardinality=100 NumRows=100000]
Pass: Cold: 0.100334ms GPU, 0.104423ms CPU, 0.50s total GPU, 0.67s total wall, 4992x 
Run:  [301/856] distinct [Device=0 Type=I64 null_probability=0.01 keep=any cardinality=100000 NumRows=100000]
Pass: Cold: 0.124762ms GPU, 0.128885ms CPU, 0.50s total GPU, 0.64s total wall, 4016x 
Run:  [302/856] distinct [Device=0 Type=I64 null_probability=0.01 keep=first cardinality=100000 NumRows=100000]
Pass: Cold: 0.137081ms GPU, 0.141177ms CPU, 0.50s total GPU, 0.62s total wall, 3648x 
Run:  [303/856] distinct [Device=0 Type=I64 null_probability=0.01 keep=last cardinality=100000 NumRows=100000]
Pass: Cold: 0.137166ms GPU, 0.141286ms CPU, 0.50s total GPU, 0.63s total wall, 3648x 
Run:  [304/856] distinct [Device=0 Type=I64 null_probability=0.01 keep=none cardinality=100000 NumRows=100000]
Pass: Cold: 0.136534ms GPU, 0.140627ms CPU, 0.50s total GPU, 0.63s total wall, 3664x 
Run:  [305/856] distinct [Device=0 Type=I64 null_probability=0.01 keep=any cardinality=10000000 NumRows=100000]
Skip: cardinality > num_rows
Run:  [306/856] distinct [Device=0 Type=I64 null_probability=0.01 keep=first cardinality=10000000 NumRows=100000]
Skip: cardinality > num_rows
Run:  [307/856] distinct [Device=0 Type=I64 null_probability=0.01 keep=last cardinality=10000000 NumRows=100000]
Skip: cardinality > num_rows
Run:  [308/856] distinct [Device=0 Type=I64 null_probability=0.01 keep=none cardinality=10000000 NumRows=100000]
Skip: cardinality > num_rows
Run:  [309/856] distinct [Device=0 Type=I64 null_probability=0.01 keep=any cardinality=1000000000 NumRows=100000]
Skip: cardinality > num_rows
Run:  [310/856] distinct [Device=0 Type=I64 null_probability=0.01 keep=first cardinality=1000000000 NumRows=100000]
Skip: cardinality > num_rows
Run:  [311/856] distinct [Device=0 Type=I64 null_probability=0.01 keep=last cardinality=1000000000 NumRows=100000]
Skip: cardinality > num_rows
Run:  [312/856] distinct [Device=0 Type=I64 null_probability=0.01 keep=none cardinality=1000000000 NumRows=100000]
Skip: cardinality > num_rows
Run:  [313/856] distinct [Device=0 Type=I64 null_probability=0.01 keep=any cardinality=100 NumRows=10000000]
Pass: Cold: 1.530172ms GPU, 1.534724ms CPU, 3.75s total GPU, 3.81s total wall, 2448x 
Run:  [314/856] distinct [Device=0 Type=I64 null_probability=0.01 keep=first cardinality=100 NumRows=10000000]
Pass: Cold: 2.113049ms GPU, 2.117486ms CPU, 1.32s total GPU, 1.33s total wall, 624x 
Run:  [315/856] distinct [Device=0 Type=I64 null_probability=0.01 keep=last cardinality=100 NumRows=10000000]
Pass: Cold: 2.108467ms GPU, 2.112893ms CPU, 1.11s total GPU, 1.13s total wall, 528x 
Run:  [316/856] distinct [Device=0 Type=I64 null_probability=0.01 keep=none cardinality=100 NumRows=10000000]
Pass: Cold: 2.058902ms GPU, 2.063393ms CPU, 1.12s total GPU, 1.13s total wall, 544x 
Run:  [317/856] distinct [Device=0 Type=I64 null_probability=0.01 keep=any cardinality=100000 NumRows=10000000]
Pass: Cold: 3.076998ms GPU, 3.081719ms CPU, 0.50s total GPU, 0.51s total wall, 163x 
Run:  [318/856] distinct [Device=0 Type=I64 null_probability=0.01 keep=first cardinality=100000 NumRows=10000000]
Pass: Cold: 4.871673ms GPU, 4.876014ms CPU, 0.58s total GPU, 0.59s total wall, 120x 
Run:  [319/856] distinct [Device=0 Type=I64 null_probability=0.01 keep=last cardinality=100000 NumRows=10000000]
Pass: Cold: 4.903953ms GPU, 4.908246ms CPU, 0.50s total GPU, 0.50s total wall, 102x 
Run:  [320/856] distinct [Device=0 Type=I64 null_probability=0.01 keep=none cardinality=100000 NumRows=10000000]
Pass: Cold: 4.721693ms GPU, 4.725977ms CPU, 0.50s total GPU, 0.50s total wall, 106x 
Run:  [321/856] distinct [Device=0 Type=I64 null_probability=0.01 keep=any cardinality=10000000 NumRows=10000000]
Pass: Cold: 8.090342ms GPU, 8.094739ms CPU, 0.50s total GPU, 0.50s total wall, 62x 
Run:  [322/856] distinct [Device=0 Type=I64 null_probability=0.01 keep=first cardinality=10000000 NumRows=10000000]
Pass: Cold: 6.334525ms GPU, 6.338848ms CPU, 0.50s total GPU, 0.50s total wall, 79x 
Run:  [323/856] distinct [Device=0 Type=I64 null_probability=0.01 keep=last cardinality=10000000 NumRows=10000000]
Pass: Cold: 6.746609ms GPU, 6.750848ms CPU, 0.51s total GPU, 0.51s total wall, 75x 
Run:  [324/856] distinct [Device=0 Type=I64 null_probability=0.01 keep=none cardinality=10000000 NumRows=10000000]
Pass: Cold: 4.918802ms GPU, 4.923127ms CPU, 0.50s total GPU, 0.50s total wall, 102x 
Run:  [325/856] distinct [Device=0 Type=I64 null_probability=0.01 keep=any cardinality=1000000000 NumRows=10000000]
Skip: cardinality > num_rows
Run:  [326/856] distinct [Device=0 Type=I64 null_probability=0.01 keep=first cardinality=1000000000 NumRows=10000000]
Skip: cardinality > num_rows
Run:  [327/856] distinct [Device=0 Type=I64 null_probability=0.01 keep=last cardinality=1000000000 NumRows=10000000]
Skip: cardinality > num_rows
Run:  [328/856] distinct [Device=0 Type=I64 null_probability=0.01 keep=none cardinality=1000000000 NumRows=10000000]
Skip: cardinality > num_rows
Run:  [329/856] distinct [Device=0 Type=I64 null_probability=0.01 keep=any cardinality=100 NumRows=1000000000]
Fail: Unexpected error: std::bad_alloc: out_of_memory: RMM failure at:/home/ubuntu/cudf/cpp/build/_deps/rmm-src/include/rmm/mr/device/pool_memory_resource.hpp:276: Maximum pool size exceeded
Run:  [330/856] distinct [Device=0 Type=I64 null_probability=0.01 keep=first cardinality=100 NumRows=1000000000]
Fail: Unexpected error: std::bad_alloc: out_of_memory: RMM failure at:/home/ubuntu/cudf/cpp/build/_deps/rmm-src/include/rmm/mr/device/pool_memory_resource.hpp:276: Maximum pool size exceeded
Run:  [331/856] distinct [Device=0 Type=I64 null_probability=0.01 keep=last cardinality=100 NumRows=1000000000]
Fail: Unexpected error: std::bad_alloc: out_of_memory: RMM failure at:/home/ubuntu/cudf/cpp/build/_deps/rmm-src/include/rmm/mr/device/pool_memory_resource.hpp:276: Maximum pool size exceeded
Run:  [332/856] distinct [Device=0 Type=I64 null_probability=0.01 keep=none cardinality=100 NumRows=1000000000]
Fail: Unexpected error: std::bad_alloc: out_of_memory: RMM failure at:/home/ubuntu/cudf/cpp/build/_deps/rmm-src/include/rmm/mr/device/pool_memory_resource.hpp:276: Maximum pool size exceeded
Run:  [333/856] distinct [Device=0 Type=I64 null_probability=0.01 keep=any cardinality=100000 NumRows=1000000000]
Fail: Unexpected error: std::bad_alloc: out_of_memory: RMM failure at:/home/ubuntu/cudf/cpp/build/_deps/rmm-src/include/rmm/mr/device/pool_memory_resource.hpp:276: Maximum pool size exceeded
Run:  [334/856] distinct [Device=0 Type=I64 null_probability=0.01 keep=first cardinality=100000 NumRows=1000000000]
Fail: Unexpected error: std::bad_alloc: out_of_memory: RMM failure at:/home/ubuntu/cudf/cpp/build/_deps/rmm-src/include/rmm/mr/device/pool_memory_resource.hpp:276: Maximum pool size exceeded
Run:  [335/856] distinct [Device=0 Type=I64 null_probability=0.01 keep=last cardinality=100000 NumRows=1000000000]
Fail: Unexpected error: std::bad_alloc: out_of_memory: RMM failure at:/home/ubuntu/cudf/cpp/build/_deps/rmm-src/include/rmm/mr/device/pool_memory_resource.hpp:276: Maximum pool size exceeded
Run:  [336/856] distinct [Device=0 Type=I64 null_probability=0.01 keep=none cardinality=100000 NumRows=1000000000]
Fail: Unexpected error: std::bad_alloc: out_of_memory: RMM failure at:/home/ubuntu/cudf/cpp/build/_deps/rmm-src/include/rmm/mr/device/pool_memory_resource.hpp:276: Maximum pool size exceeded
Run:  [337/856] distinct [Device=0 Type=I64 null_probability=0.01 keep=any cardinality=10000000 NumRows=1000000000]
Fail: Unexpected error: std::bad_alloc: out_of_memory: RMM failure at:/home/ubuntu/cudf/cpp/build/_deps/rmm-src/include/rmm/mr/device/pool_memory_resource.hpp:276: Maximum pool size exceeded
Run:  [338/856] distinct [Device=0 Type=I64 null_probability=0.01 keep=first cardinality=10000000 NumRows=1000000000]
Fail: Unexpected error: std::bad_alloc: out_of_memory: RMM failure at:/home/ubuntu/cudf/cpp/build/_deps/rmm-src/include/rmm/mr/device/pool_memory_resource.hpp:276: Maximum pool size exceeded
Run:  [339/856] distinct [Device=0 Type=I64 null_probability=0.01 keep=last cardinality=10000000 NumRows=1000000000]
Fail: Unexpected error: std::bad_alloc: out_of_memory: RMM failure at:/home/ubuntu/cudf/cpp/build/_deps/rmm-src/include/rmm/mr/device/pool_memory_resource.hpp:276: Maximum pool size exceeded
Run:  [340/856] distinct [Device=0 Type=I64 null_probability=0.01 keep=none cardinality=10000000 NumRows=1000000000]
Fail: Unexpected error: std::bad_alloc: out_of_memory: RMM failure at:/home/ubuntu/cudf/cpp/build/_deps/rmm-src/include/rmm/mr/device/pool_memory_resource.hpp:276: Maximum pool size exceeded
Run:  [341/856] distinct [Device=0 Type=I64 null_probability=0.01 keep=any cardinality=1000000000 NumRows=1000000000]
Fail: Unexpected error: std::bad_alloc: out_of_memory: RMM failure at:/home/ubuntu/cudf/cpp/build/_deps/rmm-src/include/rmm/mr/device/pool_memory_resource.hpp:276: Maximum pool size exceeded
Run:  [342/856] distinct [Device=0 Type=I64 null_probability=0.01 keep=first cardinality=1000000000 NumRows=1000000000]
Fail: Unexpected error: std::bad_alloc: out_of_memory: RMM failure at:/home/ubuntu/cudf/cpp/build/_deps/rmm-src/include/rmm/mr/device/pool_memory_resource.hpp:276: Maximum pool size exceeded
Run:  [343/856] distinct [Device=0 Type=I64 null_probability=0.01 keep=last cardinality=1000000000 NumRows=1000000000]
Fail: Unexpected error: std::bad_alloc: out_of_memory: RMM failure at:/home/ubuntu/cudf/cpp/build/_deps/rmm-src/include/rmm/mr/device/pool_memory_resource.hpp:276: Maximum pool size exceeded
Run:  [344/856] distinct [Device=0 Type=I64 null_probability=0.01 keep=none cardinality=1000000000 NumRows=1000000000]
Fail: Unexpected error: std::bad_alloc: out_of_memory: RMM failure at:/home/ubuntu/cudf/cpp/build/_deps/rmm-src/include/rmm/mr/device/pool_memory_resource.hpp:276: Maximum pool size exceeded
Run:  [345/856] distinct_list [Device=0 Type=I32 keep=any null_probability=0 ColumnSize=100000000]
Pass: Cold: 3.168860ms GPU, 3.173399ms CPU, 0.82s total GPU, 0.83s total wall, 259x 
Run:  [346/856] distinct_list [Device=0 Type=I32 keep=first null_probability=0 ColumnSize=100000000]
Pass: Cold: 4.218033ms GPU, 4.222579ms CPU, 2.63s total GPU, 2.65s total wall, 624x 
Run:  [347/856] distinct_list [Device=0 Type=I32 keep=last null_probability=0 ColumnSize=100000000]
Pass: Cold: 4.206356ms GPU, 4.210853ms CPU, 2.56s total GPU, 2.57s total wall, 608x 
Run:  [348/856] distinct_list [Device=0 Type=I32 keep=none null_probability=0 ColumnSize=100000000]
Pass: Cold: 4.148479ms GPU, 4.153055ms CPU, 2.66s total GPU, 2.67s total wall, 640x 
Run:  [349/856] distinct_list [Device=0 Type=I32 keep=any null_probability=0.1 ColumnSize=100000000]
Pass: Cold: 3.602569ms GPU, 3.607162ms CPU, 3.11s total GPU, 3.13s total wall, 864x 
Run:  [350/856] distinct_list [Device=0 Type=I32 keep=first null_probability=0.1 ColumnSize=100000000]
Pass: Cold: 5.544585ms GPU, 5.548970ms CPU, 2.93s total GPU, 2.94s total wall, 528x 
Run:  [351/856] distinct_list [Device=0 Type=I32 keep=last null_probability=0.1 ColumnSize=100000000]
Pass: Cold: 5.550962ms GPU, 5.555269ms CPU, 3.02s total GPU, 3.03s total wall, 544x 
Run:  [352/856] distinct_list [Device=0 Type=I32 keep=none null_probability=0.1 ColumnSize=100000000]
Pass: Cold: 5.469047ms GPU, 5.473356ms CPU, 2.89s total GPU, 2.90s total wall, 528x 
Run:  [353/856] distinct_list [Device=0 Type=cudf::list_view keep=any null_probability=0 ColumnSize=100000000]
Pass: Cold: 4.144624ms GPU, 4.149478ms CPU, 6.57s total GPU, 6.61s total wall, 1584x 
Run:  [354/856] distinct_list [Device=0 Type=cudf::list_view keep=first null_probability=0 ColumnSize=100000000]
Pass: Cold: 3.852797ms GPU, 3.857211ms CPU, 3.14s total GPU, 3.16s total wall, 816x 
Run:  [355/856] distinct_list [Device=0 Type=cudf::list_view keep=last null_probability=0 ColumnSize=100000000]
Pass: Cold: 3.853916ms GPU, 3.858325ms CPU, 2.03s total GPU, 2.05s total wall, 528x 
Run:  [356/856] distinct_list [Device=0 Type=cudf::list_view keep=none null_probability=0 ColumnSize=100000000]
Pass: Cold: 3.829757ms GPU, 3.834212ms CPU, 2.14s total GPU, 2.16s total wall, 560x 
Run:  [357/856] distinct_list [Device=0 Type=cudf::list_view keep=any null_probability=0.1 ColumnSize=100000000]
Pass: Cold: 4.673560ms GPU, 4.678379ms CPU, 5.53s total GPU, 5.56s total wall, 1184x 
Run:  [358/856] distinct_list [Device=0 Type=cudf::list_view keep=first null_probability=0.1 ColumnSize=100000000]
Pass: Cold: 4.448564ms GPU, 4.453036ms CPU, 3.99s total GPU, 4.01s total wall, 896x 
Run:  [359/856] distinct_list [Device=0 Type=cudf::list_view keep=last null_probability=0.1 ColumnSize=100000000]
Pass: Cold: 4.471486ms GPU, 4.475955ms CPU, 2.43s total GPU, 2.45s total wall, 544x 
Run:  [360/856] distinct_list [Device=0 Type=cudf::list_view keep=none null_probability=0.1 ColumnSize=100000000]
Pass: Cold: 4.446038ms GPU, 4.450480ms CPU, 3.27s total GPU, 3.29s total wall, 736x 
Run:  [361/856] distinct_count [Device=0 T=I32 num_rows=10000 null_probability=0]
Pass: Cold: 0.037416ms GPU, 0.041467ms CPU, 0.50s total GPU, 1.04s total wall, 13376x 
Run:  [362/856] distinct_count [Device=0 T=I32 num_rows=100000 null_probability=0]
Pass: Cold: 0.053657ms GPU, 0.057671ms CPU, 0.50s total GPU, 0.85s total wall, 9328x 
Run:  [363/856] distinct_count [Device=0 T=I32 num_rows=1000000 null_probability=0]
Pass: Cold: 0.237207ms GPU, 0.241625ms CPU, 0.63s total GPU, 0.71s total wall, 2640x 
Run:  [364/856] distinct_count [Device=0 T=I32 num_rows=10000000 null_probability=0]
Pass: Cold: 2.145606ms GPU, 2.150194ms CPU, 3.40s total GPU, 3.45s total wall, 1584x 
Run:  [365/856] distinct_count [Device=0 T=I32 num_rows=100000000 null_probability=0]
Pass: Cold: 21.324892ms GPU, 21.329379ms CPU, 12.28s total GPU, 12.30s total wall, 576x 
Run:  [366/856] distinct_count [Device=0 T=I32 num_rows=10000 null_probability=0.5]
Pass: Cold: 0.061041ms GPU, 0.065135ms CPU, 0.50s total GPU, 0.80s total wall, 8192x 
Run:  [367/856] distinct_count [Device=0 T=I32 num_rows=100000 null_probability=0.5]
Pass: Cold: 0.080463ms GPU, 0.084520ms CPU, 0.50s total GPU, 0.72s total wall, 6224x 
Run:  [368/856] distinct_count [Device=0 T=I32 num_rows=1000000 null_probability=0.5]
Pass: Cold: 0.282076ms GPU, 0.286415ms CPU, 0.60s total GPU, 0.66s total wall, 2128x 
Run:  [369/856] distinct_count [Device=0 T=I32 num_rows=10000000 null_probability=0.5]
Pass: Cold: 2.396759ms GPU, 2.401335ms CPU, 2.26s total GPU, 2.29s total wall, 944x 
Run:  [370/856] distinct_count [Device=0 T=I32 num_rows=100000000 null_probability=0.5]
Pass: Cold: 23.779253ms GPU, 23.783782ms CPU, 13.32s total GPU, 13.34s total wall, 560x 
Run:  [371/856] distinct_count [Device=0 T=I64 num_rows=10000 null_probability=0]
Pass: Cold: 0.037519ms GPU, 0.041616ms CPU, 0.50s total GPU, 1.04s total wall, 13328x 
Run:  [372/856] distinct_count [Device=0 T=I64 num_rows=100000 null_probability=0]
Pass: Cold: 0.055784ms GPU, 0.059863ms CPU, 0.50s total GPU, 0.84s total wall, 8976x 
Run:  [373/856] distinct_count [Device=0 T=I64 num_rows=1000000 null_probability=0]
Pass: Cold: 0.251047ms GPU, 0.255460ms CPU, 0.65s total GPU, 0.74s total wall, 2608x 
Run:  [374/856] distinct_count [Device=0 T=I64 num_rows=10000000 null_probability=0]
Pass: Cold: 2.314467ms GPU, 2.319111ms CPU, 3.96s total GPU, 4.02s total wall, 1712x 
Run:  [375/856] distinct_count [Device=0 T=I64 num_rows=100000000 null_probability=0]
Pass: Cold: 22.979672ms GPU, 22.984179ms CPU, 13.97s total GPU, 13.99s total wall, 608x 
Run:  [376/856] distinct_count [Device=0 T=I64 num_rows=10000 null_probability=0.5]
Pass: Cold: 0.060614ms GPU, 0.064692ms CPU, 0.50s total GPU, 0.80s total wall, 8256x 
Run:  [377/856] distinct_count [Device=0 T=I64 num_rows=100000 null_probability=0.5]
Pass: Cold: 0.080910ms GPU, 0.084953ms CPU, 0.50s total GPU, 0.72s total wall, 6192x 
Run:  [378/856] distinct_count [Device=0 T=I64 num_rows=1000000 null_probability=0.5]
Pass: Cold: 0.292969ms GPU, 0.297298ms CPU, 0.67s total GPU, 0.73s total wall, 2272x 
Run:  [379/856] distinct_count [Device=0 T=I64 num_rows=10000000 null_probability=0.5]
Pass: Cold: 2.537912ms GPU, 2.542497ms CPU, 3.61s total GPU, 3.66s total wall, 1424x 
Run:  [380/856] distinct_count [Device=0 T=I64 num_rows=100000000 null_probability=0.5]
Pass: Cold: 25.004389ms GPU, 25.008910ms CPU, 14.00s total GPU, 14.02s total wall, 560x 
Run:  [381/856] distinct_count [Device=0 T=F32 num_rows=10000 null_probability=0]
Pass: Cold: 0.038305ms GPU, 0.042430ms CPU, 0.50s total GPU, 1.02s total wall, 13056x 
Run:  [382/856] distinct_count [Device=0 T=F32 num_rows=100000 null_probability=0]
Pass: Cold: 0.053600ms GPU, 0.057679ms CPU, 0.50s total GPU, 0.85s total wall, 9344x 
Run:  [383/856] distinct_count [Device=0 T=F32 num_rows=1000000 null_probability=0]
Pass: Cold: 0.240225ms GPU, 0.244644ms CPU, 0.58s total GPU, 0.66s total wall, 2432x 
Run:  [384/856] distinct_count [Device=0 T=F32 num_rows=10000000 null_probability=0]
Pass: Cold: 2.185070ms GPU, 2.189724ms CPU, 2.10s total GPU, 2.13s total wall, 960x 
Run:  [385/856] distinct_count [Device=0 T=F32 num_rows=100000000 null_probability=0]
Pass: Cold: 21.640899ms GPU, 21.645485ms CPU, 13.85s total GPU, 13.87s total wall, 640x 
Run:  [386/856] distinct_count [Device=0 T=F32 num_rows=10000 null_probability=0.5]
Pass: Cold: 0.060804ms GPU, 0.064874ms CPU, 0.50s total GPU, 0.80s total wall, 8240x 
Run:  [387/856] distinct_count [Device=0 T=F32 num_rows=100000 null_probability=0.5]
Pass: Cold: 0.080997ms GPU, 0.085085ms CPU, 0.50s total GPU, 0.72s total wall, 6176x 
Run:  [388/856] distinct_count [Device=0 T=F32 num_rows=1000000 null_probability=0.5]
Pass: Cold: 0.285374ms GPU, 0.289743ms CPU, 0.74s total GPU, 0.82s total wall, 2592x 
Run:  [389/856] distinct_count [Device=0 T=F32 num_rows=10000000 null_probability=0.5]
Pass: Cold: 2.454395ms GPU, 2.458934ms CPU, 2.36s total GPU, 2.39s total wall, 960x 
Run:  [390/856] distinct_count [Device=0 T=F32 num_rows=100000000 null_probability=0.5]
Warn: Current measurement timed out (15.00s) while over noise threshold (0.60% > 0.50%)
Pass: Cold: 24.242119ms GPU, 24.246617ms CPU, 14.98s total GPU, 15.00s total wall, 618x 
Run:  [391/856] distinct_count [Device=0 T=F64 num_rows=10000 null_probability=0]
Pass: Cold: 0.044016ms GPU, 0.048139ms CPU, 0.50s total GPU, 0.94s total wall, 11360x 
Run:  [392/856] distinct_count [Device=0 T=F64 num_rows=100000 null_probability=0]
Pass: Cold: 0.061908ms GPU, 0.065988ms CPU, 0.50s total GPU, 0.80s total wall, 8080x 
Run:  [393/856] distinct_count [Device=0 T=F64 num_rows=1000000 null_probability=0]
Pass: Cold: 0.266667ms GPU, 0.271146ms CPU, 0.73s total GPU, 0.82s total wall, 2752x 
Run:  [394/856] distinct_count [Device=0 T=F64 num_rows=10000000 null_probability=0]
Pass: Cold: 2.467787ms GPU, 2.472530ms CPU, 2.68s total GPU, 2.72s total wall, 1088x 
Run:  [395/856] distinct_count [Device=0 T=F64 num_rows=100000000 null_probability=0]
Pass: Cold: 24.533316ms GPU, 24.537910ms CPU, 13.35s total GPU, 13.36s total wall, 544x 
Run:  [396/856] distinct_count [Device=0 T=F64 num_rows=10000 null_probability=0.5]
Pass: Cold: 0.067829ms GPU, 0.071911ms CPU, 0.50s total GPU, 0.77s total wall, 7376x 
Run:  [397/856] distinct_count [Device=0 T=F64 num_rows=100000 null_probability=0.5]
Pass: Cold: 0.088009ms GPU, 0.092062ms CPU, 0.50s total GPU, 0.70s total wall, 5696x 
Run:  [398/856] distinct_count [Device=0 T=F64 num_rows=1000000 null_probability=0.5]
Pass: Cold: 0.310391ms GPU, 0.314797ms CPU, 0.76s total GPU, 0.83s total wall, 2448x 
Run:  [399/856] distinct_count [Device=0 T=F64 num_rows=10000000 null_probability=0.5]
Pass: Cold: 2.690392ms GPU, 2.695021ms CPU, 2.58s total GPU, 2.61s total wall, 960x 
Run:  [400/856] distinct_count [Device=0 T=F64 num_rows=100000000 null_probability=0.5]
Warn: Current measurement timed out (15.02s) while over noise threshold (0.69% > 0.50%)
Pass: Cold: 26.639755ms GPU, 26.644227ms CPU, 15.00s total GPU, 15.02s total wall, 563x 
Run:  [401/856] stable_distinct [Device=0 Type=I32 keep=any cardinality=100 NumRows=100]
Pass: Cold: 0.138583ms GPU, 0.142711ms CPU, 0.50s total GPU, 0.62s total wall, 3616x 
Run:  [402/856] stable_distinct [Device=0 Type=I32 keep=first cardinality=100 NumRows=100]
Pass: Cold: 0.143715ms GPU, 0.147764ms CPU, 0.50s total GPU, 0.62s total wall, 3488x 
Run:  [403/856] stable_distinct [Device=0 Type=I32 keep=last cardinality=100 NumRows=100]
Pass: Cold: 0.144855ms GPU, 0.148898ms CPU, 0.50s total GPU, 0.62s total wall, 3456x 
Run:  [404/856] stable_distinct [Device=0 Type=I32 keep=none cardinality=100 NumRows=100]
Pass: Cold: 0.145575ms GPU, 0.149714ms CPU, 0.50s total GPU, 0.62s total wall, 3440x 
Run:  [405/856] stable_distinct [Device=0 Type=I32 keep=any cardinality=100000 NumRows=100]
Skip: cardinality > num_rows
Run:  [406/856] stable_distinct [Device=0 Type=I32 keep=first cardinality=100000 NumRows=100]
Skip: cardinality > num_rows
Run:  [407/856] stable_distinct [Device=0 Type=I32 keep=last cardinality=100000 NumRows=100]
Skip: cardinality > num_rows
Run:  [408/856] stable_distinct [Device=0 Type=I32 keep=none cardinality=100000 NumRows=100]
Skip: cardinality > num_rows
Run:  [409/856] stable_distinct [Device=0 Type=I32 keep=any cardinality=10000000 NumRows=100]
Skip: cardinality > num_rows
Run:  [410/856] stable_distinct [Device=0 Type=I32 keep=first cardinality=10000000 NumRows=100]
Skip: cardinality > num_rows
Run:  [411/856] stable_distinct [Device=0 Type=I32 keep=last cardinality=10000000 NumRows=100]
Skip: cardinality > num_rows
Run:  [412/856] stable_distinct [Device=0 Type=I32 keep=none cardinality=10000000 NumRows=100]
Skip: cardinality > num_rows
Run:  [413/856] stable_distinct [Device=0 Type=I32 keep=any cardinality=1000000000 NumRows=100]
Skip: cardinality > num_rows
Run:  [414/856] stable_distinct [Device=0 Type=I32 keep=first cardinality=1000000000 NumRows=100]
Skip: cardinality > num_rows
Run:  [415/856] stable_distinct [Device=0 Type=I32 keep=last cardinality=1000000000 NumRows=100]
Skip: cardinality > num_rows
Run:  [416/856] stable_distinct [Device=0 Type=I32 keep=none cardinality=1000000000 NumRows=100]
Skip: cardinality > num_rows
Run:  [417/856] stable_distinct [Device=0 Type=I32 keep=any cardinality=100 NumRows=100000]
Pass: Cold: 0.153467ms GPU, 0.157589ms CPU, 0.53s total GPU, 0.64s total wall, 3440x 
Run:  [418/856] stable_distinct [Device=0 Type=I32 keep=first cardinality=100 NumRows=100000]
Pass: Cold: 0.165350ms GPU, 0.169418ms CPU, 0.52s total GPU, 0.63s total wall, 3152x 
Run:  [419/856] stable_distinct [Device=0 Type=I32 keep=last cardinality=100 NumRows=100000]
Pass: Cold: 0.163962ms GPU, 0.168040ms CPU, 0.50s total GPU, 0.60s total wall, 3056x 
Run:  [420/856] stable_distinct [Device=0 Type=I32 keep=none cardinality=100 NumRows=100000]
Pass: Cold: 0.098387ms GPU, 0.102455ms CPU, 0.50s total GPU, 0.68s total wall, 5088x 
Run:  [421/856] stable_distinct [Device=0 Type=I32 keep=any cardinality=100000 NumRows=100000]
Pass: Cold: 0.161537ms GPU, 0.165660ms CPU, 0.50s total GPU, 0.61s total wall, 3104x 
Run:  [422/856] stable_distinct [Device=0 Type=I32 keep=first cardinality=100000 NumRows=100000]
Pass: Cold: 0.172477ms GPU, 0.176594ms CPU, 0.50s total GPU, 0.60s total wall, 2912x 
Run:  [423/856] stable_distinct [Device=0 Type=I32 keep=last cardinality=100000 NumRows=100000]
Pass: Cold: 0.172042ms GPU, 0.176143ms CPU, 0.50s total GPU, 0.60s total wall, 2912x 
Run:  [424/856] stable_distinct [Device=0 Type=I32 keep=none cardinality=100000 NumRows=100000]
Pass: Cold: 0.171753ms GPU, 0.175830ms CPU, 0.50s total GPU, 0.60s total wall, 2912x 
Run:  [425/856] stable_distinct [Device=0 Type=I32 keep=any cardinality=10000000 NumRows=100000]
Skip: cardinality > num_rows
Run:  [426/856] stable_distinct [Device=0 Type=I32 keep=first cardinality=10000000 NumRows=100000]
Skip: cardinality > num_rows
Run:  [427/856] stable_distinct [Device=0 Type=I32 keep=last cardinality=10000000 NumRows=100000]
Skip: cardinality > num_rows
Run:  [428/856] stable_distinct [Device=0 Type=I32 keep=none cardinality=10000000 NumRows=100000]
Skip: cardinality > num_rows
Run:  [429/856] stable_distinct [Device=0 Type=I32 keep=any cardinality=1000000000 NumRows=100000]
Skip: cardinality > num_rows
Run:  [430/856] stable_distinct [Device=0 Type=I32 keep=first cardinality=1000000000 NumRows=100000]
Skip: cardinality > num_rows
Run:  [431/856] stable_distinct [Device=0 Type=I32 keep=last cardinality=1000000000 NumRows=100000]
Skip: cardinality > num_rows
Run:  [432/856] stable_distinct [Device=0 Type=I32 keep=none cardinality=1000000000 NumRows=100000]
Skip: cardinality > num_rows
Run:  [433/856] stable_distinct [Device=0 Type=I32 keep=any cardinality=100 NumRows=10000000]
Pass: Cold: 1.631098ms GPU, 1.635581ms CPU, 2.37s total GPU, 2.41s total wall, 1456x 
Run:  [434/856] stable_distinct [Device=0 Type=I32 keep=first cardinality=100 NumRows=10000000]
Pass: Cold: 2.114995ms GPU, 2.119396ms CPU, 1.15s total GPU, 1.16s total wall, 544x 
Run:  [435/856] stable_distinct [Device=0 Type=I32 keep=last cardinality=100 NumRows=10000000]
Pass: Cold: 2.112153ms GPU, 2.116548ms CPU, 0.95s total GPU, 0.96s total wall, 448x 
Run:  [436/856] stable_distinct [Device=0 Type=I32 keep=none cardinality=100 NumRows=10000000]
Pass: Cold: 2.032408ms GPU, 2.036814ms CPU, 1.27s total GPU, 1.28s total wall, 624x 
Run:  [437/856] stable_distinct [Device=0 Type=I32 keep=any cardinality=100000 NumRows=10000000]
Pass: Cold: 2.876745ms GPU, 2.881245ms CPU, 0.50s total GPU, 0.50s total wall, 174x 
Run:  [438/856] stable_distinct [Device=0 Type=I32 keep=first cardinality=100000 NumRows=10000000]
Pass: Cold: 4.671703ms GPU, 4.675866ms CPU, 0.50s total GPU, 0.51s total wall, 108x 
Run:  [439/856] stable_distinct [Device=0 Type=I32 keep=last cardinality=100000 NumRows=10000000]
Pass: Cold: 4.650131ms GPU, 4.654406ms CPU, 0.50s total GPU, 0.50s total wall, 108x 
Run:  [440/856] stable_distinct [Device=0 Type=I32 keep=none cardinality=100000 NumRows=10000000]
Pass: Cold: 4.506156ms GPU, 4.510491ms CPU, 0.50s total GPU, 0.50s total wall, 111x 
Run:  [441/856] stable_distinct [Device=0 Type=I32 keep=any cardinality=10000000 NumRows=10000000]
Pass: Cold: 6.691189ms GPU, 6.695512ms CPU, 0.50s total GPU, 0.50s total wall, 75x 
Run:  [442/856] stable_distinct [Device=0 Type=I32 keep=first cardinality=10000000 NumRows=10000000]
Pass: Cold: 5.892256ms GPU, 5.896758ms CPU, 0.50s total GPU, 0.50s total wall, 85x 
Run:  [443/856] stable_distinct [Device=0 Type=I32 keep=last cardinality=10000000 NumRows=10000000]
Pass: Cold: 5.984151ms GPU, 5.988500ms CPU, 0.50s total GPU, 0.50s total wall, 84x 
Run:  [444/856] stable_distinct [Device=0 Type=I32 keep=none cardinality=10000000 NumRows=10000000]
Pass: Cold: 4.975636ms GPU, 4.979895ms CPU, 0.50s total GPU, 0.50s total wall, 101x 
Run:  [445/856] stable_distinct [Device=0 Type=I32 keep=any cardinality=1000000000 NumRows=10000000]
Skip: cardinality > num_rows
Run:  [446/856] stable_distinct [Device=0 Type=I32 keep=first cardinality=1000000000 NumRows=10000000]
Skip: cardinality > num_rows
Run:  [447/856] stable_distinct [Device=0 Type=I32 keep=last cardinality=1000000000 NumRows=10000000]
Skip: cardinality > num_rows
Run:  [448/856] stable_distinct [Device=0 Type=I32 keep=none cardinality=1000000000 NumRows=10000000]
Skip: cardinality > num_rows
Run:  [449/856] stable_distinct [Device=0 Type=I32 keep=any cardinality=100 NumRows=1000000000]
Fail: Unexpected error: std::bad_alloc: out_of_memory: RMM failure at:/home/ubuntu/cudf/cpp/build/_deps/rmm-src/include/rmm/mr/device/pool_memory_resource.hpp:276: Maximum pool size exceeded
Run:  [450/856] stable_distinct [Device=0 Type=I32 keep=first cardinality=100 NumRows=1000000000]
Fail: Unexpected error: std::bad_alloc: out_of_memory: RMM failure at:/home/ubuntu/cudf/cpp/build/_deps/rmm-src/include/rmm/mr/device/pool_memory_resource.hpp:276: Maximum pool size exceeded
Run:  [451/856] stable_distinct [Device=0 Type=I32 keep=last cardinality=100 NumRows=1000000000]
Fail: Unexpected error: std::bad_alloc: out_of_memory: RMM failure at:/home/ubuntu/cudf/cpp/build/_deps/rmm-src/include/rmm/mr/device/pool_memory_resource.hpp:276: Maximum pool size exceeded
Run:  [452/856] stable_distinct [Device=0 Type=I32 keep=none cardinality=100 NumRows=1000000000]
Fail: Unexpected error: std::bad_alloc: out_of_memory: RMM failure at:/home/ubuntu/cudf/cpp/build/_deps/rmm-src/include/rmm/mr/device/pool_memory_resource.hpp:276: Maximum pool size exceeded
Run:  [453/856] stable_distinct [Device=0 Type=I32 keep=any cardinality=100000 NumRows=1000000000]
Fail: Unexpected error: std::bad_alloc: out_of_memory: RMM failure at:/home/ubuntu/cudf/cpp/build/_deps/rmm-src/include/rmm/mr/device/pool_memory_resource.hpp:276: Maximum pool size exceeded
Run:  [454/856] stable_distinct [Device=0 Type=I32 keep=first cardinality=100000 NumRows=1000000000]
Fail: Unexpected error: std::bad_alloc: out_of_memory: RMM failure at:/home/ubuntu/cudf/cpp/build/_deps/rmm-src/include/rmm/mr/device/pool_memory_resource.hpp:276: Maximum pool size exceeded
Run:  [455/856] stable_distinct [Device=0 Type=I32 keep=last cardinality=100000 NumRows=1000000000]
Fail: Unexpected error: std::bad_alloc: out_of_memory: RMM failure at:/home/ubuntu/cudf/cpp/build/_deps/rmm-src/include/rmm/mr/device/pool_memory_resource.hpp:276: Maximum pool size exceeded
Run:  [456/856] stable_distinct [Device=0 Type=I32 keep=none cardinality=100000 NumRows=1000000000]
Fail: Unexpected error: std::bad_alloc: out_of_memory: RMM failure at:/home/ubuntu/cudf/cpp/build/_deps/rmm-src/include/rmm/mr/device/pool_memory_resource.hpp:276: Maximum pool size exceeded
Run:  [457/856] stable_distinct [Device=0 Type=I32 keep=any cardinality=10000000 NumRows=1000000000]
Fail: Unexpected error: std::bad_alloc: out_of_memory: RMM failure at:/home/ubuntu/cudf/cpp/build/_deps/rmm-src/include/rmm/mr/device/pool_memory_resource.hpp:276: Maximum pool size exceeded
Run:  [458/856] stable_distinct [Device=0 Type=I32 keep=first cardinality=10000000 NumRows=1000000000]
Fail: Unexpected error: std::bad_alloc: out_of_memory: RMM failure at:/home/ubuntu/cudf/cpp/build/_deps/rmm-src/include/rmm/mr/device/pool_memory_resource.hpp:276: Maximum pool size exceeded
Run:  [459/856] stable_distinct [Device=0 Type=I32 keep=last cardinality=10000000 NumRows=1000000000]
Fail: Unexpected error: std::bad_alloc: out_of_memory: RMM failure at:/home/ubuntu/cudf/cpp/build/_deps/rmm-src/include/rmm/mr/device/pool_memory_resource.hpp:276: Maximum pool size exceeded
Run:  [460/856] stable_distinct [Device=0 Type=I32 keep=none cardinality=10000000 NumRows=1000000000]
Fail: Unexpected error: std::bad_alloc: out_of_memory: RMM failure at:/home/ubuntu/cudf/cpp/build/_deps/rmm-src/include/rmm/mr/device/pool_memory_resource.hpp:276: Maximum pool size exceeded
Run:  [461/856] stable_distinct [Device=0 Type=I32 keep=any cardinality=1000000000 NumRows=1000000000]
Fail: Unexpected error: std::bad_alloc: out_of_memory: RMM failure at:/home/ubuntu/cudf/cpp/build/_deps/rmm-src/include/rmm/mr/device/pool_memory_resource.hpp:276: Maximum pool size exceeded
Run:  [462/856] stable_distinct [Device=0 Type=I32 keep=first cardinality=1000000000 NumRows=1000000000]
Fail: Unexpected error: std::bad_alloc: out_of_memory: RMM failure at:/home/ubuntu/cudf/cpp/build/_deps/rmm-src/include/rmm/mr/device/pool_memory_resource.hpp:276: Maximum pool size exceeded
Run:  [463/856] stable_distinct [Device=0 Type=I32 keep=last cardinality=1000000000 NumRows=1000000000]
Fail: Unexpected error: std::bad_alloc: out_of_memory: RMM failure at:/home/ubuntu/cudf/cpp/build/_deps/rmm-src/include/rmm/mr/device/pool_memory_resource.hpp:276: Maximum pool size exceeded
Run:  [464/856] stable_distinct [Device=0 Type=I32 keep=none cardinality=1000000000 NumRows=1000000000]
Fail: Unexpected error: std::bad_alloc: out_of_memory: RMM failure at:/home/ubuntu/cudf/cpp/build/_deps/rmm-src/include/rmm/mr/device/pool_memory_resource.hpp:276: Maximum pool size exceeded
Run:  [465/856] stable_distinct [Device=0 Type=I64 keep=any cardinality=100 NumRows=100]
Pass: Cold: 0.140747ms GPU, 0.144831ms CPU, 0.50s total GPU, 0.62s total wall, 3568x 
Run:  [466/856] stable_distinct [Device=0 Type=I64 keep=first cardinality=100 NumRows=100]
Pass: Cold: 0.143986ms GPU, 0.148024ms CPU, 0.50s total GPU, 0.62s total wall, 3488x 
Run:  [467/856] stable_distinct [Device=0 Type=I64 keep=last cardinality=100 NumRows=100]
Pass: Cold: 0.146997ms GPU, 0.151023ms CPU, 0.50s total GPU, 0.62s total wall, 3408x 
Run:  [468/856] stable_distinct [Device=0 Type=I64 keep=none cardinality=100 NumRows=100]
Pass: Cold: 0.144983ms GPU, 0.149073ms CPU, 0.50s total GPU, 0.62s total wall, 3456x 
Run:  [469/856] stable_distinct [Device=0 Type=I64 keep=any cardinality=100000 NumRows=100]
Skip: cardinality > num_rows
Run:  [470/856] stable_distinct [Device=0 Type=I64 keep=first cardinality=100000 NumRows=100]
Skip: cardinality > num_rows
Run:  [471/856] stable_distinct [Device=0 Type=I64 keep=last cardinality=100000 NumRows=100]
Skip: cardinality > num_rows
Run:  [472/856] stable_distinct [Device=0 Type=I64 keep=none cardinality=100000 NumRows=100]
Skip: cardinality > num_rows
Run:  [473/856] stable_distinct [Device=0 Type=I64 keep=any cardinality=10000000 NumRows=100]
Skip: cardinality > num_rows
Run:  [474/856] stable_distinct [Device=0 Type=I64 keep=first cardinality=10000000 NumRows=100]
Skip: cardinality > num_rows
Run:  [475/856] stable_distinct [Device=0 Type=I64 keep=last cardinality=10000000 NumRows=100]
Skip: cardinality > num_rows
Run:  [476/856] stable_distinct [Device=0 Type=I64 keep=none cardinality=10000000 NumRows=100]
Skip: cardinality > num_rows
Run:  [477/856] stable_distinct [Device=0 Type=I64 keep=any cardinality=1000000000 NumRows=100]
Skip: cardinality > num_rows
Run:  [478/856] stable_distinct [Device=0 Type=I64 keep=first cardinality=1000000000 NumRows=100]
Skip: cardinality > num_rows
Run:  [479/856] stable_distinct [Device=0 Type=I64 keep=last cardinality=1000000000 NumRows=100]
Skip: cardinality > num_rows
Run:  [480/856] stable_distinct [Device=0 Type=I64 keep=none cardinality=1000000000 NumRows=100]
Skip: cardinality > num_rows
Run:  [481/856] stable_distinct [Device=0 Type=I64 keep=any cardinality=100 NumRows=100000]
Pass: Cold: 0.157990ms GPU, 0.162058ms CPU, 0.50s total GPU, 0.61s total wall, 3168x 
Run:  [482/856] stable_distinct [Device=0 Type=I64 keep=first cardinality=100 NumRows=100000]
Pass: Cold: 0.168191ms GPU, 0.172207ms CPU, 0.50s total GPU, 0.60s total wall, 2976x 
Run:  [483/856] stable_distinct [Device=0 Type=I64 keep=last cardinality=100 NumRows=100000]
Pass: Cold: 0.166079ms GPU, 0.170126ms CPU, 0.50s total GPU, 0.60s total wall, 3024x 
Run:  [484/856] stable_distinct [Device=0 Type=I64 keep=none cardinality=100 NumRows=100000]
Pass: Cold: 0.101381ms GPU, 0.105398ms CPU, 0.50s total GPU, 0.67s total wall, 4944x 
Run:  [485/856] stable_distinct [Device=0 Type=I64 keep=any cardinality=100000 NumRows=100000]
Pass: Cold: 0.163159ms GPU, 0.167225ms CPU, 0.50s total GPU, 0.60s total wall, 3072x 
Run:  [486/856] stable_distinct [Device=0 Type=I64 keep=first cardinality=100000 NumRows=100000]
Pass: Cold: 0.176679ms GPU, 0.180719ms CPU, 0.50s total GPU, 0.60s total wall, 2832x 
Run:  [487/856] stable_distinct [Device=0 Type=I64 keep=last cardinality=100000 NumRows=100000]
Pass: Cold: 0.176972ms GPU, 0.180994ms CPU, 0.50s total GPU, 0.60s total wall, 2832x 
Run:  [488/856] stable_distinct [Device=0 Type=I64 keep=none cardinality=100000 NumRows=100000]
Pass: Cold: 0.176638ms GPU, 0.180695ms CPU, 0.50s total GPU, 0.60s total wall, 2832x 
Run:  [489/856] stable_distinct [Device=0 Type=I64 keep=any cardinality=10000000 NumRows=100000]
Skip: cardinality > num_rows
Run:  [490/856] stable_distinct [Device=0 Type=I64 keep=first cardinality=10000000 NumRows=100000]
Skip: cardinality > num_rows
Run:  [491/856] stable_distinct [Device=0 Type=I64 keep=last cardinality=10000000 NumRows=100000]
Skip: cardinality > num_rows
Run:  [492/856] stable_distinct [Device=0 Type=I64 keep=none cardinality=10000000 NumRows=100000]
Skip: cardinality > num_rows
Run:  [493/856] stable_distinct [Device=0 Type=I64 keep=any cardinality=1000000000 NumRows=100000]
Skip: cardinality > num_rows
Run:  [494/856] stable_distinct [Device=0 Type=I64 keep=first cardinality=1000000000 NumRows=100000]
Skip: cardinality > num_rows
Run:  [495/856] stable_distinct [Device=0 Type=I64 keep=last cardinality=1000000000 NumRows=100000]
Skip: cardinality > num_rows
Run:  [496/856] stable_distinct [Device=0 Type=I64 keep=none cardinality=1000000000 NumRows=100000]
Skip: cardinality > num_rows
Run:  [497/856] stable_distinct [Device=0 Type=I64 keep=any cardinality=100 NumRows=10000000]
Pass: Cold: 1.698136ms GPU, 1.702649ms CPU, 3.83s total GPU, 3.89s total wall, 2256x 
Run:  [498/856] stable_distinct [Device=0 Type=I64 keep=first cardinality=100 NumRows=10000000]
Pass: Cold: 2.281101ms GPU, 2.285558ms CPU, 1.28s total GPU, 1.29s total wall, 560x 
Run:  [499/856] stable_distinct [Device=0 Type=I64 keep=last cardinality=100 NumRows=10000000]
Pass: Cold: 2.270909ms GPU, 2.275327ms CPU, 1.42s total GPU, 1.43s total wall, 624x 
Run:  [500/856] stable_distinct [Device=0 Type=I64 keep=none cardinality=100 NumRows=10000000]
Pass: Cold: 2.208055ms GPU, 2.212453ms CPU, 1.45s total GPU, 1.46s total wall, 656x 
Run:  [501/856] stable_distinct [Device=0 Type=I64 keep=any cardinality=100000 NumRows=10000000]
Pass: Cold: 3.231503ms GPU, 3.236001ms CPU, 0.50s total GPU, 0.50s total wall, 155x 
Run:  [502/856] stable_distinct [Device=0 Type=I64 keep=first cardinality=100000 NumRows=10000000]
Pass: Cold: 5.060573ms GPU, 5.064825ms CPU, 0.50s total GPU, 0.50s total wall, 99x 
Run:  [503/856] stable_distinct [Device=0 Type=I64 keep=last cardinality=100000 NumRows=10000000]
Pass: Cold: 5.046858ms GPU, 5.051120ms CPU, 0.50s total GPU, 0.51s total wall, 100x 
Run:  [504/856] stable_distinct [Device=0 Type=I64 keep=none cardinality=100000 NumRows=10000000]
Pass: Cold: 4.861754ms GPU, 4.866060ms CPU, 0.50s total GPU, 0.50s total wall, 103x 
Run:  [505/856] stable_distinct [Device=0 Type=I64 keep=any cardinality=10000000 NumRows=10000000]
Pass: Cold: 7.408575ms GPU, 7.412814ms CPU, 0.50s total GPU, 0.51s total wall, 68x 
Run:  [506/856] stable_distinct [Device=0 Type=I64 keep=first cardinality=10000000 NumRows=10000000]
Pass: Cold: 6.649765ms GPU, 6.654100ms CPU, 0.51s total GPU, 0.51s total wall, 76x 
Run:  [507/856] stable_distinct [Device=0 Type=I64 keep=last cardinality=10000000 NumRows=10000000]
Pass: Cold: 6.729236ms GPU, 6.733513ms CPU, 0.50s total GPU, 0.51s total wall, 75x 
Run:  [508/856] stable_distinct [Device=0 Type=I64 keep=none cardinality=10000000 NumRows=10000000]
Pass: Cold: 5.163439ms GPU, 5.167799ms CPU, 0.50s total GPU, 0.50s total wall, 97x 
Run:  [509/856] stable_distinct [Device=0 Type=I64 keep=any cardinality=1000000000 NumRows=10000000]
Skip: cardinality > num_rows
Run:  [510/856] stable_distinct [Device=0 Type=I64 keep=first cardinality=1000000000 NumRows=10000000]
Skip: cardinality > num_rows
Run:  [511/856] stable_distinct [Device=0 Type=I64 keep=last cardinality=1000000000 NumRows=10000000]
Skip: cardinality > num_rows
Run:  [512/856] stable_distinct [Device=0 Type=I64 keep=none cardinality=1000000000 NumRows=10000000]
Skip: cardinality > num_rows
Run:  [513/856] stable_distinct [Device=0 Type=I64 keep=any cardinality=100 NumRows=1000000000]
Fail: Unexpected error: std::bad_alloc: out_of_memory: RMM failure at:/home/ubuntu/cudf/cpp/build/_deps/rmm-src/include/rmm/mr/device/pool_memory_resource.hpp:276: Maximum pool size exceeded
Run:  [514/856] stable_distinct [Device=0 Type=I64 keep=first cardinality=100 NumRows=1000000000]
Fail: Unexpected error: std::bad_alloc: out_of_memory: RMM failure at:/home/ubuntu/cudf/cpp/build/_deps/rmm-src/include/rmm/mr/device/pool_memory_resource.hpp:276: Maximum pool size exceeded
Run:  [515/856] stable_distinct [Device=0 Type=I64 keep=last cardinality=100 NumRows=1000000000]
Fail: Unexpected error: std::bad_alloc: out_of_memory: RMM failure at:/home/ubuntu/cudf/cpp/build/_deps/rmm-src/include/rmm/mr/device/pool_memory_resource.hpp:276: Maximum pool size exceeded
Run:  [516/856] stable_distinct [Device=0 Type=I64 keep=none cardinality=100 NumRows=1000000000]
Fail: Unexpected error: std::bad_alloc: out_of_memory: RMM failure at:/home/ubuntu/cudf/cpp/build/_deps/rmm-src/include/rmm/mr/device/pool_memory_resource.hpp:276: Maximum pool size exceeded
Run:  [517/856] stable_distinct [Device=0 Type=I64 keep=any cardinality=100000 NumRows=1000000000]
Fail: Unexpected error: std::bad_alloc: out_of_memory: RMM failure at:/home/ubuntu/cudf/cpp/build/_deps/rmm-src/include/rmm/mr/device/pool_memory_resource.hpp:276: Maximum pool size exceeded
Run:  [518/856] stable_distinct [Device=0 Type=I64 keep=first cardinality=100000 NumRows=1000000000]
Fail: Unexpected error: std::bad_alloc: out_of_memory: RMM failure at:/home/ubuntu/cudf/cpp/build/_deps/rmm-src/include/rmm/mr/device/pool_memory_resource.hpp:276: Maximum pool size exceeded
Run:  [519/856] stable_distinct [Device=0 Type=I64 keep=last cardinality=100000 NumRows=1000000000]
Fail: Unexpected error: std::bad_alloc: out_of_memory: RMM failure at:/home/ubuntu/cudf/cpp/build/_deps/rmm-src/include/rmm/mr/device/pool_memory_resource.hpp:276: Maximum pool size exceeded
Run:  [520/856] stable_distinct [Device=0 Type=I64 keep=none cardinality=100000 NumRows=1000000000]
Fail: Unexpected error: std::bad_alloc: out_of_memory: RMM failure at:/home/ubuntu/cudf/cpp/build/_deps/rmm-src/include/rmm/mr/device/pool_memory_resource.hpp:276: Maximum pool size exceeded
Run:  [521/856] stable_distinct [Device=0 Type=I64 keep=any cardinality=10000000 NumRows=1000000000]
Fail: Unexpected error: std::bad_alloc: out_of_memory: RMM failure at:/home/ubuntu/cudf/cpp/build/_deps/rmm-src/include/rmm/mr/device/pool_memory_resource.hpp:276: Maximum pool size exceeded
Run:  [522/856] stable_distinct [Device=0 Type=I64 keep=first cardinality=10000000 NumRows=1000000000]
Fail: Unexpected error: std::bad_alloc: out_of_memory: RMM failure at:/home/ubuntu/cudf/cpp/build/_deps/rmm-src/include/rmm/mr/device/pool_memory_resource.hpp:276: Maximum pool size exceeded
Run:  [523/856] stable_distinct [Device=0 Type=I64 keep=last cardinality=10000000 NumRows=1000000000]
Fail: Unexpected error: std::bad_alloc: out_of_memory: RMM failure at:/home/ubuntu/cudf/cpp/build/_deps/rmm-src/include/rmm/mr/device/pool_memory_resource.hpp:276: Maximum pool size exceeded
Run:  [524/856] stable_distinct [Device=0 Type=I64 keep=none cardinality=10000000 NumRows=1000000000]
Fail: Unexpected error: std::bad_alloc: out_of_memory: RMM failure at:/home/ubuntu/cudf/cpp/build/_deps/rmm-src/include/rmm/mr/device/pool_memory_resource.hpp:276: Maximum pool size exceeded
Run:  [525/856] stable_distinct [Device=0 Type=I64 keep=any cardinality=1000000000 NumRows=1000000000]
Fail: Unexpected error: std::bad_alloc: out_of_memory: RMM failure at:/home/ubuntu/cudf/cpp/build/_deps/rmm-src/include/rmm/mr/device/pool_memory_resource.hpp:276: Maximum pool size exceeded
Run:  [526/856] stable_distinct [Device=0 Type=I64 keep=first cardinality=1000000000 NumRows=1000000000]
Fail: Unexpected error: std::bad_alloc: out_of_memory: RMM failure at:/home/ubuntu/cudf/cpp/build/_deps/rmm-src/include/rmm/mr/device/pool_memory_resource.hpp:276: Maximum pool size exceeded
Run:  [527/856] stable_distinct [Device=0 Type=I64 keep=last cardinality=1000000000 NumRows=1000000000]
Fail: Unexpected error: std::bad_alloc: out_of_memory: RMM failure at:/home/ubuntu/cudf/cpp/build/_deps/rmm-src/include/rmm/mr/device/pool_memory_resource.hpp:276: Maximum pool size exceeded
Run:  [528/856] stable_distinct [Device=0 Type=I64 keep=none cardinality=1000000000 NumRows=1000000000]
Fail: Unexpected error: std::bad_alloc: out_of_memory: RMM failure at:/home/ubuntu/cudf/cpp/build/_deps/rmm-src/include/rmm/mr/device/pool_memory_resource.hpp:276: Maximum pool size exceeded
Run:  [529/856] stable_distinct_list [Device=0 Type=I32 keep=any null_probability=0 ColumnSize=100000000]
Pass: Cold: 3.533495ms GPU, 3.537966ms CPU, 0.50s total GPU, 0.51s total wall, 142x 
Run:  [530/856] stable_distinct_list [Device=0 Type=I32 keep=first null_probability=0 ColumnSize=100000000]
Pass: Cold: 4.573686ms GPU, 4.578123ms CPU, 3.59s total GPU, 3.60s total wall, 784x 
Run:  [531/856] stable_distinct_list [Device=0 Type=I32 keep=last null_probability=0 ColumnSize=100000000]
Pass: Cold: 4.568869ms GPU, 4.573352ms CPU, 3.51s total GPU, 3.53s total wall, 768x 
Run:  [532/856] stable_distinct_list [Device=0 Type=I32 keep=none null_probability=0 ColumnSize=100000000]
Pass: Cold: 4.482416ms GPU, 4.486831ms CPU, 2.94s total GPU, 2.96s total wall, 656x 
Run:  [533/856] stable_distinct_list [Device=0 Type=I32 keep=any null_probability=0.1 ColumnSize=100000000]
Pass: Cold: 3.971982ms GPU, 3.976484ms CPU, 2.22s total GPU, 2.24s total wall, 560x 
Run:  [534/856] stable_distinct_list [Device=0 Type=I32 keep=first null_probability=0.1 ColumnSize=100000000]
Pass: Cold: 5.896662ms GPU, 5.900927ms CPU, 3.59s total GPU, 3.60s total wall, 608x 
Run:  [535/856] stable_distinct_list [Device=0 Type=I32 keep=last null_probability=0.1 ColumnSize=100000000]
Pass: Cold: 5.886769ms GPU, 5.891076ms CPU, 3.11s total GPU, 3.12s total wall, 528x 
Run:  [536/856] stable_distinct_list [Device=0 Type=I32 keep=none null_probability=0.1 ColumnSize=100000000]
Pass: Cold: 5.823616ms GPU, 5.827886ms CPU, 2.05s total GPU, 2.06s total wall, 352x 
Run:  [537/856] stable_distinct_list [Device=0 Type=cudf::list_view keep=any null_probability=0 ColumnSize=100000000]
Pass: Cold: 4.274286ms GPU, 4.279064ms CPU, 6.77s total GPU, 6.81s total wall, 1584x 
Run:  [538/856] stable_distinct_list [Device=0 Type=cudf::list_view keep=first null_probability=0 ColumnSize=100000000]
Pass: Cold: 4.009225ms GPU, 4.013714ms CPU, 2.37s total GPU, 2.39s total wall, 592x 
Run:  [539/856] stable_distinct_list [Device=0 Type=cudf::list_view keep=last null_probability=0 ColumnSize=100000000]
Pass: Cold: 3.967245ms GPU, 3.971657ms CPU, 1.21s total GPU, 1.21s total wall, 304x 
Run:  [540/856] stable_distinct_list [Device=0 Type=cudf::list_view keep=none null_probability=0 ColumnSize=100000000]
Pass: Cold: 3.973933ms GPU, 3.978362ms CPU, 2.16s total GPU, 2.17s total wall, 544x 
Run:  [541/856] stable_distinct_list [Device=0 Type=cudf::list_view keep=any null_probability=0.1 ColumnSize=100000000]
Pass: Cold: 4.804212ms GPU, 4.808977ms CPU, 5.46s total GPU, 5.49s total wall, 1136x 
Run:  [542/856] stable_distinct_list [Device=0 Type=cudf::list_view keep=first null_probability=0.1 ColumnSize=100000000]
Pass: Cold: 4.606081ms GPU, 4.610502ms CPU, 3.61s total GPU, 3.63s total wall, 784x 
Run:  [543/856] stable_distinct_list [Device=0 Type=cudf::list_view keep=last null_probability=0.1 ColumnSize=100000000]
Pass: Cold: 4.589571ms GPU, 4.594031ms CPU, 2.72s total GPU, 2.73s total wall, 592x 
Run:  [544/856] stable_distinct_list [Device=0 Type=cudf::list_view keep=none null_probability=0.1 ColumnSize=100000000]
Pass: Cold: 4.562603ms GPU, 4.567006ms CPU, 2.41s total GPU, 2.42s total wall, 528x 
Run:  [545/856] unique [Device=0 Type=bool KeepOption=KEEP_FIRST NumRows=10000 Sort=0]
Pass: Cold: 0.117385ms GPU, 0.121504ms CPU, 0.50s total GPU, 0.65s total wall, 4272x 
Run:  [546/856] unique [Device=0 Type=bool KeepOption=KEEP_FIRST NumRows=100000 Sort=0]
Pass: Cold: 0.118715ms GPU, 0.122803ms CPU, 0.50s total GPU, 0.64s total wall, 4224x 
Run:  [547/856] unique [Device=0 Type=bool KeepOption=KEEP_FIRST NumRows=1000000 Sort=0]
Pass: Cold: 0.168834ms GPU, 0.172884ms CPU, 0.50s total GPU, 0.60s total wall, 2976x 
Run:  [548/856] unique [Device=0 Type=bool KeepOption=KEEP_FIRST NumRows=10000000 Sort=0]
Pass: Cold: 0.962753ms GPU, 0.967126ms CPU, 1.00s total GPU, 1.03s total wall, 1040x 
Run:  [549/856] unique [Device=0 Type=bool KeepOption=KEEP_FIRST NumRows=10000 Sort=1]
Pass: Cold: 0.119936ms GPU, 0.124006ms CPU, 0.50s total GPU, 0.64s total wall, 4176x 
Run:  [550/856] unique [Device=0 Type=bool KeepOption=KEEP_FIRST NumRows=100000 Sort=1]
Pass: Cold: 0.119040ms GPU, 0.123119ms CPU, 0.50s total GPU, 0.64s total wall, 4208x 
Run:  [551/856] unique [Device=0 Type=bool KeepOption=KEEP_FIRST NumRows=1000000 Sort=1]
Pass: Cold: 0.156607ms GPU, 0.160637ms CPU, 0.50s total GPU, 0.61s total wall, 3200x 
Run:  [552/856] unique [Device=0 Type=bool KeepOption=KEEP_FIRST NumRows=10000000 Sort=1]
Pass: Cold: 0.536599ms GPU, 0.540913ms CPU, 1.36s total GPU, 1.43s total wall, 2528x 
Run:  [553/856] unique [Device=0 Type=bool KeepOption=KEEP_LAST NumRows=10000 Sort=0]
Pass: Cold: 0.118879ms GPU, 0.122977ms CPU, 0.50s total GPU, 0.64s total wall, 4208x 
Run:  [554/856] unique [Device=0 Type=bool KeepOption=KEEP_LAST NumRows=100000 Sort=0]
Pass: Cold: 0.121335ms GPU, 0.125391ms CPU, 0.50s total GPU, 0.64s total wall, 4128x 
Run:  [555/856] unique [Device=0 Type=bool KeepOption=KEEP_LAST NumRows=1000000 Sort=0]
Pass: Cold: 0.170008ms GPU, 0.174059ms CPU, 0.50s total GPU, 0.60s total wall, 2944x 
Run:  [556/856] unique [Device=0 Type=bool KeepOption=KEEP_LAST NumRows=10000000 Sort=0]
Pass: Cold: 0.962677ms GPU, 0.967084ms CPU, 1.05s total GPU, 1.07s total wall, 1088x 
Run:  [557/856] unique [Device=0 Type=bool KeepOption=KEEP_LAST NumRows=10000 Sort=1]
Pass: Cold: 0.121172ms GPU, 0.125242ms CPU, 0.50s total GPU, 0.64s total wall, 4128x 
Run:  [558/856] unique [Device=0 Type=bool KeepOption=KEEP_LAST NumRows=100000 Sort=1]
Pass: Cold: 0.119777ms GPU, 0.123850ms CPU, 0.50s total GPU, 0.64s total wall, 4176x 
Run:  [559/856] unique [Device=0 Type=bool KeepOption=KEEP_LAST NumRows=1000000 Sort=1]
Pass: Cold: 0.160564ms GPU, 0.164621ms CPU, 0.50s total GPU, 0.61s total wall, 3120x 
Run:  [560/856] unique [Device=0 Type=bool KeepOption=KEEP_LAST NumRows=10000000 Sort=1]
Pass: Cold: 0.562088ms GPU, 0.566420ms CPU, 1.36s total GPU, 1.43s total wall, 2416x 
Run:  [561/856] unique [Device=0 Type=bool KeepOption=KEEP_NONE NumRows=10000 Sort=0]
Pass: Cold: 0.119620ms GPU, 0.123706ms CPU, 0.50s total GPU, 0.64s total wall, 4192x 
Run:  [562/856] unique [Device=0 Type=bool KeepOption=KEEP_NONE NumRows=100000 Sort=0]
Pass: Cold: 0.123450ms GPU, 0.127499ms CPU, 0.50s total GPU, 0.64s total wall, 4064x 
Run:  [563/856] unique [Device=0 Type=bool KeepOption=KEEP_NONE NumRows=1000000 Sort=0]
Pass: Cold: 0.178726ms GPU, 0.182778ms CPU, 0.51s total GPU, 0.61s total wall, 2864x 
Run:  [564/856] unique [Device=0 Type=bool KeepOption=KEEP_NONE NumRows=10000000 Sort=0]
Pass: Cold: 0.976569ms GPU, 0.980861ms CPU, 1.97s total GPU, 2.02s total wall, 2016x 
Run:  [565/856] unique [Device=0 Type=bool KeepOption=KEEP_NONE NumRows=10000 Sort=1]
Pass: Cold: 0.089182ms GPU, 0.093220ms CPU, 0.50s total GPU, 0.69s total wall, 5616x 
Run:  [566/856] unique [Device=0 Type=bool KeepOption=KEEP_NONE NumRows=100000 Sort=1]
Pass: Cold: 0.090109ms GPU, 0.094130ms CPU, 0.50s total GPU, 0.69s total wall, 5552x 
Run:  [567/856] unique [Device=0 Type=bool KeepOption=KEEP_NONE NumRows=1000000 Sort=1]
Pass: Cold: 0.127757ms GPU, 0.131776ms CPU, 0.50s total GPU, 0.63s total wall, 3920x 
Run:  [568/856] unique [Device=0 Type=bool KeepOption=KEEP_NONE NumRows=10000000 Sort=1]
Pass: Cold: 0.512862ms GPU, 0.517126ms CPU, 0.89s total GPU, 0.94s total wall, 1744x 
Run:  [569/856] unique [Device=0 Type=I8 KeepOption=KEEP_FIRST NumRows=10000 Sort=0]
Pass: Cold: 0.118976ms GPU, 0.123032ms CPU, 0.50s total GPU, 0.64s total wall, 4208x 
Run:  [570/856] unique [Device=0 Type=I8 KeepOption=KEEP_FIRST NumRows=100000 Sort=0]
Pass: Cold: 0.116266ms GPU, 0.120333ms CPU, 0.50s total GPU, 0.65s total wall, 4304x 
Run:  [571/856] unique [Device=0 Type=I8 KeepOption=KEEP_FIRST NumRows=1000000 Sort=0]
Pass: Cold: 0.175055ms GPU, 0.179096ms CPU, 0.50s total GPU, 0.60s total wall, 2864x 
Run:  [572/856] unique [Device=0 Type=I8 KeepOption=KEEP_FIRST NumRows=10000000 Sort=0]
Pass: Cold: 1.168561ms GPU, 1.172973ms CPU, 2.34s total GPU, 2.39s total wall, 2000x 
Run:  [573/856] unique [Device=0 Type=I8 KeepOption=KEEP_FIRST NumRows=10000 Sort=1]
Pass: Cold: 0.118228ms GPU, 0.122295ms CPU, 0.50s total GPU, 0.65s total wall, 4240x 
Run:  [574/856] unique [Device=0 Type=I8 KeepOption=KEEP_FIRST NumRows=100000 Sort=1]
Pass: Cold: 0.117395ms GPU, 0.121473ms CPU, 0.50s total GPU, 0.65s total wall, 4272x 
Run:  [575/856] unique [Device=0 Type=I8 KeepOption=KEEP_FIRST NumRows=1000000 Sort=1]
Pass: Cold: 0.153566ms GPU, 0.157662ms CPU, 0.50s total GPU, 0.61s total wall, 3264x 
Run:  [576/856] unique [Device=0 Type=I8 KeepOption=KEEP_FIRST NumRows=10000000 Sort=1]
Pass: Cold: 0.509484ms GPU, 0.513807ms CPU, 1.35s total GPU, 1.42s total wall, 2640x 
Run:  [577/856] unique [Device=0 Type=I8 KeepOption=KEEP_LAST NumRows=10000 Sort=0]
Pass: Cold: 0.117449ms GPU, 0.121542ms CPU, 0.50s total GPU, 0.65s total wall, 4272x 
Run:  [578/856] unique [Device=0 Type=I8 KeepOption=KEEP_LAST NumRows=100000 Sort=0]
Pass: Cold: 0.120435ms GPU, 0.124519ms CPU, 0.50s total GPU, 0.64s total wall, 4160x 
Run:  [579/856] unique [Device=0 Type=I8 KeepOption=KEEP_LAST NumRows=1000000 Sort=0]
Pass: Cold: 0.177092ms GPU, 0.181112ms CPU, 0.50s total GPU, 0.60s total wall, 2832x 
Run:  [580/856] unique [Device=0 Type=I8 KeepOption=KEEP_LAST NumRows=10000000 Sort=0]
Pass: Cold: 1.167550ms GPU, 1.171974ms CPU, 2.22s total GPU, 2.27s total wall, 1904x 
Run:  [581/856] unique [Device=0 Type=I8 KeepOption=KEEP_LAST NumRows=10000 Sort=1]
Pass: Cold: 0.118050ms GPU, 0.122124ms CPU, 0.55s total GPU, 0.71s total wall, 4688x 
Run:  [582/856] unique [Device=0 Type=I8 KeepOption=KEEP_LAST NumRows=100000 Sort=1]
Pass: Cold: 0.117899ms GPU, 0.121959ms CPU, 0.50s total GPU, 0.65s total wall, 4256x 
Run:  [583/856] unique [Device=0 Type=I8 KeepOption=KEEP_LAST NumRows=1000000 Sort=1]
Pass: Cold: 0.154855ms GPU, 0.158891ms CPU, 0.50s total GPU, 0.61s total wall, 3232x 
Run:  [584/856] unique [Device=0 Type=I8 KeepOption=KEEP_LAST NumRows=10000000 Sort=1]
Pass: Cold: 0.535458ms GPU, 0.539801ms CPU, 1.27s total GPU, 1.33s total wall, 2368x 
Run:  [585/856] unique [Device=0 Type=I8 KeepOption=KEEP_NONE NumRows=10000 Sort=0]
Pass: Cold: 0.118956ms GPU, 0.123040ms CPU, 0.50s total GPU, 0.64s total wall, 4208x 
Run:  [586/856] unique [Device=0 Type=I8 KeepOption=KEEP_NONE NumRows=100000 Sort=0]
Pass: Cold: 0.118793ms GPU, 0.122840ms CPU, 0.50s total GPU, 0.64s total wall, 4224x 
Run:  [587/856] unique [Device=0 Type=I8 KeepOption=KEEP_NONE NumRows=1000000 Sort=0]
Pass: Cold: 0.175480ms GPU, 0.179541ms CPU, 0.50s total GPU, 0.60s total wall, 2864x 
Run:  [588/856] unique [Device=0 Type=I8 KeepOption=KEEP_NONE NumRows=10000000 Sort=0]
Pass: Cold: 1.045790ms GPU, 1.050160ms CPU, 1.69s total GPU, 1.73s total wall, 1616x 
Run:  [589/856] unique [Device=0 Type=I8 KeepOption=KEEP_NONE NumRows=10000 Sort=1]
Pass: Cold: 0.087999ms GPU, 0.092053ms CPU, 0.50s total GPU, 0.70s total wall, 5696x 
Run:  [590/856] unique [Device=0 Type=I8 KeepOption=KEEP_NONE NumRows=100000 Sort=1]
Pass: Cold: 0.087967ms GPU, 0.092000ms CPU, 0.50s total GPU, 0.69s total wall, 5696x 
Run:  [591/856] unique [Device=0 Type=I8 KeepOption=KEEP_NONE NumRows=1000000 Sort=1]
Pass: Cold: 0.124717ms GPU, 0.128730ms CPU, 0.50s total GPU, 0.63s total wall, 4016x 
Run:  [592/856] unique [Device=0 Type=I8 KeepOption=KEEP_NONE NumRows=10000000 Sort=1]
Pass: Cold: 0.485033ms GPU, 0.489373ms CPU, 1.26s total GPU, 1.34s total wall, 2608x 
Run:  [593/856] unique [Device=0 Type=I32 KeepOption=KEEP_FIRST NumRows=10000 Sort=0]
Pass: Cold: 0.112015ms GPU, 0.116065ms CPU, 0.50s total GPU, 0.65s total wall, 4464x 
Run:  [594/856] unique [Device=0 Type=I32 KeepOption=KEEP_FIRST NumRows=100000 Sort=0]
Pass: Cold: 0.113914ms GPU, 0.117978ms CPU, 0.50s total GPU, 0.65s total wall, 4400x 
Run:  [595/856] unique [Device=0 Type=I32 KeepOption=KEEP_FIRST NumRows=1000000 Sort=0]
Pass: Cold: 0.274180ms GPU, 0.278269ms CPU, 0.50s total GPU, 0.55s total wall, 1824x 
Run:  [596/856] unique [Device=0 Type=I32 KeepOption=KEEP_FIRST NumRows=10000000 Sort=0]
Pass: Cold: 1.786612ms GPU, 1.790964ms CPU, 2.63s total GPU, 2.67s total wall, 1472x 
Run:  [597/856] unique [Device=0 Type=I32 KeepOption=KEEP_FIRST NumRows=10000 Sort=1]
Pass: Cold: 0.112503ms GPU, 0.116575ms CPU, 0.50s total GPU, 0.65s total wall, 4448x 
Run:  [598/856] unique [Device=0 Type=I32 KeepOption=KEEP_FIRST NumRows=100000 Sort=1]
Pass: Cold: 0.115040ms GPU, 0.119121ms CPU, 0.50s total GPU, 0.65s total wall, 4352x 
Run:  [599/856] unique [Device=0 Type=I32 KeepOption=KEEP_FIRST NumRows=1000000 Sort=1]
Pass: Cold: 0.176928ms GPU, 0.180962ms CPU, 0.50s total GPU, 0.57s total wall, 2832x 
Run:  [600/856] unique [Device=0 Type=I32 KeepOption=KEEP_FIRST NumRows=10000000 Sort=1]
Pass: Cold: 0.767612ms GPU, 0.772043ms CPU, 1.58s total GPU, 1.63s total wall, 2064x 
Run:  [601/856] unique [Device=0 Type=I32 KeepOption=KEEP_LAST NumRows=10000 Sort=0]
Pass: Cold: 0.114407ms GPU, 0.118519ms CPU, 0.50s total GPU, 0.65s total wall, 4384x 
Run:  [602/856] unique [Device=0 Type=I32 KeepOption=KEEP_LAST NumRows=100000 Sort=0]
Pass: Cold: 0.114774ms GPU, 0.118828ms CPU, 0.50s total GPU, 0.65s total wall, 4368x 
Run:  [603/856] unique [Device=0 Type=I32 KeepOption=KEEP_LAST NumRows=1000000 Sort=0]
Pass: Cold: 0.276072ms GPU, 0.280170ms CPU, 0.50s total GPU, 0.55s total wall, 1824x 
Run:  [604/856] unique [Device=0 Type=I32 KeepOption=KEEP_LAST NumRows=10000000 Sort=0]
Pass: Cold: 1.785314ms GPU, 1.789703ms CPU, 4.66s total GPU, 4.73s total wall, 2608x 
Run:  [605/856] unique [Device=0 Type=I32 KeepOption=KEEP_LAST NumRows=10000 Sort=1]
Pass: Cold: 0.113252ms GPU, 0.117357ms CPU, 0.50s total GPU, 0.65s total wall, 4416x 
Run:  [606/856] unique [Device=0 Type=I32 KeepOption=KEEP_LAST NumRows=100000 Sort=1]
Pass: Cold: 0.114551ms GPU, 0.118620ms CPU, 0.50s total GPU, 0.65s total wall, 4368x 
Run:  [607/856] unique [Device=0 Type=I32 KeepOption=KEEP_LAST NumRows=1000000 Sort=1]
Pass: Cold: 0.178384ms GPU, 0.182451ms CPU, 0.50s total GPU, 0.57s total wall, 2816x 
Run:  [608/856] unique [Device=0 Type=I32 KeepOption=KEEP_LAST NumRows=10000000 Sort=1]
Pass: Cold: 0.795815ms GPU, 0.800304ms CPU, 0.55s total GPU, 0.56s total wall, 688x 
Run:  [609/856] unique [Device=0 Type=I32 KeepOption=KEEP_NONE NumRows=10000 Sort=0]
Pass: Cold: 0.113707ms GPU, 0.117831ms CPU, 0.50s total GPU, 0.65s total wall, 4400x 
Run:  [610/856] unique [Device=0 Type=I32 KeepOption=KEEP_NONE NumRows=100000 Sort=0]
Pass: Cold: 0.116552ms GPU, 0.120594ms CPU, 0.50s total GPU, 0.65s total wall, 4304x 
Run:  [611/856] unique [Device=0 Type=I32 KeepOption=KEEP_NONE NumRows=1000000 Sort=0]
Pass: Cold: 0.189537ms GPU, 0.193645ms CPU, 0.50s total GPU, 0.58s total wall, 2640x 
Run:  [612/856] unique [Device=0 Type=I32 KeepOption=KEEP_NONE NumRows=10000000 Sort=0]
Pass: Cold: 1.287641ms GPU, 1.292126ms CPU, 1.75s total GPU, 1.79s total wall, 1360x 
Run:  [613/856] unique [Device=0 Type=I32 KeepOption=KEEP_NONE NumRows=10000 Sort=1]
Pass: Cold: 0.083485ms GPU, 0.087558ms CPU, 0.50s total GPU, 0.71s total wall, 6000x 
Run:  [614/856] unique [Device=0 Type=I32 KeepOption=KEEP_NONE NumRows=100000 Sort=1]
Pass: Cold: 0.084341ms GPU, 0.088372ms CPU, 0.50s total GPU, 0.70s total wall, 5936x 
Run:  [615/856] unique [Device=0 Type=I32 KeepOption=KEEP_NONE NumRows=1000000 Sort=1]
Pass: Cold: 0.138575ms GPU, 0.142585ms CPU, 0.56s total GPU, 0.67s total wall, 4016x 
Run:  [616/856] unique [Device=0 Type=I32 KeepOption=KEEP_NONE NumRows=10000000 Sort=1]
Pass: Cold: 0.667663ms GPU, 0.672043ms CPU, 1.37s total GPU, 1.42s total wall, 2048x 
Run:  [617/856] unique [Device=0 Type=I64 KeepOption=KEEP_FIRST NumRows=10000 Sort=0]
Pass: Cold: 0.122413ms GPU, 0.126501ms CPU, 0.50s total GPU, 0.64s total wall, 4096x 
Run:  [618/856] unique [Device=0 Type=I64 KeepOption=KEEP_FIRST NumRows=100000 Sort=0]
Pass: Cold: 0.124099ms GPU, 0.128178ms CPU, 0.50s total GPU, 0.64s total wall, 4032x 
Run:  [619/856] unique [Device=0 Type=I64 KeepOption=KEEP_FIRST NumRows=1000000 Sort=0]
Pass: Cold: 0.396041ms GPU, 0.400079ms CPU, 0.50s total GPU, 0.53s total wall, 1264x 
Run:  [620/856] unique [Device=0 Type=I64 KeepOption=KEEP_FIRST NumRows=10000000 Sort=0]
Pass: Cold: 2.801349ms GPU, 2.805673ms CPU, 0.50s total GPU, 0.51s total wall, 179x 
Run:  [621/856] unique [Device=0 Type=I64 KeepOption=KEEP_FIRST NumRows=10000 Sort=1]
Pass: Cold: 0.122976ms GPU, 0.127081ms CPU, 0.50s total GPU, 0.64s total wall, 4080x 
Run:  [622/856] unique [Device=0 Type=I64 KeepOption=KEEP_FIRST NumRows=100000 Sort=1]
Pass: Cold: 0.125482ms GPU, 0.129554ms CPU, 0.50s total GPU, 0.64s total wall, 4000x 
Run:  [623/856] unique [Device=0 Type=I64 KeepOption=KEEP_FIRST NumRows=1000000 Sort=1]
Pass: Cold: 0.223522ms GPU, 0.227612ms CPU, 0.58s total GPU, 0.64s total wall, 2592x 
Run:  [624/856] unique [Device=0 Type=I64 KeepOption=KEEP_FIRST NumRows=10000000 Sort=1]
Pass: Cold: 1.094640ms GPU, 1.099137ms CPU, 1.89s total GPU, 1.93s total wall, 1728x 
Run:  [625/856] unique [Device=0 Type=I64 KeepOption=KEEP_LAST NumRows=10000 Sort=0]
Pass: Cold: 0.122619ms GPU, 0.126712ms CPU, 0.50s total GPU, 0.64s total wall, 4080x 
Run:  [626/856] unique [Device=0 Type=I64 KeepOption=KEEP_LAST NumRows=100000 Sort=0]
Pass: Cold: 0.125327ms GPU, 0.129406ms CPU, 0.50s total GPU, 0.64s total wall, 4000x 
Run:  [627/856] unique [Device=0 Type=I64 KeepOption=KEEP_LAST NumRows=1000000 Sort=0]
Pass: Cold: 0.400655ms GPU, 0.404677ms CPU, 0.50s total GPU, 0.53s total wall, 1248x 
Run:  [628/856] unique [Device=0 Type=I64 KeepOption=KEEP_LAST NumRows=10000000 Sort=0]
Pass: Cold: 2.804395ms GPU, 2.808632ms CPU, 2.17s total GPU, 2.19s total wall, 773x 
Run:  [629/856] unique [Device=0 Type=I64 KeepOption=KEEP_LAST NumRows=10000 Sort=1]
Pass: Cold: 0.122507ms GPU, 0.126591ms CPU, 0.50s total GPU, 0.64s total wall, 4096x 
Run:  [630/856] unique [Device=0 Type=I64 KeepOption=KEEP_LAST NumRows=100000 Sort=1]
Pass: Cold: 0.127013ms GPU, 0.131069ms CPU, 0.50s total GPU, 0.63s total wall, 3952x 
Run:  [631/856] unique [Device=0 Type=I64 KeepOption=KEEP_LAST NumRows=1000000 Sort=1]
Pass: Cold: 0.225960ms GPU, 0.230002ms CPU, 0.50s total GPU, 0.56s total wall, 2224x 
Run:  [632/856] unique [Device=0 Type=I64 KeepOption=KEEP_LAST NumRows=10000000 Sort=1]
Pass: Cold: 1.110360ms GPU, 1.114861ms CPU, 2.29s total GPU, 2.34s total wall, 2064x 
Run:  [633/856] unique [Device=0 Type=I64 KeepOption=KEEP_NONE NumRows=10000 Sort=0]
Pass: Cold: 0.124713ms GPU, 0.128824ms CPU, 0.50s total GPU, 0.64s total wall, 4016x 
Run:  [634/856] unique [Device=0 Type=I64 KeepOption=KEEP_NONE NumRows=100000 Sort=0]
Pass: Cold: 0.127056ms GPU, 0.131102ms CPU, 0.50s total GPU, 0.63s total wall, 3936x 
Run:  [635/856] unique [Device=0 Type=I64 KeepOption=KEEP_NONE NumRows=1000000 Sort=0]
Pass: Cold: 0.238078ms GPU, 0.242152ms CPU, 0.50s total GPU, 0.56s total wall, 2112x 
Run:  [636/856] unique [Device=0 Type=I64 KeepOption=KEEP_NONE NumRows=10000000 Sort=0]
Pass: Cold: 1.716940ms GPU, 1.721431ms CPU, 2.25s total GPU, 2.29s total wall, 1312x 
Run:  [637/856] unique [Device=0 Type=I64 KeepOption=KEEP_NONE NumRows=10000 Sort=1]
Pass: Cold: 0.091619ms GPU, 0.095693ms CPU, 0.50s total GPU, 0.69s total wall, 5472x 
Run:  [638/856] unique [Device=0 Type=I64 KeepOption=KEEP_NONE NumRows=100000 Sort=1]
Pass: Cold: 0.094887ms GPU, 0.098916ms CPU, 0.50s total GPU, 0.68s total wall, 5280x 
Run:  [639/856] unique [Device=0 Type=I64 KeepOption=KEEP_NONE NumRows=1000000 Sort=1]
Pass: Cold: 0.179542ms GPU, 0.183582ms CPU, 0.50s total GPU, 0.57s total wall, 2800x 
Run:  [640/856] unique [Device=0 Type=I64 KeepOption=KEEP_NONE NumRows=10000000 Sort=1]
Pass: Cold: 0.994440ms GPU, 0.998946ms CPU, 0.65s total GPU, 0.67s total wall, 656x 
Run:  [641/856] unique [Device=0 Type=F32 KeepOption=KEEP_FIRST NumRows=10000 Sort=0]
Pass: Cold: 0.114334ms GPU, 0.118424ms CPU, 0.50s total GPU, 0.65s total wall, 4384x 
Run:  [642/856] unique [Device=0 Type=F32 KeepOption=KEEP_FIRST NumRows=100000 Sort=0]
Pass: Cold: 0.119568ms GPU, 0.123656ms CPU, 0.55s total GPU, 0.71s total wall, 4640x 
Run:  [643/856] unique [Device=0 Type=F32 KeepOption=KEEP_FIRST NumRows=1000000 Sort=0]
Pass: Cold: 0.283470ms GPU, 0.287570ms CPU, 0.50s total GPU, 0.55s total wall, 1776x 
Run:  [644/856] unique [Device=0 Type=F32 KeepOption=KEEP_FIRST NumRows=10000000 Sort=0]
Pass: Cold: 1.836456ms GPU, 1.840810ms CPU, 1.76s total GPU, 1.79s total wall, 960x 
Run:  [645/856] unique [Device=0 Type=F32 KeepOption=KEEP_FIRST NumRows=10000 Sort=1]
Pass: Cold: 0.117082ms GPU, 0.121158ms CPU, 0.50s total GPU, 0.64s total wall, 4272x 
Run:  [646/856] unique [Device=0 Type=F32 KeepOption=KEEP_FIRST NumRows=100000 Sort=1]
Pass: Cold: 0.120376ms GPU, 0.124450ms CPU, 0.50s total GPU, 0.64s total wall, 4160x 
Run:  [647/856] unique [Device=0 Type=F32 KeepOption=KEEP_FIRST NumRows=1000000 Sort=1]
Pass: Cold: 0.276453ms GPU, 0.280569ms CPU, 0.77s total GPU, 0.85s total wall, 2800x 
Run:  [648/856] unique [Device=0 Type=F32 KeepOption=KEEP_FIRST NumRows=10000000 Sort=1]
Pass: Cold: 1.687581ms GPU, 1.691967ms CPU, 3.46s total GPU, 3.51s total wall, 2048x 
Run:  [649/856] unique [Device=0 Type=F32 KeepOption=KEEP_LAST NumRows=10000 Sort=0]
Pass: Cold: 0.116103ms GPU, 0.120144ms CPU, 0.50s total GPU, 0.65s total wall, 4320x 
Run:  [650/856] unique [Device=0 Type=F32 KeepOption=KEEP_LAST NumRows=100000 Sort=0]
Pass: Cold: 0.117516ms GPU, 0.121551ms CPU, 0.50s total GPU, 0.64s total wall, 4256x 
Run:  [651/856] unique [Device=0 Type=F32 KeepOption=KEEP_LAST NumRows=1000000 Sort=0]
Pass: Cold: 0.287826ms GPU, 0.291893ms CPU, 0.50s total GPU, 0.55s total wall, 1744x 
Run:  [652/856] unique [Device=0 Type=F32 KeepOption=KEEP_LAST NumRows=10000000 Sort=0]
Pass: Cold: 1.837239ms GPU, 1.841630ms CPU, 3.23s total GPU, 3.28s total wall, 1760x 
Run:  [653/856] unique [Device=0 Type=F32 KeepOption=KEEP_LAST NumRows=10000 Sort=1]
Pass: Cold: 0.117795ms GPU, 0.121863ms CPU, 0.50s total GPU, 0.64s total wall, 4256x 
Run:  [654/856] unique [Device=0 Type=F32 KeepOption=KEEP_LAST NumRows=100000 Sort=1]
Pass: Cold: 0.121960ms GPU, 0.126028ms CPU, 0.50s total GPU, 0.64s total wall, 4112x 
Run:  [655/856] unique [Device=0 Type=F32 KeepOption=KEEP_LAST NumRows=1000000 Sort=1]
Pass: Cold: 0.277872ms GPU, 0.281948ms CPU, 0.50s total GPU, 0.55s total wall, 1808x 
Run:  [656/856] unique [Device=0 Type=F32 KeepOption=KEEP_LAST NumRows=10000000 Sort=1]
Pass: Cold: 1.688077ms GPU, 1.692418ms CPU, 3.11s total GPU, 3.15s total wall, 1840x 
Run:  [657/856] unique [Device=0 Type=F32 KeepOption=KEEP_NONE NumRows=10000 Sort=0]
Pass: Cold: 0.117590ms GPU, 0.121645ms CPU, 0.50s total GPU, 0.64s total wall, 4256x 
Run:  [658/856] unique [Device=0 Type=F32 KeepOption=KEEP_NONE NumRows=100000 Sort=0]
Pass: Cold: 0.119741ms GPU, 0.123830ms CPU, 0.50s total GPU, 0.64s total wall, 4176x 
Run:  [659/856] unique [Device=0 Type=F32 KeepOption=KEEP_NONE NumRows=1000000 Sort=0]
Pass: Cold: 0.195574ms GPU, 0.199566ms CPU, 0.50s total GPU, 0.57s total wall, 2560x 
Run:  [660/856] unique [Device=0 Type=F32 KeepOption=KEEP_NONE NumRows=10000000 Sort=0]
Pass: Cold: 1.363133ms GPU, 1.367595ms CPU, 2.18s total GPU, 2.22s total wall, 1600x 
Run:  [661/856] unique [Device=0 Type=F32 KeepOption=KEEP_NONE NumRows=10000 Sort=1]
Pass: Cold: 0.119126ms GPU, 0.123241ms CPU, 0.50s total GPU, 0.64s total wall, 4208x 
Run:  [662/856] unique [Device=0 Type=F32 KeepOption=KEEP_NONE NumRows=100000 Sort=1]
Pass: Cold: 0.121218ms GPU, 0.125291ms CPU, 0.50s total GPU, 0.64s total wall, 4128x 
Run:  [663/856] unique [Device=0 Type=F32 KeepOption=KEEP_NONE NumRows=1000000 Sort=1]
Pass: Cold: 0.202075ms GPU, 0.206158ms CPU, 0.50s total GPU, 0.56s total wall, 2480x 
Run:  [664/856] unique [Device=0 Type=F32 KeepOption=KEEP_NONE NumRows=10000000 Sort=1]
Pass: Cold: 1.196275ms GPU, 1.200706ms CPU, 2.09s total GPU, 2.13s total wall, 1744x 
Run:  [665/856] unique [Device=0 Type=cudf::timestamp_ms KeepOption=KEEP_FIRST NumRows=10000 Sort=0]
Pass: Cold: 0.121309ms GPU, 0.125435ms CPU, 0.50s total GPU, 0.64s total wall, 4128x 
Run:  [666/856] unique [Device=0 Type=cudf::timestamp_ms KeepOption=KEEP_FIRST NumRows=100000 Sort=0]
Pass: Cold: 0.124166ms GPU, 0.128227ms CPU, 0.50s total GPU, 0.64s total wall, 4032x 
Run:  [667/856] unique [Device=0 Type=cudf::timestamp_ms KeepOption=KEEP_FIRST NumRows=1000000 Sort=0]
Pass: Cold: 0.399650ms GPU, 0.403770ms CPU, 0.51s total GPU, 0.54s total wall, 1264x 
Run:  [668/856] unique [Device=0 Type=cudf::timestamp_ms KeepOption=KEEP_FIRST NumRows=10000000 Sort=0]
Pass: Cold: 2.815770ms GPU, 2.820041ms CPU, 2.88s total GPU, 2.91s total wall, 1024x 
Run:  [669/856] unique [Device=0 Type=cudf::timestamp_ms KeepOption=KEEP_FIRST NumRows=10000 Sort=1]
Pass: Cold: 0.120759ms GPU, 0.124837ms CPU, 0.50s total GPU, 0.64s total wall, 4144x 
Run:  [670/856] unique [Device=0 Type=cudf::timestamp_ms KeepOption=KEEP_FIRST NumRows=100000 Sort=1]
Pass: Cold: 0.125492ms GPU, 0.129572ms CPU, 0.50s total GPU, 0.64s total wall, 4000x 
Run:  [671/856] unique [Device=0 Type=cudf::timestamp_ms KeepOption=KEEP_FIRST NumRows=1000000 Sort=1]
Pass: Cold: 0.214975ms GPU, 0.219043ms CPU, 0.53s total GPU, 0.59s total wall, 2448x 
Run:  [672/856] unique [Device=0 Type=cudf::timestamp_ms KeepOption=KEEP_FIRST NumRows=10000000 Sort=1]
Pass: Cold: 0.909930ms GPU, 0.914370ms CPU, 1.34s total GPU, 1.38s total wall, 1472x 
Run:  [673/856] unique [Device=0 Type=cudf::timestamp_ms KeepOption=KEEP_LAST NumRows=10000 Sort=0]
Pass: Cold: 0.122198ms GPU, 0.126299ms CPU, 0.50s total GPU, 0.64s total wall, 4096x 
Run:  [674/856] unique [Device=0 Type=cudf::timestamp_ms KeepOption=KEEP_LAST NumRows=100000 Sort=0]
Pass: Cold: 0.125628ms GPU, 0.129692ms CPU, 0.50s total GPU, 0.63s total wall, 3984x 
Run:  [675/856] unique [Device=0 Type=cudf::timestamp_ms KeepOption=KEEP_LAST NumRows=1000000 Sort=0]
Pass: Cold: 0.402522ms GPU, 0.406540ms CPU, 0.50s total GPU, 0.54s total wall, 1248x 
Run:  [676/856] unique [Device=0 Type=cudf::timestamp_ms KeepOption=KEEP_LAST NumRows=10000000 Sort=0]
Pass: Cold: 2.815312ms GPU, 2.819617ms CPU, 3.52s total GPU, 3.55s total wall, 1250x 
Run:  [677/856] unique [Device=0 Type=cudf::timestamp_ms KeepOption=KEEP_LAST NumRows=10000 Sort=1]
Pass: Cold: 0.121909ms GPU, 0.125978ms CPU, 0.50s total GPU, 0.64s total wall, 4112x 
Run:  [678/856] unique [Device=0 Type=cudf::timestamp_ms KeepOption=KEEP_LAST NumRows=100000 Sort=1]
Pass: Cold: 0.130528ms GPU, 0.134589ms CPU, 0.50s total GPU, 0.63s total wall, 3840x 
Run:  [679/856] unique [Device=0 Type=cudf::timestamp_ms KeepOption=KEEP_LAST NumRows=1000000 Sort=1]
Pass: Cold: 0.217053ms GPU, 0.221091ms CPU, 0.52s total GPU, 0.58s total wall, 2400x 
Run:  [680/856] unique [Device=0 Type=cudf::timestamp_ms KeepOption=KEEP_LAST NumRows=10000000 Sort=1]
Pass: Cold: 0.937045ms GPU, 0.941565ms CPU, 1.81s total GPU, 1.86s total wall, 1936x 
Run:  [681/856] unique [Device=0 Type=cudf::timestamp_ms KeepOption=KEEP_NONE NumRows=10000 Sort=0]
Pass: Cold: 0.123062ms GPU, 0.127162ms CPU, 0.50s total GPU, 0.64s total wall, 4064x 
Run:  [682/856] unique [Device=0 Type=cudf::timestamp_ms KeepOption=KEEP_NONE NumRows=100000 Sort=0]
Pass: Cold: 0.126911ms GPU, 0.130996ms CPU, 0.50s total GPU, 0.63s total wall, 3952x 
Run:  [683/856] unique [Device=0 Type=cudf::timestamp_ms KeepOption=KEEP_NONE NumRows=1000000 Sort=0]
Pass: Cold: 0.240499ms GPU, 0.244587ms CPU, 0.50s total GPU, 0.56s total wall, 2080x 
Run:  [684/856] unique [Device=0 Type=cudf::timestamp_ms KeepOption=KEEP_NONE NumRows=10000000 Sort=0]
Pass: Cold: 1.735340ms GPU, 1.739832ms CPU, 3.25s total GPU, 3.30s total wall, 1872x 
Run:  [685/856] unique [Device=0 Type=cudf::timestamp_ms KeepOption=KEEP_NONE NumRows=10000 Sort=1]
Pass: Cold: 0.091803ms GPU, 0.095849ms CPU, 0.50s total GPU, 0.68s total wall, 5456x 
Run:  [686/856] unique [Device=0 Type=cudf::timestamp_ms KeepOption=KEEP_NONE NumRows=100000 Sort=1]
Pass: Cold: 0.095572ms GPU, 0.099634ms CPU, 0.50s total GPU, 0.67s total wall, 5232x 
Run:  [687/856] unique [Device=0 Type=cudf::timestamp_ms KeepOption=KEEP_NONE NumRows=1000000 Sort=1]
Pass: Cold: 0.181860ms GPU, 0.185902ms CPU, 0.50s total GPU, 0.57s total wall, 2752x 
Run:  [688/856] unique [Device=0 Type=cudf::timestamp_ms KeepOption=KEEP_NONE NumRows=10000000 Sort=1]
Pass: Cold: 0.886240ms GPU, 0.890746ms CPU, 1.43s total GPU, 1.47s total wall, 1616x 
Run:  [689/856] unique_list [Device=0 Type=I32 KeepOption=KEEP_FIRST null_probability=0 ColumnSize=10000 Sort=0]
Pass: Cold: 0.092526ms GPU, 0.096626ms CPU, 0.50s total GPU, 0.69s total wall, 5408x 
Run:  [690/856] unique_list [Device=0 Type=I32 KeepOption=KEEP_FIRST null_probability=0.1 ColumnSize=10000 Sort=0]
Pass: Cold: 0.091177ms GPU, 0.095253ms CPU, 0.50s total GPU, 0.69s total wall, 5488x 
Run:  [691/856] unique_list [Device=0 Type=I32 KeepOption=KEEP_FIRST null_probability=0 ColumnSize=100000 Sort=0]
Pass: Cold: 0.091926ms GPU, 0.095989ms CPU, 0.50s total GPU, 0.69s total wall, 5440x 
Run:  [692/856] unique_list [Device=0 Type=I32 KeepOption=KEEP_FIRST null_probability=0.1 ColumnSize=100000 Sort=0]
Pass: Cold: 0.093534ms GPU, 0.097594ms CPU, 0.50s total GPU, 0.69s total wall, 5360x 
Run:  [693/856] unique_list [Device=0 Type=I32 KeepOption=KEEP_FIRST null_probability=0 ColumnSize=1000000 Sort=0]
Pass: Cold: 0.101821ms GPU, 0.105902ms CPU, 0.50s total GPU, 0.67s total wall, 4912x 
Run:  [694/856] unique_list [Device=0 Type=I32 KeepOption=KEEP_FIRST null_probability=0.1 ColumnSize=1000000 Sort=0]
Pass: Cold: 0.102129ms GPU, 0.106215ms CPU, 0.50s total GPU, 0.67s total wall, 4912x 
Run:  [695/856] unique_list [Device=0 Type=I32 KeepOption=KEEP_FIRST null_probability=0 ColumnSize=10000000 Sort=0]
Pass: Cold: 0.290515ms GPU, 0.294688ms CPU, 0.64s total GPU, 0.69s total wall, 2208x 
Run:  [696/856] unique_list [Device=0 Type=I32 KeepOption=KEEP_FIRST null_probability=0.1 ColumnSize=10000000 Sort=0]
Pass: Cold: 0.308052ms GPU, 0.312338ms CPU, 0.50s total GPU, 0.54s total wall, 1632x 
Run:  [697/856] unique_list [Device=0 Type=I32 KeepOption=KEEP_FIRST null_probability=0 ColumnSize=100000000 Sort=0]
Pass: Cold: 2.028748ms GPU, 2.033284ms CPU, 3.05s total GPU, 3.09s total wall, 1504x 
Run:  [698/856] unique_list [Device=0 Type=I32 KeepOption=KEEP_FIRST null_probability=0.1 ColumnSize=100000000 Sort=0]
Pass: Cold: 2.277657ms GPU, 2.282220ms CPU, 2.37s total GPU, 2.40s total wall, 1040x 
Run:  [699/856] unique_list [Device=0 Type=I32 KeepOption=KEEP_FIRST null_probability=0 ColumnSize=10000 Sort=1]
Pass: Cold: 0.092184ms GPU, 0.096311ms CPU, 0.50s total GPU, 0.69s total wall, 5424x 
Run:  [700/856] unique_list [Device=0 Type=I32 KeepOption=KEEP_FIRST null_probability=0.1 ColumnSize=10000 Sort=1]
Pass: Cold: 0.091366ms GPU, 0.095434ms CPU, 0.50s total GPU, 0.69s total wall, 5488x 
Run:  [701/856] unique_list [Device=0 Type=I32 KeepOption=KEEP_FIRST null_probability=0 ColumnSize=100000 Sort=1]
Pass: Cold: 0.093232ms GPU, 0.097304ms CPU, 0.50s total GPU, 0.69s total wall, 5376x 
Run:  [702/856] unique_list [Device=0 Type=I32 KeepOption=KEEP_FIRST null_probability=0.1 ColumnSize=100000 Sort=1]
Pass: Cold: 0.091460ms GPU, 0.095552ms CPU, 0.50s total GPU, 0.69s total wall, 5472x 
Run:  [703/856] unique_list [Device=0 Type=I32 KeepOption=KEEP_FIRST null_probability=0 ColumnSize=1000000 Sort=1]
Pass: Cold: 0.099013ms GPU, 0.103084ms CPU, 0.50s total GPU, 0.67s total wall, 5056x 
Run:  [704/856] unique_list [Device=0 Type=I32 KeepOption=KEEP_FIRST null_probability=0.1 ColumnSize=1000000 Sort=1]
Pass: Cold: 0.097679ms GPU, 0.101769ms CPU, 0.50s total GPU, 0.68s total wall, 5120x 
Run:  [705/856] unique_list [Device=0 Type=I32 KeepOption=KEEP_FIRST null_probability=0 ColumnSize=10000000 Sort=1]
Pass: Cold: 0.193704ms GPU, 0.197824ms CPU, 0.50s total GPU, 0.57s total wall, 2592x 
Run:  [706/856] unique_list [Device=0 Type=I32 KeepOption=KEEP_FIRST null_probability=0.1 ColumnSize=10000000 Sort=1]
Pass: Cold: 0.198497ms GPU, 0.202635ms CPU, 0.50s total GPU, 0.57s total wall, 2528x 
Run:  [707/856] unique_list [Device=0 Type=I32 KeepOption=KEEP_FIRST null_probability=0 ColumnSize=100000000 Sort=1]
Pass: Cold: 1.113146ms GPU, 1.117692ms CPU, 2.65s total GPU, 2.72s total wall, 2384x 
Run:  [708/856] unique_list [Device=0 Type=I32 KeepOption=KEEP_FIRST null_probability=0.1 ColumnSize=100000000 Sort=1]
Pass: Cold: 1.237468ms GPU, 1.242089ms CPU, 1.92s total GPU, 1.96s total wall, 1552x 
Run:  [709/856] unique_list [Device=0 Type=I32 KeepOption=KEEP_LAST null_probability=0 ColumnSize=10000 Sort=0]
Pass: Cold: 0.093589ms GPU, 0.097654ms CPU, 0.50s total GPU, 0.69s total wall, 5344x 
Run:  [710/856] unique_list [Device=0 Type=I32 KeepOption=KEEP_LAST null_probability=0.1 ColumnSize=10000 Sort=0]
Pass: Cold: 0.092743ms GPU, 0.096791ms CPU, 0.50s total GPU, 0.69s total wall, 5392x 
Run:  [711/856] unique_list [Device=0 Type=I32 KeepOption=KEEP_LAST null_probability=0 ColumnSize=100000 Sort=0]
Pass: Cold: 0.092223ms GPU, 0.096276ms CPU, 0.50s total GPU, 0.69s total wall, 5424x 
Run:  [712/856] unique_list [Device=0 Type=I32 KeepOption=KEEP_LAST null_probability=0.1 ColumnSize=100000 Sort=0]
Pass: Cold: 0.093901ms GPU, 0.097954ms CPU, 0.50s total GPU, 0.68s total wall, 5328x 
Run:  [713/856] unique_list [Device=0 Type=I32 KeepOption=KEEP_LAST null_probability=0 ColumnSize=1000000 Sort=0]
Pass: Cold: 0.102790ms GPU, 0.106864ms CPU, 0.50s total GPU, 0.67s total wall, 4880x 
Run:  [714/856] unique_list [Device=0 Type=I32 KeepOption=KEEP_LAST null_probability=0.1 ColumnSize=1000000 Sort=0]
Pass: Cold: 0.104393ms GPU, 0.108486ms CPU, 0.50s total GPU, 0.66s total wall, 4800x 
Run:  [715/856] unique_list [Device=0 Type=I32 KeepOption=KEEP_LAST null_probability=0 ColumnSize=10000000 Sort=0]
Pass: Cold: 0.292140ms GPU, 0.296309ms CPU, 0.59s total GPU, 0.64s total wall, 2016x 
Run:  [716/856] unique_list [Device=0 Type=I32 KeepOption=KEEP_LAST null_probability=0.1 ColumnSize=10000000 Sort=0]
Pass: Cold: 0.312059ms GPU, 0.316283ms CPU, 0.50s total GPU, 0.54s total wall, 1616x 
Run:  [717/856] unique_list [Device=0 Type=I32 KeepOption=KEEP_LAST null_probability=0 ColumnSize=100000000 Sort=0]
Pass: Cold: 2.023585ms GPU, 2.028090ms CPU, 3.72s total GPU, 3.77s total wall, 1840x 
Run:  [718/856] unique_list [Device=0 Type=I32 KeepOption=KEEP_LAST null_probability=0.1 ColumnSize=100000000 Sort=0]
Pass: Cold: 2.277566ms GPU, 2.282151ms CPU, 2.26s total GPU, 2.28s total wall, 992x 
Run:  [719/856] unique_list [Device=0 Type=I32 KeepOption=KEEP_LAST null_probability=0 ColumnSize=10000 Sort=1]
Pass: Cold: 0.092357ms GPU, 0.096424ms CPU, 0.50s total GPU, 0.69s total wall, 5424x 
Run:  [720/856] unique_list [Device=0 Type=I32 KeepOption=KEEP_LAST null_probability=0.1 ColumnSize=10000 Sort=1]
Pass: Cold: 0.092712ms GPU, 0.096769ms CPU, 0.50s total GPU, 0.69s total wall, 5408x 
Run:  [721/856] unique_list [Device=0 Type=I32 KeepOption=KEEP_LAST null_probability=0 ColumnSize=100000 Sort=1]
Pass: Cold: 0.091753ms GPU, 0.095808ms CPU, 0.50s total GPU, 0.69s total wall, 5456x 
Run:  [722/856] unique_list [Device=0 Type=I32 KeepOption=KEEP_LAST null_probability=0.1 ColumnSize=100000 Sort=1]
Pass: Cold: 0.091085ms GPU, 0.095127ms CPU, 0.50s total GPU, 0.69s total wall, 5504x 
Run:  [723/856] unique_list [Device=0 Type=I32 KeepOption=KEEP_LAST null_probability=0 ColumnSize=1000000 Sort=1]
Pass: Cold: 0.100325ms GPU, 0.104369ms CPU, 0.50s total GPU, 0.67s total wall, 4992x 
Run:  [724/856] unique_list [Device=0 Type=I32 KeepOption=KEEP_LAST null_probability=0.1 ColumnSize=1000000 Sort=1]
Pass: Cold: 0.097277ms GPU, 0.101335ms CPU, 0.50s total GPU, 0.68s total wall, 5152x 
Run:  [725/856] unique_list [Device=0 Type=I32 KeepOption=KEEP_LAST null_probability=0 ColumnSize=10000000 Sort=1]
Pass: Cold: 0.198447ms GPU, 0.202502ms CPU, 0.50s total GPU, 0.57s total wall, 2528x 
Run:  [726/856] unique_list [Device=0 Type=I32 KeepOption=KEEP_LAST null_probability=0.1 ColumnSize=10000000 Sort=1]
Pass: Cold: 0.204658ms GPU, 0.208812ms CPU, 0.50s total GPU, 0.57s total wall, 2448x 
Run:  [727/856] unique_list [Device=0 Type=I32 KeepOption=KEEP_LAST null_probability=0 ColumnSize=100000000 Sort=1]
Pass: Cold: 1.157176ms GPU, 1.161724ms CPU, 2.63s total GPU, 2.69s total wall, 2272x 
Run:  [728/856] unique_list [Device=0 Type=I32 KeepOption=KEEP_LAST null_probability=0.1 ColumnSize=100000000 Sort=1]
Pass: Cold: 1.285708ms GPU, 1.290329ms CPU, 1.19s total GPU, 1.22s total wall, 928x 
Run:  [729/856] unique_list [Device=0 Type=I32 KeepOption=KEEP_NONE null_probability=0 ColumnSize=10000 Sort=0]
Pass: Cold: 0.092990ms GPU, 0.097038ms CPU, 0.50s total GPU, 0.69s total wall, 5392x 
Run:  [730/856] unique_list [Device=0 Type=I32 KeepOption=KEEP_NONE null_probability=0.1 ColumnSize=10000 Sort=0]
Pass: Cold: 0.093706ms GPU, 0.097741ms CPU, 0.50s total GPU, 0.69s total wall, 5344x 
Run:  [731/856] unique_list [Device=0 Type=I32 KeepOption=KEEP_NONE null_probability=0 ColumnSize=100000 Sort=0]
Pass: Cold: 0.094228ms GPU, 0.098253ms CPU, 0.50s total GPU, 0.68s total wall, 5312x 
Run:  [732/856] unique_list [Device=0 Type=I32 KeepOption=KEEP_NONE null_probability=0.1 ColumnSize=100000 Sort=0]
Pass: Cold: 0.094794ms GPU, 0.098808ms CPU, 0.50s total GPU, 0.68s total wall, 5280x 
Run:  [733/856] unique_list [Device=0 Type=I32 KeepOption=KEEP_NONE null_probability=0 ColumnSize=1000000 Sort=0]
Pass: Cold: 0.102645ms GPU, 0.106696ms CPU, 0.50s total GPU, 0.67s total wall, 4880x 
Run:  [734/856] unique_list [Device=0 Type=I32 KeepOption=KEEP_NONE null_probability=0.1 ColumnSize=1000000 Sort=0]
Pass: Cold: 0.105408ms GPU, 0.109443ms CPU, 0.51s total GPU, 0.68s total wall, 4864x 
Run:  [735/856] unique_list [Device=0 Type=I32 KeepOption=KEEP_NONE null_probability=0 ColumnSize=10000000 Sort=0]
Pass: Cold: 0.275689ms GPU, 0.279885ms CPU, 0.50s total GPU, 0.55s total wall, 1824x 
Run:  [736/856] unique_list [Device=0 Type=I32 KeepOption=KEEP_NONE null_probability=0.1 ColumnSize=10000000 Sort=0]
Pass: Cold: 0.310730ms GPU, 0.314998ms CPU, 0.56s total GPU, 0.60s total wall, 1792x 
Run:  [737/856] unique_list [Device=0 Type=I32 KeepOption=KEEP_NONE null_probability=0 ColumnSize=100000000 Sort=0]
Pass: Cold: 2.106217ms GPU, 2.110760ms CPU, 3.10s total GPU, 3.14s total wall, 1472x 
Run:  [738/856] unique_list [Device=0 Type=I32 KeepOption=KEEP_NONE null_probability=0.1 ColumnSize=100000000 Sort=0]
Pass: Cold: 2.509809ms GPU, 2.514445ms CPU, 1.85s total GPU, 1.87s total wall, 736x 
Run:  [739/856] unique_list [Device=0 Type=I32 KeepOption=KEEP_NONE null_probability=0 ColumnSize=10000 Sort=1]
Pass: Cold: 0.092731ms GPU, 0.096789ms CPU, 0.50s total GPU, 0.69s total wall, 5392x 
Run:  [740/856] unique_list [Device=0 Type=I32 KeepOption=KEEP_NONE null_probability=0.1 ColumnSize=10000 Sort=1]
Pass: Cold: 0.091164ms GPU, 0.095181ms CPU, 0.50s total GPU, 0.69s total wall, 5488x 
Run:  [741/856] unique_list [Device=0 Type=I32 KeepOption=KEEP_NONE null_probability=0 ColumnSize=100000 Sort=1]
Pass: Cold: 0.092427ms GPU, 0.096502ms CPU, 0.50s total GPU, 0.69s total wall, 5424x 
Run:  [742/856] unique_list [Device=0 Type=I32 KeepOption=KEEP_NONE null_probability=0.1 ColumnSize=100000 Sort=1]
Pass: Cold: 0.090393ms GPU, 0.094429ms CPU, 0.50s total GPU, 0.69s total wall, 5536x 
Run:  [743/856] unique_list [Device=0 Type=I32 KeepOption=KEEP_NONE null_probability=0 ColumnSize=1000000 Sort=1]
Pass: Cold: 0.085884ms GPU, 0.089917ms CPU, 0.50s total GPU, 0.70s total wall, 5824x 
Run:  [744/856] unique_list [Device=0 Type=I32 KeepOption=KEEP_NONE null_probability=0.1 ColumnSize=1000000 Sort=1]
Pass: Cold: 0.084332ms GPU, 0.088372ms CPU, 0.50s total GPU, 0.70s total wall, 5936x 
Run:  [745/856] unique_list [Device=0 Type=I32 KeepOption=KEEP_NONE null_probability=0 ColumnSize=10000000 Sort=1]
Pass: Cold: 0.180469ms GPU, 0.184522ms CPU, 0.50s total GPU, 0.58s total wall, 2784x 
Run:  [746/856] unique_list [Device=0 Type=I32 KeepOption=KEEP_NONE null_probability=0.1 ColumnSize=10000000 Sort=1]
Pass: Cold: 0.185998ms GPU, 0.190103ms CPU, 0.50s total GPU, 0.58s total wall, 2704x 
Run:  [747/856] unique_list [Device=0 Type=I32 KeepOption=KEEP_NONE null_probability=0 ColumnSize=100000000 Sort=1]
Pass: Cold: 1.099701ms GPU, 1.104252ms CPU, 2.15s total GPU, 2.20s total wall, 1952x 
Run:  [748/856] unique_list [Device=0 Type=I32 KeepOption=KEEP_NONE null_probability=0.1 ColumnSize=100000000 Sort=1]
Pass: Cold: 1.235320ms GPU, 1.239850ms CPU, 0.99s total GPU, 1.01s total wall, 800x 
Run:  [749/856] unique_list [Device=0 Type=cudf::list_view KeepOption=KEEP_FIRST null_probability=0 ColumnSize=10000 Sort=0]
Pass: Cold: 0.175312ms GPU, 0.179499ms CPU, 0.50s total GPU, 0.60s total wall, 2864x 
Run:  [750/856] unique_list [Device=0 Type=cudf::list_view KeepOption=KEEP_FIRST null_probability=0.1 ColumnSize=10000 Sort=0]
Pass: Cold: 0.202405ms GPU, 0.206545ms CPU, 0.50s total GPU, 0.58s total wall, 2480x 
Run:  [751/856] unique_list [Device=0 Type=cudf::list_view KeepOption=KEEP_FIRST null_probability=0 ColumnSize=100000 Sort=0]
Pass: Cold: 0.181762ms GPU, 0.185903ms CPU, 0.50s total GPU, 0.59s total wall, 2752x 
Run:  [752/856] unique_list [Device=0 Type=cudf::list_view KeepOption=KEEP_FIRST null_probability=0.1 ColumnSize=100000 Sort=0]
Pass: Cold: 0.207754ms GPU, 0.211881ms CPU, 0.50s total GPU, 0.58s total wall, 2416x 
Run:  [753/856] unique_list [Device=0 Type=cudf::list_view KeepOption=KEEP_FIRST null_probability=0 ColumnSize=1000000 Sort=0]
Pass: Cold: 0.225212ms GPU, 0.229340ms CPU, 0.50s total GPU, 0.57s total wall, 2224x 
Run:  [754/856] unique_list [Device=0 Type=cudf::list_view KeepOption=KEEP_FIRST null_probability=0.1 ColumnSize=1000000 Sort=0]
Pass: Cold: 0.253361ms GPU, 0.257436ms CPU, 0.50s total GPU, 0.57s total wall, 1984x 
Run:  [755/856] unique_list [Device=0 Type=cudf::list_view KeepOption=KEEP_FIRST null_probability=0 ColumnSize=10000000 Sort=0]
Pass: Cold: 1.039778ms GPU, 1.044177ms CPU, 2.01s total GPU, 2.06s total wall, 1936x 
Run:  [756/856] unique_list [Device=0 Type=cudf::list_view KeepOption=KEEP_FIRST null_probability=0.1 ColumnSize=10000000 Sort=0]
Pass: Cold: 1.023548ms GPU, 1.027945ms CPU, 2.00s total GPU, 2.05s total wall, 1952x 
Run:  [757/856] unique_list [Device=0 Type=cudf::list_view KeepOption=KEEP_FIRST null_probability=0 ColumnSize=100000000 Sort=0]
Pass: Cold: 7.457719ms GPU, 7.462216ms CPU, 9.31s total GPU, 9.34s total wall, 1248x 
Run:  [758/856] unique_list [Device=0 Type=cudf::list_view KeepOption=KEEP_FIRST null_probability=0.1 ColumnSize=100000000 Sort=0]
Pass: Cold: 9.579167ms GPU, 9.583707ms CPU, 6.44s total GPU, 6.45s total wall, 672x 
Run:  [759/856] unique_list [Device=0 Type=cudf::list_view KeepOption=KEEP_FIRST null_probability=0 ColumnSize=10000 Sort=1]
Pass: Cold: 0.135302ms GPU, 0.139368ms CPU, 0.50s total GPU, 0.62s total wall, 3696x 
Run:  [760/856] unique_list [Device=0 Type=cudf::list_view KeepOption=KEEP_FIRST null_probability=0.1 ColumnSize=10000 Sort=1]
Pass: Cold: 0.196088ms GPU, 0.200180ms CPU, 0.50s total GPU, 0.59s total wall, 2560x 
Run:  [761/856] unique_list [Device=0 Type=cudf::list_view KeepOption=KEEP_FIRST null_probability=0 ColumnSize=100000 Sort=1]
Pass: Cold: 0.135861ms GPU, 0.139933ms CPU, 0.50s total GPU, 0.63s total wall, 3696x 
Run:  [762/856] unique_list [Device=0 Type=cudf::list_view KeepOption=KEEP_FIRST null_probability=0.1 ColumnSize=100000 Sort=1]
Pass: Cold: 0.201146ms GPU, 0.205222ms CPU, 0.50s total GPU, 0.58s total wall, 2496x 
Run:  [763/856] unique_list [Device=0 Type=cudf::list_view KeepOption=KEEP_FIRST null_probability=0 ColumnSize=1000000 Sort=1]
Pass: Cold: 0.148770ms GPU, 0.152886ms CPU, 0.50s total GPU, 0.62s total wall, 3376x 
Run:  [764/856] unique_list [Device=0 Type=cudf::list_view KeepOption=KEEP_FIRST null_probability=0.1 ColumnSize=1000000 Sort=1]
Pass: Cold: 0.216248ms GPU, 0.220346ms CPU, 0.50s total GPU, 0.58s total wall, 2320x 
Run:  [765/856] unique_list [Device=0 Type=cudf::list_view KeepOption=KEEP_FIRST null_probability=0 ColumnSize=10000000 Sort=1]
Pass: Cold: 0.247336ms GPU, 0.251470ms CPU, 0.58s total GPU, 0.65s total wall, 2336x 
Run:  [766/856] unique_list [Device=0 Type=cudf::list_view KeepOption=KEEP_FIRST null_probability=0.1 ColumnSize=10000000 Sort=1]
Pass: Cold: 0.327380ms GPU, 0.331445ms CPU, 0.79s total GPU, 0.87s total wall, 2416x 
Run:  [767/856] unique_list [Device=0 Type=cudf::list_view KeepOption=KEEP_FIRST null_probability=0 ColumnSize=100000000 Sort=1]
Pass: Cold: 1.747323ms GPU, 1.752039ms CPU, 3.55s total GPU, 3.60s total wall, 2032x 
Run:  [768/856] unique_list [Device=0 Type=cudf::list_view KeepOption=KEEP_FIRST null_probability=0.1 ColumnSize=100000000 Sort=1]
Pass: Cold: 1.827185ms GPU, 1.831865ms CPU, 2.98s total GPU, 3.02s total wall, 1632x 
Run:  [769/856] unique_list [Device=0 Type=cudf::list_view KeepOption=KEEP_LAST null_probability=0 ColumnSize=10000 Sort=0]
Pass: Cold: 0.174529ms GPU, 0.178666ms CPU, 0.50s total GPU, 0.60s total wall, 2880x 
Run:  [770/856] unique_list [Device=0 Type=cudf::list_view KeepOption=KEEP_LAST null_probability=0.1 ColumnSize=10000 Sort=0]
Pass: Cold: 0.200391ms GPU, 0.204473ms CPU, 0.50s total GPU, 0.58s total wall, 2496x 
Run:  [771/856] unique_list [Device=0 Type=cudf::list_view KeepOption=KEEP_LAST null_probability=0 ColumnSize=100000 Sort=0]
Pass: Cold: 0.176843ms GPU, 0.180868ms CPU, 0.56s total GPU, 0.67s total wall, 3184x 
Run:  [772/856] unique_list [Device=0 Type=cudf::list_view KeepOption=KEEP_LAST null_probability=0.1 ColumnSize=100000 Sort=0]
Pass: Cold: 0.210590ms GPU, 0.214716ms CPU, 0.59s total GPU, 0.68s total wall, 2784x 
Run:  [773/856] unique_list [Device=0 Type=cudf::list_view KeepOption=KEEP_LAST null_probability=0 ColumnSize=1000000 Sort=0]
Pass: Cold: 0.223482ms GPU, 0.227533ms CPU, 0.55s total GPU, 0.63s total wall, 2448x 
Run:  [774/856] unique_list [Device=0 Type=cudf::list_view KeepOption=KEEP_LAST null_probability=0.1 ColumnSize=1000000 Sort=0]
Pass: Cold: 0.251255ms GPU, 0.255354ms CPU, 0.50s total GPU, 0.57s total wall, 2000x 
Run:  [775/856] unique_list [Device=0 Type=cudf::list_view KeepOption=KEEP_LAST null_probability=0 ColumnSize=10000000 Sort=0]
Pass: Cold: 1.039032ms GPU, 1.043546ms CPU, 2.33s total GPU, 2.38s total wall, 2240x 
Run:  [776/856] unique_list [Device=0 Type=cudf::list_view KeepOption=KEEP_LAST null_probability=0.1 ColumnSize=10000000 Sort=0]
Pass: Cold: 1.024241ms GPU, 1.028639ms CPU, 1.20s total GPU, 1.22s total wall, 1168x 
Run:  [777/856] unique_list [Device=0 Type=cudf::list_view KeepOption=KEEP_LAST null_probability=0 ColumnSize=100000000 Sort=0]
Pass: Cold: 7.470014ms GPU, 7.474601ms CPU, 6.57s total GPU, 6.60s total wall, 880x 
Run:  [778/856] unique_list [Device=0 Type=cudf::list_view KeepOption=KEEP_LAST null_probability=0.1 ColumnSize=100000000 Sort=0]
Pass: Cold: 9.584938ms GPU, 9.589565ms CPU, 5.06s total GPU, 5.07s total wall, 528x 
Run:  [779/856] unique_list [Device=0 Type=cudf::list_view KeepOption=KEEP_LAST null_probability=0 ColumnSize=10000 Sort=1]
Pass: Cold: 0.135342ms GPU, 0.139424ms CPU, 0.50s total GPU, 0.62s total wall, 3696x 
Run:  [780/856] unique_list [Device=0 Type=cudf::list_view KeepOption=KEEP_LAST null_probability=0.1 ColumnSize=10000 Sort=1]
Pass: Cold: 0.196273ms GPU, 0.200342ms CPU, 0.50s total GPU, 0.59s total wall, 2560x 
Run:  [781/856] unique_list [Device=0 Type=cudf::list_view KeepOption=KEEP_LAST null_probability=0 ColumnSize=100000 Sort=1]
Pass: Cold: 0.137955ms GPU, 0.142009ms CPU, 0.50s total GPU, 0.62s total wall, 3632x 
Run:  [782/856] unique_list [Device=0 Type=cudf::list_view KeepOption=KEEP_LAST null_probability=0.1 ColumnSize=100000 Sort=1]
Pass: Cold: 0.202056ms GPU, 0.206135ms CPU, 0.50s total GPU, 0.58s total wall, 2480x 
Run:  [783/856] unique_list [Device=0 Type=cudf::list_view KeepOption=KEEP_LAST null_probability=0 ColumnSize=1000000 Sort=1]
Pass: Cold: 0.147203ms GPU, 0.151314ms CPU, 0.50s total GPU, 0.62s total wall, 3408x 
Run:  [784/856] unique_list [Device=0 Type=cudf::list_view KeepOption=KEEP_LAST null_probability=0.1 ColumnSize=1000000 Sort=1]
Pass: Cold: 0.217314ms GPU, 0.221351ms CPU, 0.50s total GPU, 0.58s total wall, 2304x 
Run:  [785/856] unique_list [Device=0 Type=cudf::list_view KeepOption=KEEP_LAST null_probability=0 ColumnSize=10000000 Sort=1]
Pass: Cold: 0.249064ms GPU, 0.253148ms CPU, 0.50s total GPU, 0.56s total wall, 2016x 
Run:  [786/856] unique_list [Device=0 Type=cudf::list_view KeepOption=KEEP_LAST null_probability=0.1 ColumnSize=10000000 Sort=1]
Pass: Cold: 0.331938ms GPU, 0.336030ms CPU, 0.52s total GPU, 0.56s total wall, 1552x 
Run:  [787/856] unique_list [Device=0 Type=cudf::list_view KeepOption=KEEP_LAST null_probability=0 ColumnSize=100000000 Sort=1]
Pass: Cold: 1.788275ms GPU, 1.792995ms CPU, 2.46s total GPU, 2.50s total wall, 1376x 
Run:  [788/856] unique_list [Device=0 Type=cudf::list_view KeepOption=KEEP_LAST null_probability=0.1 ColumnSize=100000000 Sort=1]
Pass: Cold: 1.872071ms GPU, 1.876785ms CPU, 3.56s total GPU, 3.61s total wall, 1904x 
Run:  [789/856] unique_list [Device=0 Type=cudf::list_view KeepOption=KEEP_NONE null_probability=0 ColumnSize=10000 Sort=0]
Pass: Cold: 0.177040ms GPU, 0.181195ms CPU, 0.50s total GPU, 0.60s total wall, 2832x 
Run:  [790/856] unique_list [Device=0 Type=cudf::list_view KeepOption=KEEP_NONE null_probability=0.1 ColumnSize=10000 Sort=0]
Pass: Cold: 0.203608ms GPU, 0.207643ms CPU, 0.50s total GPU, 0.58s total wall, 2464x 
Run:  [791/856] unique_list [Device=0 Type=cudf::list_view KeepOption=KEEP_NONE null_probability=0 ColumnSize=100000 Sort=0]
Pass: Cold: 0.179681ms GPU, 0.183774ms CPU, 0.57s total GPU, 0.67s total wall, 3152x 
Run:  [792/856] unique_list [Device=0 Type=cudf::list_view KeepOption=KEEP_NONE null_probability=0.1 ColumnSize=100000 Sort=0]
Pass: Cold: 0.209096ms GPU, 0.213201ms CPU, 0.50s total GPU, 0.58s total wall, 2400x 
Run:  [793/856] unique_list [Device=0 Type=cudf::list_view KeepOption=KEEP_NONE null_probability=0 ColumnSize=1000000 Sort=0]
Pass: Cold: 0.225999ms GPU, 0.230107ms CPU, 0.50s total GPU, 0.58s total wall, 2224x 
Run:  [794/856] unique_list [Device=0 Type=cudf::list_view KeepOption=KEEP_NONE null_probability=0.1 ColumnSize=1000000 Sort=0]
Pass: Cold: 0.257502ms GPU, 0.261540ms CPU, 0.50s total GPU, 0.57s total wall, 1952x 
Run:  [795/856] unique_list [Device=0 Type=cudf::list_view KeepOption=KEEP_NONE null_probability=0 ColumnSize=10000000 Sort=0]
Pass: Cold: 1.088643ms GPU, 1.093119ms CPU, 2.21s total GPU, 2.26s total wall, 2032x 
Run:  [796/856] unique_list [Device=0 Type=cudf::list_view KeepOption=KEEP_NONE null_probability=0.1 ColumnSize=10000000 Sort=0]
Pass: Cold: 1.094158ms GPU, 1.098514ms CPU, 1.03s total GPU, 1.06s total wall, 944x 
Run:  [797/856] unique_list [Device=0 Type=cudf::list_view KeepOption=KEEP_NONE null_probability=0 ColumnSize=100000000 Sort=0]
Pass: Cold: 8.234655ms GPU, 8.239249ms CPU, 5.27s total GPU, 5.29s total wall, 640x 
Run:  [798/856] unique_list [Device=0 Type=cudf::list_view KeepOption=KEEP_NONE null_probability=0.1 ColumnSize=100000000 Sort=0]
Pass: Cold: 10.285364ms GPU, 10.289910ms CPU, 1.20s total GPU, 1.21s total wall, 117x 
Run:  [799/856] unique_list [Device=0 Type=cudf::list_view KeepOption=KEEP_NONE null_probability=0 ColumnSize=10000 Sort=1]
Pass: Cold: 0.135716ms GPU, 0.139817ms CPU, 0.53s total GPU, 0.66s total wall, 3888x 
Run:  [800/856] unique_list [Device=0 Type=cudf::list_view KeepOption=KEEP_NONE null_probability=0.1 ColumnSize=10000 Sort=1]
Pass: Cold: 0.196930ms GPU, 0.200957ms CPU, 0.50s total GPU, 0.58s total wall, 2544x 
Run:  [801/856] unique_list [Device=0 Type=cudf::list_view KeepOption=KEEP_NONE null_probability=0 ColumnSize=100000 Sort=1]
Pass: Cold: 0.135701ms GPU, 0.139777ms CPU, 0.50s total GPU, 0.62s total wall, 3696x 
Run:  [802/856] unique_list [Device=0 Type=cudf::list_view KeepOption=KEEP_NONE null_probability=0.1 ColumnSize=100000 Sort=1]
Pass: Cold: 0.205765ms GPU, 0.209901ms CPU, 0.50s total GPU, 0.58s total wall, 2432x 
Run:  [803/856] unique_list [Device=0 Type=cudf::list_view KeepOption=KEEP_NONE null_probability=0 ColumnSize=1000000 Sort=1]
Pass: Cold: 0.149507ms GPU, 0.153573ms CPU, 0.50s total GPU, 0.62s total wall, 3360x 
Run:  [804/856] unique_list [Device=0 Type=cudf::list_view KeepOption=KEEP_NONE null_probability=0.1 ColumnSize=1000000 Sort=1]
Pass: Cold: 0.219067ms GPU, 0.223097ms CPU, 0.50s total GPU, 0.58s total wall, 2288x 
Run:  [805/856] unique_list [Device=0 Type=cudf::list_view KeepOption=KEEP_NONE null_probability=0 ColumnSize=10000000 Sort=1]
Pass: Cold: 0.247318ms GPU, 0.251458ms CPU, 0.50s total GPU, 0.57s total wall, 2032x 
Run:  [806/856] unique_list [Device=0 Type=cudf::list_view KeepOption=KEEP_NONE null_probability=0.1 ColumnSize=10000000 Sort=1]
Pass: Cold: 0.328787ms GPU, 0.332854ms CPU, 0.82s total GPU, 0.89s total wall, 2480x 
Run:  [807/856] unique_list [Device=0 Type=cudf::list_view KeepOption=KEEP_NONE null_probability=0 ColumnSize=100000000 Sort=1]
Pass: Cold: 1.736836ms GPU, 1.741546ms CPU, 4.34s total GPU, 4.40s total wall, 2496x 
Run:  [808/856] unique_list [Device=0 Type=cudf::list_view KeepOption=KEEP_NONE null_probability=0.1 ColumnSize=100000000 Sort=1]
Pass: Cold: 1.827962ms GPU, 1.832614ms CPU, 2.90s total GPU, 2.94s total wall, 1584x 
Run:  [809/856] unique_count [Device=0 Type=bool NumRows=10000 NullProbability=0]
Pass: Cold: 0.047954ms GPU, 0.052051ms CPU, 0.50s total GPU, 0.90s total wall, 10432x 
Run:  [810/856] unique_count [Device=0 Type=bool NumRows=100000 NullProbability=0]
Pass: Cold: 0.046291ms GPU, 0.050385ms CPU, 0.50s total GPU, 0.91s total wall, 10816x 
Run:  [811/856] unique_count [Device=0 Type=bool NumRows=1000000 NullProbability=0]
Pass: Cold: 0.075341ms GPU, 0.079448ms CPU, 0.50s total GPU, 0.73s total wall, 6640x 
Run:  [812/856] unique_count [Device=0 Type=bool NumRows=10000000 NullProbability=0]
Pass: Cold: 0.361095ms GPU, 0.365295ms CPU, 0.50s total GPU, 0.53s total wall, 1392x 
Run:  [813/856] unique_count [Device=0 Type=bool NumRows=10000 NullProbability=0.1]
Pass: Cold: 0.048116ms GPU, 0.052207ms CPU, 0.50s total GPU, 0.90s total wall, 10400x 
Run:  [814/856] unique_count [Device=0 Type=bool NumRows=100000 NullProbability=0.1]
Pass: Cold: 0.046580ms GPU, 0.050667ms CPU, 0.50s total GPU, 0.91s total wall, 10736x 
Run:  [815/856] unique_count [Device=0 Type=bool NumRows=1000000 NullProbability=0.1]
Pass: Cold: 0.083510ms GPU, 0.087584ms CPU, 0.50s total GPU, 0.71s total wall, 6000x 
Run:  [816/856] unique_count [Device=0 Type=bool NumRows=10000000 NullProbability=0.1]
Pass: Cold: 0.460209ms GPU, 0.464435ms CPU, 0.50s total GPU, 0.53s total wall, 1088x 
Run:  [817/856] unique_count [Device=0 Type=I8 NumRows=10000 NullProbability=0]
Pass: Cold: 0.046312ms GPU, 0.050428ms CPU, 0.50s total GPU, 0.91s total wall, 10800x 
Run:  [818/856] unique_count [Device=0 Type=I8 NumRows=100000 NullProbability=0]
Pass: Cold: 0.045137ms GPU, 0.049261ms CPU, 0.50s total GPU, 0.93s total wall, 11088x 
Run:  [819/856] unique_count [Device=0 Type=I8 NumRows=1000000 NullProbability=0]
Pass: Cold: 0.070103ms GPU, 0.074237ms CPU, 0.50s total GPU, 0.75s total wall, 7136x 
Run:  [820/856] unique_count [Device=0 Type=I8 NumRows=10000000 NullProbability=0]
Pass: Cold: 0.344634ms GPU, 0.349020ms CPU, 0.59s total GPU, 0.63s total wall, 1712x 
Run:  [821/856] unique_count [Device=0 Type=I8 NumRows=10000 NullProbability=0.1]
Pass: Cold: 0.046395ms GPU, 0.050524ms CPU, 0.50s total GPU, 0.92s total wall, 10784x 
Run:  [822/856] unique_count [Device=0 Type=I8 NumRows=100000 NullProbability=0.1]
Pass: Cold: 0.044360ms GPU, 0.048476ms CPU, 0.50s total GPU, 0.93s total wall, 11280x 
Run:  [823/856] unique_count [Device=0 Type=I8 NumRows=1000000 NullProbability=0.1]
Pass: Cold: 0.078820ms GPU, 0.082936ms CPU, 0.50s total GPU, 0.72s total wall, 6352x 
Run:  [824/856] unique_count [Device=0 Type=I8 NumRows=10000000 NullProbability=0.1]
Pass: Cold: 0.442248ms GPU, 0.446713ms CPU, 0.63s total GPU, 0.66s total wall, 1424x 
Run:  [825/856] unique_count [Device=0 Type=I32 NumRows=10000 NullProbability=0]
Pass: Cold: 0.042897ms GPU, 0.046957ms CPU, 0.50s total GPU, 0.95s total wall, 11664x 
Run:  [826/856] unique_count [Device=0 Type=I32 NumRows=100000 NullProbability=0]
Pass: Cold: 0.042660ms GPU, 0.046661ms CPU, 0.50s total GPU, 0.95s total wall, 11728x 
Run:  [827/856] unique_count [Device=0 Type=I32 NumRows=1000000 NullProbability=0]
Pass: Cold: 0.072326ms GPU, 0.076291ms CPU, 0.50s total GPU, 0.69s total wall, 6928x 
Run:  [828/856] unique_count [Device=0 Type=I32 NumRows=10000000 NullProbability=0]
Pass: Cold: 0.365696ms GPU, 0.370199ms CPU, 0.81s total GPU, 0.87s total wall, 2224x 
Run:  [829/856] unique_count [Device=0 Type=I32 NumRows=10000 NullProbability=0.1]
Pass: Cold: 0.043000ms GPU, 0.047036ms CPU, 0.50s total GPU, 0.95s total wall, 11632x 
Run:  [830/856] unique_count [Device=0 Type=I32 NumRows=100000 NullProbability=0.1]
Pass: Cold: 0.042979ms GPU, 0.047014ms CPU, 0.50s total GPU, 0.95s total wall, 11648x 
Run:  [831/856] unique_count [Device=0 Type=I32 NumRows=1000000 NullProbability=0.1]
Pass: Cold: 0.079431ms GPU, 0.083463ms CPU, 0.50s total GPU, 0.68s total wall, 6304x 
Run:  [832/856] unique_count [Device=0 Type=I32 NumRows=10000000 NullProbability=0.1]
Pass: Cold: 0.451689ms GPU, 0.456163ms CPU, 0.95s total GPU, 1.00s total wall, 2096x 
Run:  [833/856] unique_count [Device=0 Type=I64 NumRows=10000 NullProbability=0]
Pass: Cold: 0.049645ms GPU, 0.053752ms CPU, 0.50s total GPU, 0.88s total wall, 10080x 
Run:  [834/856] unique_count [Device=0 Type=I64 NumRows=100000 NullProbability=0]
Pass: Cold: 0.048720ms GPU, 0.052825ms CPU, 0.50s total GPU, 0.89s total wall, 10272x 
Run:  [835/856] unique_count [Device=0 Type=I64 NumRows=1000000 NullProbability=0]
Pass: Cold: 0.096189ms GPU, 0.100407ms CPU, 0.50s total GPU, 0.63s total wall, 5200x 
Run:  [836/856] unique_count [Device=0 Type=I64 NumRows=10000000 NullProbability=0]
Pass: Cold: 0.475412ms GPU, 0.479769ms CPU, 0.50s total GPU, 0.53s total wall, 1056x 
Run:  [837/856] unique_count [Device=0 Type=I64 NumRows=10000 NullProbability=0.1]
Pass: Cold: 0.048383ms GPU, 0.052478ms CPU, 0.50s total GPU, 0.89s total wall, 10336x 
Run:  [838/856] unique_count [Device=0 Type=I64 NumRows=100000 NullProbability=0.1]
Pass: Cold: 0.047781ms GPU, 0.051822ms CPU, 0.50s total GPU, 0.90s total wall, 10480x 
Run:  [839/856] unique_count [Device=0 Type=I64 NumRows=1000000 NullProbability=0.1]
Pass: Cold: 0.096567ms GPU, 0.100717ms CPU, 0.50s total GPU, 0.63s total wall, 5184x 
Run:  [840/856] unique_count [Device=0 Type=I64 NumRows=10000000 NullProbability=0.1]
Pass: Cold: 0.532647ms GPU, 0.537058ms CPU, 0.84s total GPU, 0.87s total wall, 1568x 
Run:  [841/856] unique_count [Device=0 Type=F32 NumRows=10000 NullProbability=0]
Pass: Cold: 0.045840ms GPU, 0.049860ms CPU, 0.50s total GPU, 0.92s total wall, 10912x 
Run:  [842/856] unique_count [Device=0 Type=F32 NumRows=100000 NullProbability=0]
Pass: Cold: 0.045794ms GPU, 0.049812ms CPU, 0.50s total GPU, 0.91s total wall, 10928x 
Run:  [843/856] unique_count [Device=0 Type=F32 NumRows=1000000 NullProbability=0]
Pass: Cold: 0.079449ms GPU, 0.083490ms CPU, 0.50s total GPU, 0.68s total wall, 6304x 
Run:  [844/856] unique_count [Device=0 Type=F32 NumRows=10000000 NullProbability=0]
Pass: Cold: 0.406319ms GPU, 0.410682ms CPU, 1.02s total GPU, 1.08s total wall, 2512x 
Run:  [845/856] unique_count [Device=0 Type=F32 NumRows=10000 NullProbability=0.1]
Pass: Cold: 0.045914ms GPU, 0.049933ms CPU, 0.50s total GPU, 0.92s total wall, 10896x 
Run:  [846/856] unique_count [Device=0 Type=F32 NumRows=100000 NullProbability=0.1]
Pass: Cold: 0.044514ms GPU, 0.048530ms CPU, 0.50s total GPU, 0.93s total wall, 11248x 
Run:  [847/856] unique_count [Device=0 Type=F32 NumRows=1000000 NullProbability=0.1]
Pass: Cold: 0.085044ms GPU, 0.089040ms CPU, 0.50s total GPU, 0.67s total wall, 5888x 
Run:  [848/856] unique_count [Device=0 Type=F32 NumRows=10000000 NullProbability=0.1]
Pass: Cold: 0.492086ms GPU, 0.496460ms CPU, 1.09s total GPU, 1.14s total wall, 2208x 
Run:  [849/856] unique_count [Device=0 Type=cuda::std::__4::chrono::time_point<cuda::std::__4::chrono::system_clock, cuda::std::__4::chrono::duration<long, cuda::std::__4::ratio<1l, 1000l> > > NumRows=10000 NullProbability=0]
Pass: Cold: 0.050422ms GPU, 0.054471ms CPU, 0.50s total GPU, 0.87s total wall, 9920x 
Run:  [850/856] unique_count [Device=0 Type=cuda::std::__4::chrono::time_point<cuda::std::__4::chrono::system_clock, cuda::std::__4::chrono::duration<long, cuda::std::__4::ratio<1l, 1000l> > > NumRows=100000 NullProbability=0]
Pass: Cold: 0.049705ms GPU, 0.053735ms CPU, 0.50s total GPU, 0.88s total wall, 10064x 
Run:  [851/856] unique_count [Device=0 Type=cuda::std::__4::chrono::time_point<cuda::std::__4::chrono::system_clock, cuda::std::__4::chrono::duration<long, cuda::std::__4::ratio<1l, 1000l> > > NumRows=1000000 NullProbability=0]
Pass: Cold: 0.097917ms GPU, 0.102045ms CPU, 0.50s total GPU, 0.63s total wall, 5120x 
Run:  [852/856] unique_count [Device=0 Type=cuda::std::__4::chrono::time_point<cuda::std::__4::chrono::system_clock, cuda::std::__4::chrono::duration<long, cuda::std::__4::ratio<1l, 1000l> > > NumRows=10000000 NullProbability=0]
Pass: Cold: 0.490995ms GPU, 0.495324ms CPU, 0.60s total GPU, 0.63s total wall, 1216x 
Run:  [853/856] unique_count [Device=0 Type=cuda::std::__4::chrono::time_point<cuda::std::__4::chrono::system_clock, cuda::std::__4::chrono::duration<long, cuda::std::__4::ratio<1l, 1000l> > > NumRows=10000 NullProbability=0.1]
Pass: Cold: 0.049381ms GPU, 0.053421ms CPU, 0.50s total GPU, 0.88s total wall, 10128x 
Run:  [854/856] unique_count [Device=0 Type=cuda::std::__4::chrono::time_point<cuda::std::__4::chrono::system_clock, cuda::std::__4::chrono::duration<long, cuda::std::__4::ratio<1l, 1000l> > > NumRows=100000 NullProbability=0.1]
Pass: Cold: 0.049040ms GPU, 0.053065ms CPU, 0.51s total GPU, 0.90s total wall, 10384x 
Run:  [855/856] unique_count [Device=0 Type=cuda::std::__4::chrono::time_point<cuda::std::__4::chrono::system_clock, cuda::std::__4::chrono::duration<long, cuda::std::__4::ratio<1l, 1000l> > > NumRows=1000000 NullProbability=0.1]
Pass: Cold: 0.097779ms GPU, 0.101902ms CPU, 0.50s total GPU, 0.63s total wall, 5120x 
Run:  [856/856] unique_count [Device=0 Type=cuda::std::__4::chrono::time_point<cuda::std::__4::chrono::system_clock, cuda::std::__4::chrono::duration<long, cuda::std::__4::ratio<1l, 1000l> > > NumRows=10000000 NullProbability=0.1]
Pass: Cold: 0.547113ms GPU, 0.551476ms CPU, 1.02s total GPU, 1.06s total wall, 1856x 
```

# Benchmark Results

## apply_boolean_mask

### [0] Tesla T4

|       type        | columns |   rows   | hits_% | Samples |  CPU Time  | Noise  |  GPU Time  | Noise  |  Elem/s  | GlobalMem BW | BWUtil |
|-------------------|---------|----------|--------|---------|------------|--------|------------|--------|----------|--------------|--------|
|               I32 |       1 |   100000 |     10 |  13840x |  40.325 us | 18.80% |  36.161 us | 13.86% |   2.765G |   5.707 GB/s |  1.78% |
|               I32 |       4 |   100000 |     10 |   3232x | 158.647 us |  3.75% | 154.929 us |  2.86% |   2.582G |   3.149 GB/s |  0.98% |
|               I32 |       9 |   100000 |     10 |   1984x | 290.232 us |  2.34% | 286.580 us |  1.97% |   3.140G |   3.339 GB/s |  1.04% |
|               I32 |       1 |  1000000 |     10 |   9968x |  53.935 us |  9.03% |  50.239 us |  5.00% |  19.905G |  41.057 GB/s | 12.83% |
|               I32 |       4 |  1000000 |     10 |   1472x | 346.849 us |  1.69% | 343.007 us |  1.25% |  11.662G |  14.214 GB/s |  4.44% |
|               I32 |       9 |  1000000 |     10 |   1152x | 668.809 us |  1.32% | 664.960 us |  1.19% |  13.535G |  14.382 GB/s |  4.49% |
|               I32 |       1 | 10000000 |     10 |   2576x | 236.559 us |  2.98% | 232.704 us |  2.42% |  42.973G |  88.633 GB/s | 27.69% |
|               I32 |       4 | 10000000 |     10 |   1360x |   2.528 ms |  1.22% |   2.524 ms |  1.20% |  15.848G |  19.315 GB/s |  6.03% |
|               I32 |       9 | 10000000 |     10 |    944x |   5.025 ms |  1.18% |   5.020 ms |  1.18% |  17.927G |  19.048 GB/s |  5.95% |
|               I32 |       1 |   100000 |     20 |  15008x |  37.075 us | 12.68% |  33.344 us |  5.68% |   2.999G |   8.627 GB/s |  2.70% |
|               I32 |       4 |   100000 |     20 |   2896x | 176.714 us |  8.16% | 172.983 us |  7.82% |   2.312G |   4.700 GB/s |  1.47% |
|               I32 |       9 |   100000 |     20 |   1616x | 316.251 us |  2.04% | 312.463 us |  1.62% |   2.880G |   5.404 GB/s |  1.69% |
|               I32 |       1 |  1000000 |     20 |   8944x |  59.700 us |  7.52% |  55.987 us |  3.46% |  17.861G |  51.354 GB/s | 16.04% |
|               I32 |       4 |  1000000 |     20 |   2976x | 560.299 us |  2.67% | 556.325 us |  2.56% |   7.190G |  14.605 GB/s |  4.56% |
|               I32 |       9 |  1000000 |     20 |   2176x |   1.105 ms |  1.84% |   1.101 ms |  1.79% |   8.177G |  15.332 GB/s |  4.79% |
|               I32 |       1 | 10000000 |     20 |   1648x | 312.940 us |  1.61% | 309.128 us |  1.02% |  32.349G |  93.004 GB/s | 29.06% |
|               I32 |       4 | 10000000 |     20 |   2048x |   4.731 ms |  1.06% |   4.727 ms |  1.06% |   8.463G |  17.190 GB/s |  5.37% |
|               I32 |       9 | 10000000 |     20 |   1056x |   9.458 ms |  0.87% |   9.454 ms |  0.87% |   9.520G |  17.850 GB/s |  5.58% |
|               I32 |       1 |   100000 |     50 |  14480x |  38.279 us | 12.89% |  34.535 us |  6.76% |   2.896G |  15.386 GB/s |  4.81% |
|               I32 |       4 |   100000 |     50 |   2352x | 216.864 us |  2.93% | 213.102 us |  2.32% |   1.877G |   8.389 GB/s |  2.62% |
|               I32 |       9 |   100000 |     50 |   2736x | 406.128 us |  4.21% | 402.295 us |  4.08% |   2.237G |   9.649 GB/s |  3.01% |
|               I32 |       1 |  1000000 |     50 |   6752x |  77.979 us |  6.11% |  74.149 us |  2.98% |  13.486G |  71.649 GB/s | 22.39% |
|               I32 |       4 |  1000000 |     50 |   2016x |   1.158 ms |  1.99% |   1.154 ms |  1.95% |   3.466G |  15.487 GB/s |  4.84% |
|               I32 |       9 |  1000000 |     50 |   1024x |   2.311 ms |  1.20% |   2.306 ms |  1.18% |   3.902G |  16.828 GB/s |  5.26% |
|               I32 |       1 | 10000000 |     50 |    992x | 510.615 us |  1.02% | 506.758 us |  0.69% |  19.733G | 104.833 GB/s | 32.75% |
|               I32 |       4 | 10000000 |     50 |   1374x |  10.892 ms |  1.05% |  10.888 ms |  1.05% |   3.674G |  16.418 GB/s |  5.13% |
|               I32 |       9 | 10000000 |     50 |    684x |  21.906 ms |  0.84% |  21.902 ms |  0.84% |   4.109G |  17.721 GB/s |  5.54% |
|               I32 |       1 |   100000 |     80 |  14272x |  38.784 us | 12.53% |  35.039 us |  6.26% |   2.854G |  22.122 GB/s |  6.91% |
|               I32 |       4 |   100000 |     80 |   1968x | 258.049 us |  3.29% | 254.263 us |  2.91% |   1.573G |  10.866 GB/s |  3.40% |
|               I32 |       9 |   100000 |     80 |   1040x | 491.261 us |  1.84% | 487.515 us |  1.67% |   1.846G |  12.463 GB/s |  3.89% |
|               I32 |       1 |  1000000 |     80 |   5392x |  96.773 us |  4.73% |  93.000 us |  2.39% |  10.753G |  83.335 GB/s | 26.04% |
|               I32 |       4 |  1000000 |     80 |   2416x |   1.739 ms |  1.64% |   1.734 ms |  1.62% |   2.306G |  15.927 GB/s |  4.98% |
|               I32 |       9 |  1000000 |     80 |   1360x |   3.485 ms |  1.01% |   3.481 ms |  1.01% |   2.586G |  17.455 GB/s |  5.45% |
|               I32 |       1 | 10000000 |     80 |    736x | 686.615 us |  0.78% | 682.699 us |  0.54% |  14.648G | 113.520 GB/s | 35.47% |
|               I32 |       4 | 10000000 |     80 |    893x |  16.779 ms |  0.94% |  16.774 ms |  0.94% |   2.385G |  16.468 GB/s |  5.15% |
|               I32 |       9 | 10000000 |     80 |    444x |  33.763 ms |  0.75% |  33.758 ms |  0.75% |   2.666G |  17.996 GB/s |  5.62% |
|               I32 |       1 |   100000 |     90 |  13936x |  39.668 us | 12.44% |  35.913 us |  6.29% |   2.785G |  23.845 GB/s |  7.45% |
|               I32 |       4 |   100000 |     90 |   1856x | 273.324 us |  2.21% | 269.530 us |  1.70% |   1.484G |  11.456 GB/s |  3.58% |
|               I32 |       9 |   100000 |     90 |   2704x | 525.481 us |  3.20% | 521.615 us |  3.09% |   1.725G |  13.050 GB/s |  4.08% |
|               I32 |       1 |  1000000 |     90 |   4976x | 104.313 us |  4.82% | 100.537 us |  2.87% |   9.947G |  85.169 GB/s | 26.61% |
|               I32 |       4 |  1000000 |     90 |   2192x |   1.936 ms |  1.67% |   1.932 ms |  1.65% |   2.070G |  15.981 GB/s |  4.99% |
|               I32 |       9 |  1000000 |     90 |   1056x |   3.891 ms |  1.56% |   3.887 ms |  1.55% |   2.315G |  17.510 GB/s |  5.47% |
|               I32 |       1 | 10000000 |     90 |    675x | 745.080 us |  0.68% | 741.136 us |  0.41% |  13.493G | 115.532 GB/s | 36.10% |
|               I32 |       4 | 10000000 |     90 |    800x |  18.721 ms |  0.91% |  18.716 ms |  0.91% |   2.137G |  16.496 GB/s |  5.15% |
|               I32 |       9 | 10000000 |     90 |    399x |  37.617 ms |  0.62% |  37.612 ms |  0.62% |   2.393G |  18.096 GB/s |  5.65% |
|               I32 |       1 |   100000 |    100 |  14560x |  38.081 us | 12.81% |  34.343 us |  6.52% |   2.912G |  27.302 GB/s |  8.53% |
|               I32 |       4 |   100000 |    100 |   4720x | 109.801 us |  8.49% | 105.994 us |  7.65% |   3.774G |  32.199 GB/s | 10.06% |
|               I32 |       9 |   100000 |    100 |   2704x | 188.969 us |  3.07% | 185.256 us |  2.30% |   4.858G |  40.691 GB/s | 12.71% |
|               I32 |       1 |  1000000 |    100 |   5808x |  89.996 us |  5.16% |  86.227 us |  2.66% |  11.597G | 108.727 GB/s | 33.97% |
|               I32 |       4 |  1000000 |    100 |   2640x | 510.952 us |  1.64% | 507.224 us |  1.46% |   7.886G |  67.279 GB/s | 21.02% |
|               I32 |       9 |  1000000 |    100 |    500x |   1.005 ms |  0.53% |   1.001 ms |  0.38% |   8.991G |  75.303 GB/s | 23.53% |
|               I32 |       1 | 10000000 |    100 |   2336x | 610.794 us |  1.01% | 606.970 us |  0.79% |  16.475G | 154.456 GB/s | 48.26% |
|               I32 |       4 | 10000000 |    100 |    114x |   4.419 ms |  0.18% |   4.415 ms |  0.16% |   9.060G |  77.294 GB/s | 24.15% |
|               I32 |       9 | 10000000 |    100 |     57x |   8.930 ms |  0.35% |   8.926 ms |  0.35% |  10.083G |  84.443 GB/s | 26.38% |
|               I64 |       1 |   100000 |     10 |  15152x |  36.729 us | 12.89% |  33.013 us |  6.12% |   3.029G |   8.674 GB/s |  2.71% |
|               I64 |       4 |   100000 |     10 |   3232x | 159.158 us |  3.63% | 155.466 us |  2.73% |   2.573G |   5.196 GB/s |  1.62% |
|               I64 |       9 |   100000 |     10 |   2480x | 293.132 us |  4.04% | 289.452 us |  3.83% |   3.109G |   5.794 GB/s |  1.81% |
|               I64 |       1 |  1000000 |     10 |   9168x |  58.256 us |  7.81% |  54.568 us |  3.77% |  18.326G |  52.460 GB/s | 16.39% |
|               I64 |       4 |  1000000 |     10 |   1728x | 357.977 us |  2.55% | 354.194 us |  2.32% |  11.293G |  22.800 GB/s |  7.12% |
|               I64 |       9 |  1000000 |     10 |   1024x | 690.778 us |  1.24% | 686.919 us |  1.10% |  13.102G |  24.404 GB/s |  7.62% |
|               I64 |       1 | 10000000 |     10 |   1856x | 274.012 us |  1.81% | 270.187 us |  1.12% |  37.011G | 105.946 GB/s | 33.10% |
|               I64 |       4 | 10000000 |     10 |   1424x |   2.609 ms |  1.31% |   2.604 ms |  1.30% |  15.359G |  31.006 GB/s |  9.69% |
|               I64 |       9 | 10000000 |     10 |   1184x |   5.197 ms |  1.10% |   5.193 ms |  1.10% |  17.331G |  32.279 GB/s | 10.09% |
|               I64 |       1 |   100000 |     20 |  14336x |  38.649 us | 15.49% |  34.898 us | 11.06% |   2.866G |  12.827 GB/s |  4.01% |
|               I64 |       4 |   100000 |     20 |   2912x | 176.258 us |  3.21% | 172.459 us |  2.32% |   2.319G |   8.425 GB/s |  2.63% |
|               I64 |       9 |   100000 |     20 |   1584x | 321.272 us |  2.11% | 317.516 us |  1.74% |   2.834G |   9.853 GB/s |  3.08% |
|               I64 |       1 |  1000000 |     20 |   7616x |  69.442 us |  8.00% |  65.712 us |  5.49% |  15.218G |  68.102 GB/s | 21.28% |
|               I64 |       4 |  1000000 |     20 |   1440x | 574.614 us |  1.80% | 570.666 us |  1.66% |   7.009G |  25.453 GB/s |  7.95% |
|               I64 |       9 |  1000000 |     20 |   1568x |   1.141 ms |  1.15% |   1.137 ms |  1.09% |   7.913G |  27.500 GB/s |  8.59% |
|               I64 |       1 | 10000000 |     20 |   1536x | 392.001 us |  1.41% | 388.122 us |  0.98% |  25.765G | 115.299 GB/s | 36.02% |
|               I64 |       4 | 10000000 |     20 |   1312x |   4.866 ms |  1.40% |   4.862 ms |  1.39% |   8.227G |  29.876 GB/s |  9.33% |
|               I64 |       9 | 10000000 |     20 |    624x |   9.810 ms |  1.03% |   9.805 ms |  1.03% |   9.179G |  31.897 GB/s |  9.97% |
|               I64 |       1 |   100000 |     50 |  13808x |  39.986 us | 12.02% |  36.238 us |  5.88% |   2.760G |  25.701 GB/s |  8.03% |
|               I64 |       4 |   100000 |     50 |   2320x | 220.701 us |  2.74% | 216.922 us |  2.10% |   1.844G |  15.618 GB/s |  4.88% |
|               I64 |       9 |   100000 |     50 |   2128x | 414.593 us |  2.33% | 410.852 us |  2.14% |   2.191G |  18.211 GB/s |  5.69% |
|               I64 |       1 |  1000000 |     50 |   5344x |  97.534 us |  4.81% |  93.755 us |  2.46% |  10.666G |  99.330 GB/s | 31.03% |
|               I64 |       4 |  1000000 |     50 |   2112x |   1.196 ms |  1.66% |   1.192 ms |  1.62% |   3.356G |  28.422 GB/s |  8.88% |
|               I64 |       9 |  1000000 |     50 |   1680x |   2.398 ms |  0.89% |   2.394 ms |  0.87% |   3.759G |  31.249 GB/s |  9.76% |
|               I64 |       1 | 10000000 |     50 |    720x | 706.032 us |  0.78% | 702.087 us |  0.52% |  14.243G | 132.640 GB/s | 41.44% |
|               I64 |       4 | 10000000 |     50 |   1336x |  11.201 ms |  1.03% |  11.196 ms |  1.03% |   3.573G |  30.255 GB/s |  9.45% |
|               I64 |       9 | 10000000 |     50 |    662x |  22.637 ms |  0.67% |  22.633 ms |  0.67% |   3.977G |  33.055 GB/s | 10.33% |
|               I64 |       1 |   100000 |     80 |  13312x |  41.357 us | 11.82% |  37.591 us |  5.97% |   2.660G |  37.646 GB/s | 11.76% |
|               I64 |       4 |   100000 |     80 |   1936x | 263.392 us |  2.35% | 259.595 us |  1.83% |   1.541G |  20.505 GB/s |  6.41% |
|               I64 |       9 |   100000 |     80 |   2400x | 505.488 us |  2.45% | 501.623 us |  2.31% |   1.794G |  23.595 GB/s |  7.37% |
|               I64 |       1 |  1000000 |     80 |   4192x | 123.172 us |  3.78% | 119.408 us |  2.02% |   8.375G | 118.503 GB/s | 37.02% |
|               I64 |       4 |  1000000 |     80 |   1568x |   1.785 ms |  1.85% |   1.781 ms |  1.83% |   2.247G |  29.893 GB/s |  9.34% |
|               I64 |       9 |  1000000 |     80 |   1504x |   3.594 ms |  0.97% |   3.590 ms |  0.96% |   2.507G |  32.971 GB/s | 10.30% |
|               I64 |       1 | 10000000 |     80 |    823x | 971.169 us |  0.65% | 967.242 us |  0.50% |  10.339G | 146.292 GB/s | 45.71% |
|               I64 |       4 | 10000000 |     80 |    869x |  17.250 ms |  1.17% |  17.245 ms |  1.17% |   2.319G |  30.864 GB/s |  9.64% |
|               I64 |       9 | 10000000 |     80 |     96x |  34.828 ms |  0.77% |  34.823 ms |  0.77% |   2.584G |  33.986 GB/s | 10.62% |
|               I64 |       1 |   100000 |     90 |  12928x |  42.422 us | 11.57% |  38.676 us |  6.13% |   2.586G |  40.758 GB/s | 12.73% |
|               I64 |       4 |   100000 |     90 |   2304x | 280.464 us |  2.97% | 276.640 us |  2.62% |   1.446G |  21.572 GB/s |  6.74% |
|               I64 |       9 |   100000 |     90 |    944x | 541.770 us |  1.48% | 537.946 us |  1.30% |   1.673G |  24.699 GB/s |  7.72% |
|               I64 |       1 |  1000000 |     90 |   3888x | 132.590 us |  3.44% | 128.822 us |  1.75% |   7.763G | 122.360 GB/s | 38.23% |
|               I64 |       4 |  1000000 |     90 |   2176x |   1.987 ms |  1.48% |   1.983 ms |  1.46% |   2.017G |  30.094 GB/s |  9.40% |
|               I64 |       9 |  1000000 |     90 |   1248x |   3.996 ms |  1.01% |   3.992 ms |  1.00% |   2.255G |  33.284 GB/s | 10.40% |
|               I64 |       1 | 10000000 |     90 |    477x |   1.054 ms |  0.55% |   1.050 ms |  0.41% |   9.522G | 150.098 GB/s | 46.90% |
|               I64 |       4 | 10000000 |     90 |    779x |  19.229 ms |  1.05% |  19.224 ms |  1.05% |   2.081G |  31.041 GB/s |  9.70% |
|               I64 |       9 | 10000000 |     90 |    386x |  38.840 ms |  0.84% |  38.835 ms |  0.84% |   2.317G |  34.212 GB/s | 10.69% |
|               I64 |       1 |   100000 |    100 |  13088x |  41.992 us | 13.72% |  38.226 us |  9.33% |   2.616G |  45.457 GB/s | 14.20% |
|               I64 |       4 |   100000 |    100 |   4544x | 113.882 us |  4.29% | 110.090 us |  2.51% |   3.633G |  60.068 GB/s | 18.77% |
|               I64 |       9 |   100000 |    100 |   2496x | 204.230 us |  2.48% | 200.517 us |  1.64% |   4.488G |  73.502 GB/s | 22.96% |
|               I64 |       1 |  1000000 |    100 |   4752x | 124.569 us |  4.82% | 120.790 us |  3.62% |   8.279G | 143.846 GB/s | 44.94% |
|               I64 |       4 |  1000000 |    100 |   1264x | 577.371 us |  0.95% | 573.562 us |  0.66% |   6.974G | 115.289 GB/s | 36.02% |
|               I64 |       9 |  1000000 |    100 |    427x |   1.175 ms |  0.49% |   1.171 ms |  0.37% |   7.685G | 125.846 GB/s | 39.32% |
|               I64 |       1 | 10000000 |    100 |    526x | 954.684 us |  0.57% | 950.781 us |  0.40% |  10.518G | 182.745 GB/s | 57.10% |
|               I64 |       4 | 10000000 |    100 |     98x |   5.113 ms |  0.21% |   5.109 ms |  0.19% |   7.829G | 129.429 GB/s | 40.44% |
|               I64 |       9 | 10000000 |    100 |     47x |  10.645 ms |  0.22% |  10.641 ms |  0.22% |   8.458G | 138.499 GB/s | 43.27% |
|               F64 |       1 |   100000 |     10 |  15056x |  36.969 us | 14.54% |  33.229 us |  9.09% |   3.009G |   8.618 GB/s |  2.69% |
|               F64 |       4 |   100000 |     10 |   3216x | 159.443 us |  4.06% | 155.713 us |  3.26% |   2.569G |   5.188 GB/s |  1.62% |
|               F64 |       9 |   100000 |     10 |   1744x | 293.014 us |  2.35% | 289.326 us |  1.98% |   3.111G |   5.796 GB/s |  1.81% |
|               F64 |       1 |  1000000 |     10 |   9168x |  58.303 us |  8.38% |  54.576 us |  4.64% |  18.323G |  52.453 GB/s | 16.39% |
|               F64 |       4 |  1000000 |     10 |   1424x | 358.209 us |  1.86% | 354.379 us |  1.53% |  11.287G |  22.788 GB/s |  7.12% |
|               F64 |       9 |  1000000 |     10 |   1200x | 693.160 us |  1.49% | 689.106 us |  1.34% |  13.060G |  24.326 GB/s |  7.60% |
|               F64 |       1 | 10000000 |     10 |   1872x | 276.733 us |  2.03% | 272.815 us |  1.40% |  36.655G | 104.925 GB/s | 32.78% |
|               F64 |       4 | 10000000 |     10 |   1344x |   2.641 ms |  1.53% |   2.637 ms |  1.52% |  15.169G |  30.623 GB/s |  9.57% |
|               F64 |       9 | 10000000 |     10 |    992x |   5.264 ms |  1.34% |   5.260 ms |  1.34% |  17.112G |  31.871 GB/s |  9.96% |
|               F64 |       1 |   100000 |     20 |  14288x |  38.767 us | 15.85% |  35.011 us | 11.44% |   2.856G |  12.786 GB/s |  3.99% |
|               F64 |       4 |   100000 |     20 |   2896x | 177.169 us |  3.68% | 173.410 us |  2.95% |   2.307G |   8.379 GB/s |  2.62% |
|               F64 |       9 |   100000 |     20 |   1584x | 322.165 us |  2.27% | 318.445 us |  1.93% |   2.826G |   9.824 GB/s |  3.07% |
|               F64 |       1 |  1000000 |     20 |   7648x |  69.581 us |  8.70% |  65.846 us |  6.45% |  15.187G |  67.963 GB/s | 21.23% |
|               F64 |       4 |  1000000 |     20 |   1424x | 576.145 us |  1.78% | 572.070 us |  1.63% |   6.992G |  25.391 GB/s |  7.93% |
|               F64 |       9 |  1000000 |     20 |    688x |   1.145 ms |  0.95% |   1.141 ms |  0.87% |   7.886G |  27.405 GB/s |  8.56% |
|               F64 |       1 | 10000000 |     20 |   2240x | 394.708 us |  1.72% | 390.806 us |  1.37% |  25.588G | 114.507 GB/s | 35.78% |
|               F64 |       4 | 10000000 |     20 |   1824x |   4.902 ms |  1.26% |   4.898 ms |  1.26% |   8.167G |  29.657 GB/s |  9.27% |
|               F64 |       9 | 10000000 |     20 |   1248x |   9.880 ms |  0.70% |   9.875 ms |  0.70% |   9.114G |  31.671 GB/s |  9.90% |
|               F64 |       1 |   100000 |     50 |  12992x |  42.291 us | 12.69% |  38.501 us |  7.80% |   2.597G |  24.190 GB/s |  7.56% |
|               F64 |       4 |   100000 |     50 |   2208x | 230.931 us |  3.02% | 227.038 us |  2.45% |   1.762G |  14.922 GB/s |  4.66% |
|               F64 |       9 |   100000 |     50 |   1184x | 428.701 us |  1.73% | 424.895 us |  1.47% |   2.118G |  17.609 GB/s |  5.50% |
|               F64 |       1 |  1000000 |     50 |   5312x |  97.944 us |  4.99% |  94.179 us |  2.84% |  10.618G |  98.882 GB/s | 30.89% |
|               F64 |       4 |  1000000 |     50 |   2416x |   1.202 ms |  1.54% |   1.198 ms |  1.50% |   3.339G |  28.277 GB/s |  8.83% |
|               F64 |       9 |  1000000 |     50 |   1360x |   2.413 ms |  1.17% |   2.409 ms |  1.16% |   3.736G |  31.057 GB/s |  9.70% |
|               F64 |       1 | 10000000 |     50 |    720x | 705.264 us |  0.80% | 701.286 us |  0.56% |  14.260G | 132.792 GB/s | 41.49% |
|               F64 |       4 | 10000000 |     50 |   1280x |  11.298 ms |  0.93% |  11.294 ms |  0.93% |   3.542G |  29.995 GB/s |  9.37% |
|               F64 |       9 | 10000000 |     50 |    656x |  22.848 ms |  0.73% |  22.843 ms |  0.73% |   3.940G |  32.750 GB/s | 10.23% |
|               F64 |       1 |   100000 |     80 |  13264x |  41.486 us | 11.68% |  37.730 us |  5.80% |   2.650G |  37.506 GB/s | 11.72% |
|               F64 |       4 |   100000 |     80 |   2096x | 263.583 us |  3.11% | 259.773 us |  2.74% |   1.540G |  20.491 GB/s |  6.40% |
|               F64 |       9 |   100000 |     80 |   1008x | 506.772 us |  1.73% | 502.946 us |  1.54% |   1.789G |  23.533 GB/s |  7.35% |
|               F64 |       1 |  1000000 |     80 |   4192x | 123.360 us |  3.59% | 119.592 us |  1.70% |   8.362G | 118.320 GB/s | 36.97% |
|               F64 |       4 |  1000000 |     80 |   1616x |   1.798 ms |  1.69% |   1.793 ms |  1.67% |   2.231G |  29.681 GB/s |  9.27% |
|               F64 |       9 |  1000000 |     80 |   1168x |   3.628 ms |  1.27% |   3.624 ms |  1.26% |   2.484G |  32.660 GB/s | 10.20% |
|               F64 |       1 | 10000000 |     80 |    519x | 971.054 us |  0.88% | 963.864 us |  0.39% |  10.375G | 146.805 GB/s | 45.87% |
|               F64 |       4 | 10000000 |     80 |    864x |  17.343 ms |  0.84% |  17.338 ms |  0.84% |   2.307G |  30.699 GB/s |  9.59% |
|               F64 |       9 | 10000000 |     80 |    171x |  35.084 ms |  0.50% |  35.079 ms |  0.50% |   2.566G |  33.738 GB/s | 10.54% |
|               F64 |       1 |   100000 |     90 |  12800x |  42.866 us | 11.92% |  39.099 us |  6.81% |   2.558G |  40.317 GB/s | 12.60% |
|               F64 |       4 |   100000 |     90 |   1824x | 280.584 us |  2.21% | 276.771 us |  1.72% |   1.445G |  21.562 GB/s |  6.74% |
|               F64 |       9 |   100000 |     90 |   1184x | 542.028 us |  1.70% | 538.208 us |  1.52% |   1.672G |  24.687 GB/s |  7.71% |
|               F64 |       1 |  1000000 |     90 |   3872x | 133.433 us |  4.70% | 129.638 us |  3.34% |   7.714G | 121.590 GB/s | 37.99% |
|               F64 |       4 |  1000000 |     90 |   2288x |   1.999 ms |  1.95% |   1.995 ms |  1.94% |   2.005G |  29.911 GB/s |  9.35% |
|               F64 |       9 |  1000000 |     90 |    928x |   4.038 ms |  1.52% |   4.033 ms |  1.51% |   2.231G |  32.941 GB/s | 10.29% |
|               F64 |       1 | 10000000 |     90 |    478x |   1.051 ms |  0.53% |   1.047 ms |  0.34% |   9.552G | 150.565 GB/s | 47.04% |
|               F64 |       4 | 10000000 |     90 |    774x |  19.354 ms |  0.96% |  19.349 ms |  0.96% |   2.067G |  30.842 GB/s |  9.64% |
|               F64 |       9 | 10000000 |     90 |    384x |  39.102 ms |  0.81% |  39.097 ms |  0.81% |   2.302G |  33.982 GB/s | 10.62% |
|               F64 |       1 |   100000 |    100 |  13200x |  41.623 us | 12.90% |  37.883 us |  8.15% |   2.640G |  45.869 GB/s | 14.33% |
|               F64 |       4 |   100000 |    100 |   4544x | 113.931 us |  4.41% | 110.150 us |  2.73% |   3.631G |  60.036 GB/s | 18.76% |
|               F64 |       9 |   100000 |    100 |   2496x | 204.335 us |  2.58% | 200.622 us |  1.78% |   4.486G |  73.463 GB/s | 22.95% |
|               F64 |       1 |  1000000 |    100 |   4176x | 123.751 us |  3.60% | 119.997 us |  1.76% |   8.334G | 144.797 GB/s | 45.24% |
|               F64 |       4 |  1000000 |    100 |   1744x | 577.530 us |  1.01% | 573.729 us |  0.75% |   6.972G | 115.256 GB/s | 36.01% |
|               F64 |       9 |  1000000 |    100 |    428x |   1.174 ms |  0.45% |   1.170 ms |  0.31% |   7.692G | 125.956 GB/s | 39.35% |
|               F64 |       1 | 10000000 |    100 |   1038x | 952.343 us |  0.65% | 948.438 us |  0.50% |  10.544G | 183.196 GB/s | 57.24% |
|               F64 |       4 | 10000000 |    100 |     99x |   5.100 ms |  0.16% |   5.096 ms |  0.14% |   7.849G | 129.757 GB/s | 40.54% |
|               F64 |       9 | 10000000 |    100 |     48x |  10.620 ms |  0.21% |  10.616 ms |  0.20% |   8.478G | 138.823 GB/s | 43.37% |
| cudf::string_view |       1 |   100000 |     10 |   6080x |  86.079 us | 11.01% |  82.316 us |  9.92% |   1.215G |   5.423 GB/s |  1.69% |
| cudf::string_view |       4 |   100000 |     10 |   2000x | 254.514 us |  2.66% | 250.795 us |  2.20% |   1.595G |   5.773 GB/s |  1.80% |
| cudf::string_view |       9 |   100000 |     10 |   1024x | 545.609 us |  1.71% | 541.969 us |  1.56% |   1.661G |   5.751 GB/s |  1.80% |
| cudf::string_view |       1 |  1000000 |     10 |   3296x | 156.088 us |  6.50% | 152.258 us |  5.95% |   6.568G |  29.310 GB/s |  9.16% |
| cudf::string_view |       4 |  1000000 |     10 |   1008x | 502.102 us |  1.39% | 498.200 us |  1.13% |   8.029G |  29.055 GB/s |  9.08% |
| cudf::string_view |       9 |  1000000 |     10 |    544x |   1.092 ms |  0.77% |   1.088 ms |  0.68% |   8.270G |  28.637 GB/s |  8.95% |
| cudf::string_view |       1 | 10000000 |     10 |   2272x | 968.663 us |  1.73% | 964.073 us |  1.64% |  10.373G |  46.288 GB/s | 14.46% |
| cudf::string_view |       4 | 10000000 |     10 |   1536x |   3.476 ms |  1.18% |   3.471 ms |  1.17% |  11.523G |  41.698 GB/s | 13.03% |
| cudf::string_view |       9 | 10000000 |     10 |    976x |   7.692 ms |  1.49% |   7.688 ms |  1.48% |  11.707G |  40.535 GB/s | 12.66% |
| cudf::string_view |       1 |   100000 |     20 |   5776x |  90.422 us |  6.12% |  86.646 us |  4.21% |   1.154G |   8.860 GB/s |  2.77% |
| cudf::string_view |       4 |   100000 |     20 |   1856x | 273.679 us |  2.56% | 269.926 us |  2.14% |   1.482G |  10.125 GB/s |  3.16% |
| cudf::string_view |       9 |   100000 |     20 |   2096x | 585.543 us |  2.40% | 581.882 us |  2.32% |   1.547G |  10.326 GB/s |  3.23% |
| cudf::string_view |       1 |  1000000 |     20 |   2288x | 223.711 us |  2.46% | 219.842 us |  1.70% |   4.549G |  34.912 GB/s | 10.91% |
| cudf::string_view |       4 |  1000000 |     20 |   1632x | 797.501 us |  2.04% | 793.503 us |  1.98% |   5.041G |  34.436 GB/s | 10.76% |
| cudf::string_view |       9 |  1000000 |     20 |   1712x |   1.749 ms |  1.12% |   1.745 ms |  1.09% |   5.158G |  34.428 GB/s | 10.76% |
| cudf::string_view |       1 | 10000000 |     20 |   1232x |   1.720 ms |  1.58% |   1.715 ms |  1.56% |   5.830G |  44.742 GB/s | 13.98% |
| cudf::string_view |       4 | 10000000 |     20 |    864x |   6.497 ms |  1.66% |   6.492 ms |  1.66% |   6.161G |  42.088 GB/s | 13.15% |
| cudf::string_view |       9 | 10000000 |     20 |    848x |  14.496 ms |  1.00% |  14.492 ms |  1.00% |   6.210G |  41.454 GB/s | 12.95% |
| cudf::string_view |       1 |   100000 |     50 |   4912x | 105.815 us |  8.50% | 101.961 us |  7.49% | 980.769M |  16.981 GB/s |  5.31% |
| cudf::string_view |       4 |   100000 |     50 |   1536x | 331.834 us |  2.22% | 328.035 us |  1.89% |   1.219G |  20.083 GB/s |  6.27% |
| cudf::string_view |       9 |   100000 |     50 |   2512x | 713.790 us |  2.62% | 709.986 us |  2.57% |   1.268G |  20.679 GB/s |  6.46% |
| cudf::string_view |       1 |  1000000 |     50 |   2000x | 429.190 us |  2.42% | 425.117 us |  2.22% |   2.352G |  40.724 GB/s | 12.72% |
| cudf::string_view |       4 |  1000000 |     50 |   1296x |   1.634 ms |  1.89% |   1.630 ms |  1.86% |   2.454G |  40.410 GB/s | 12.63% |
| cudf::string_view |       9 |  1000000 |     50 |   1520x |   3.612 ms |  0.90% |   3.608 ms |  0.90% |   2.494G |  40.691 GB/s | 12.71% |
| cudf::string_view |       1 | 10000000 |     50 |   1408x |   3.890 ms |  1.17% |   3.885 ms |  1.17% |   2.574G |  44.557 GB/s | 13.92% |
| cudf::string_view |       4 | 10000000 |     50 |    998x |  15.017 ms |  0.87% |  15.012 ms |  0.87% |   2.664G |  43.881 GB/s | 13.71% |
| cudf::string_view |       9 | 10000000 |     50 |    447x |  33.599 ms |  0.54% |  33.594 ms |  0.54% |   2.679G |  43.702 GB/s | 13.65% |
| cudf::string_view |       1 |   100000 |     80 |   4336x | 119.150 us |  6.09% | 115.321 us |  5.02% | 867.142M |  23.371 GB/s |  7.30% |
| cudf::string_view |       4 |   100000 |     80 |   1328x | 383.085 us |  1.75% | 379.325 us |  1.43% |   1.055G |  27.530 GB/s |  8.60% |
| cudf::string_view |       9 |   100000 |     80 |   2384x | 829.988 us |  2.11% | 826.193 us |  2.06% |   1.089G |  28.269 GB/s |  8.83% |
| cudf::string_view |       1 |  1000000 |     80 |   2464x | 635.344 us |  2.08% | 631.175 us |  1.96% |   1.584G |  42.698 GB/s | 13.34% |
| cudf::string_view |       4 |  1000000 |     80 |   1264x |   2.437 ms |  1.40% |   2.433 ms |  1.39% |   1.644G |  42.927 GB/s | 13.41% |
| cudf::string_view |       9 |  1000000 |     80 |   1056x |   5.417 ms |  1.10% |   5.413 ms |  1.10% |   1.663G |  43.147 GB/s | 13.48% |
| cudf::string_view |       1 | 10000000 |     80 |   1264x |   5.959 ms |  1.13% |   5.954 ms |  1.13% |   1.679G |  45.260 GB/s | 14.14% |
| cudf::string_view |       4 | 10000000 |     80 |    647x |  23.157 ms |  0.95% |  23.152 ms |  0.95% |   1.728G |  45.104 GB/s | 14.09% |
| cudf::string_view |       9 | 10000000 |     80 |    290x |  51.808 ms |  0.54% |  51.803 ms |  0.54% |   1.737G |  45.084 GB/s | 14.09% |
| cudf::string_view |       1 |   100000 |     90 |   4176x | 123.542 us |  6.24% | 119.741 us |  5.29% | 835.138M |  25.191 GB/s |  7.87% |
| cudf::string_view |       4 |   100000 |     90 |   1952x | 403.784 us |  2.72% | 400.048 us |  2.55% | 999.881M |  29.316 GB/s |  9.16% |
| cudf::string_view |       9 |   100000 |     90 |   2912x | 880.348 us |  3.14% | 876.476 us |  3.12% |   1.027G |  29.946 GB/s |  9.36% |
| cudf::string_view |       1 |  1000000 |     90 |   2672x | 706.437 us |  2.20% | 702.221 us |  2.11% |   1.424G |  42.953 GB/s | 13.42% |
| cudf::string_view |       4 |  1000000 |     90 |   1040x |   2.699 ms |  0.97% |   2.694 ms |  0.96% |   1.485G |  43.525 GB/s | 13.60% |
| cudf::string_view |       9 |  1000000 |     90 |    736x |   6.027 ms |  1.12% |   6.023 ms |  1.11% |   1.494G |  43.579 GB/s | 13.62% |
| cudf::string_view |       1 | 10000000 |     90 |   1104x |   6.647 ms |  1.13% |   6.643 ms |  1.12% |   1.505G |  45.407 GB/s | 14.19% |
| cudf::string_view |       4 | 10000000 |     90 |    581x |  25.800 ms |  0.75% |  25.796 ms |  0.75% |   1.551G |  45.463 GB/s | 14.20% |
| cudf::string_view |       9 | 10000000 |     90 |     67x |  57.774 ms |  0.50% |  57.770 ms |  0.50% |   1.558G |  45.432 GB/s | 14.19% |
| cudf::string_view |       1 |   100000 |    100 |   8720x |  61.145 us |  8.08% |  57.395 us |  4.63% |   1.742G |  58.152 GB/s | 18.17% |
| cudf::string_view |       4 |   100000 |    100 |   3616x | 142.588 us |  3.80% | 138.881 us |  2.68% |   2.880G |  93.698 GB/s | 29.27% |
| cudf::string_view |       9 |   100000 |    100 |   1792x | 284.354 us |  3.77% | 280.714 us |  3.53% |   3.206G | 103.801 GB/s | 32.43% |
| cudf::string_view |       1 |  1000000 |    100 |   2656x | 193.043 us |  2.47% | 189.146 us |  1.22% |   5.287G | 176.452 GB/s | 55.13% |
| cudf::string_view |       4 |  1000000 |    100 |    832x | 609.562 us |  0.87% | 605.782 us |  0.58% |   6.603G | 214.806 GB/s | 67.11% |
| cudf::string_view |       9 |  1000000 |    100 |   1824x |   1.307 ms |  0.60% |   1.303 ms |  0.52% |   6.906G | 223.598 GB/s | 69.86% |
| cudf::string_view |       1 | 10000000 |    100 |    339x |   1.482 ms |  0.39% |   1.478 ms |  0.29% |   6.766G | 225.811 GB/s | 70.55% |
| cudf::string_view |       4 | 10000000 |    100 |     98x |   5.133 ms |  0.20% |   5.129 ms |  0.18% |   7.798G | 253.691 GB/s | 79.26% |
| cudf::string_view |       9 | 10000000 |    100 |     45x |  11.215 ms |  0.14% |  11.211 ms |  0.13% |   8.028G | 259.892 GB/s | 81.20% |

## distinct

### [0] Tesla T4

| Type | null_probability | keep  | cardinality | NumRows  | Samples |  CPU Time  | Noise  |  GPU Time  | Noise  |
|------|------------------|-------|-------------|----------|---------|------------|--------|------------|--------|
|  I32 |             0.01 |   any |         100 |      100 |   4880x | 106.642 us |  9.71% | 102.518 us |  8.81% |
|  I32 |             0.01 | first |         100 |      100 |   4704x | 110.689 us |  5.58% | 106.617 us |  4.04% |
|  I32 |             0.01 |  last |         100 |      100 |   4704x | 110.542 us |  5.53% | 106.448 us |  3.96% |
|  I32 |             0.01 |  none |         100 |      100 |   4672x | 111.496 us |  8.15% | 107.380 us |  7.15% |
|  I32 |             0.01 |   any |         100 |   100000 |   4464x | 116.167 us |  5.10% | 112.052 us |  3.51% |
|  I32 |             0.01 | first |         100 |   100000 |   4048x | 127.789 us |  5.04% | 123.718 us |  3.80% |
|  I32 |             0.01 |  last |         100 |   100000 |   4144x | 130.824 us | 13.13% | 126.718 us | 12.68% |
|  I32 |             0.01 |  none |         100 |   100000 |   5152x | 101.466 us |  8.50% |  97.333 us |  7.28% |
|  I32 |             0.01 |   any |      100000 |   100000 |   4048x | 127.951 us |  5.42% | 123.835 us |  4.22% |
|  I32 |             0.01 | first |      100000 |   100000 |   3728x | 138.716 us |  6.76% | 134.602 us |  6.04% |
|  I32 |             0.01 |  last |      100000 |   100000 |   3760x | 137.515 us |  5.00% | 133.432 us |  3.95% |
|  I32 |             0.01 |  none |      100000 |   100000 |   3776x | 136.673 us |  4.78% | 132.557 us |  3.61% |
|  I32 |             0.01 |   any |         100 | 10000000 |   2304x |   1.469 ms |  1.41% |   1.464 ms |  1.37% |
|  I32 |             0.01 | first |         100 | 10000000 |    656x |   1.987 ms |  9.49% |   1.982 ms |  9.49% |
|  I32 |             0.01 |  last |         100 | 10000000 |    848x |   1.993 ms |  9.95% |   1.989 ms |  9.94% |
|  I32 |             0.01 |  none |         100 | 10000000 |    688x |   1.964 ms | 10.75% |   1.960 ms | 10.75% |
|  I32 |             0.01 |   any |      100000 | 10000000 |    186x |   2.696 ms |  0.35% |   2.691 ms |  0.31% |
|  I32 |             0.01 | first |      100000 | 10000000 |    112x |   4.481 ms |  0.38% |   4.476 ms |  0.36% |
|  I32 |             0.01 |  last |      100000 | 10000000 |    112x |   4.480 ms |  0.21% |   4.476 ms |  0.18% |
|  I32 |             0.01 |  none |      100000 | 10000000 |    115x |   4.370 ms |  0.17% |   4.366 ms |  0.13% |
|  I32 |             0.01 |   any |    10000000 | 10000000 |     67x |   7.551 ms |  0.15% |   7.547 ms |  0.13% |
|  I32 |             0.01 | first |    10000000 | 10000000 |     90x |   5.591 ms |  0.36% |   5.587 ms |  0.35% |
|  I32 |             0.01 |  last |    10000000 | 10000000 |     84x |   5.996 ms |  0.19% |   5.992 ms |  0.16% |
|  I32 |             0.01 |  none |    10000000 | 10000000 |    106x |   4.740 ms |  0.20% |   4.735 ms |  0.17% |
|  I64 |             0.01 |   any |         100 |      100 |   4592x | 113.162 us | 12.55% | 109.049 us | 11.97% |
|  I64 |             0.01 | first |         100 |      100 |   4656x | 111.762 us |  5.69% | 107.708 us |  4.23% |
|  I64 |             0.01 |  last |         100 |      100 |   4560x | 113.993 us | 11.93% | 109.960 us | 11.28% |
|  I64 |             0.01 |  none |         100 |      100 |   4640x | 112.101 us |  6.13% | 108.033 us |  4.79% |
|  I64 |             0.01 |   any |         100 |   100000 |   4320x | 119.983 us |  6.45% | 115.878 us |  5.41% |
|  I64 |             0.01 | first |         100 |   100000 |   3904x | 132.293 us |  6.32% | 128.204 us |  5.43% |
|  I64 |             0.01 |  last |         100 |   100000 |   3936x | 131.589 us |  5.26% | 127.501 us |  4.16% |
|  I64 |             0.01 |  none |         100 |   100000 |   4992x | 104.423 us |  6.63% | 100.334 us |  5.21% |
|  I64 |             0.01 |   any |      100000 |   100000 |   4016x | 128.885 us |  8.76% | 124.762 us |  8.08% |
|  I64 |             0.01 | first |      100000 |   100000 |   3648x | 141.177 us |  4.65% | 137.081 us |  3.54% |
|  I64 |             0.01 |  last |      100000 |   100000 |   3648x | 141.286 us |  4.93% | 137.166 us |  3.89% |
|  I64 |             0.01 |  none |      100000 |   100000 |   3664x | 140.627 us |  5.63% | 136.534 us |  4.75% |
|  I64 |             0.01 |   any |         100 | 10000000 |   2448x |   1.535 ms |  1.41% |   1.530 ms |  1.38% |
|  I64 |             0.01 | first |         100 | 10000000 |    624x |   2.117 ms | 10.45% |   2.113 ms | 10.44% |
|  I64 |             0.01 |  last |         100 | 10000000 |    528x |   2.113 ms | 10.33% |   2.108 ms | 10.33% |
|  I64 |             0.01 |  none |         100 | 10000000 |    544x |   2.063 ms | 10.01% |   2.059 ms | 10.00% |
|  I64 |             0.01 |   any |      100000 | 10000000 |    163x |   3.082 ms |  0.28% |   3.077 ms |  0.20% |
|  I64 |             0.01 | first |      100000 | 10000000 |    120x |   4.876 ms |  0.51% |   4.872 ms |  0.50% |
|  I64 |             0.01 |  last |      100000 | 10000000 |    102x |   4.908 ms |  0.17% |   4.904 ms |  0.15% |
|  I64 |             0.01 |  none |      100000 | 10000000 |    106x |   4.726 ms |  0.18% |   4.722 ms |  0.15% |
|  I64 |             0.01 |   any |    10000000 | 10000000 |     62x |   8.095 ms |  0.30% |   8.090 ms |  0.30% |
|  I64 |             0.01 | first |    10000000 | 10000000 |     79x |   6.339 ms |  0.15% |   6.335 ms |  0.13% |
|  I64 |             0.01 |  last |    10000000 | 10000000 |     75x |   6.751 ms |  0.19% |   6.747 ms |  0.18% |
|  I64 |             0.01 |  none |    10000000 | 10000000 |    102x |   4.923 ms |  0.21% |   4.919 ms |  0.19% |

## distinct_list

### [0] Tesla T4

|      Type       | keep  | null_probability | ColumnSize | Samples | CPU Time | Noise  | GPU Time | Noise  |
|-----------------|-------|------------------|------------|---------|----------|--------|----------|--------|
|             I32 |   any |                0 |  100000000 |    259x | 3.173 ms |  0.52% | 3.169 ms |  0.50% |
|             I32 | first |                0 |  100000000 |    624x | 4.223 ms |  2.47% | 4.218 ms |  2.47% |
|             I32 |  last |                0 |  100000000 |    608x | 4.211 ms |  2.62% | 4.206 ms |  2.62% |
|             I32 |  none |                0 |  100000000 |    640x | 4.153 ms |  2.65% | 4.148 ms |  2.65% |
|             I32 |   any |              0.1 |  100000000 |    864x | 3.607 ms |  0.77% | 3.603 ms |  0.75% |
|             I32 | first |              0.1 |  100000000 |    528x | 5.549 ms |  5.98% | 5.545 ms |  5.98% |
|             I32 |  last |              0.1 |  100000000 |    544x | 5.555 ms |  5.96% | 5.551 ms |  5.96% |
|             I32 |  none |              0.1 |  100000000 |    528x | 5.473 ms |  5.46% | 5.469 ms |  5.46% |
| cudf::list_view |   any |                0 |  100000000 |   1584x | 4.149 ms |  1.87% | 4.145 ms |  1.87% |
| cudf::list_view | first |                0 |  100000000 |    816x | 3.857 ms |  9.43% | 3.853 ms |  9.43% |
| cudf::list_view |  last |                0 |  100000000 |    528x | 3.858 ms |  9.55% | 3.854 ms |  9.55% |
| cudf::list_view |  none |                0 |  100000000 |    560x | 3.834 ms |  9.92% | 3.830 ms |  9.92% |
| cudf::list_view |   any |              0.1 |  100000000 |   1184x | 4.678 ms |  1.54% | 4.674 ms |  1.53% |
| cudf::list_view | first |              0.1 |  100000000 |    896x | 4.453 ms |  9.64% | 4.449 ms |  9.64% |
| cudf::list_view |  last |              0.1 |  100000000 |    544x | 4.476 ms | 10.29% | 4.471 ms | 10.29% |
| cudf::list_view |  none |              0.1 |  100000000 |    736x | 4.450 ms | 10.29% | 4.446 ms | 10.29% |

## distinct_count

### [0] Tesla T4

|  T  | num_rows  | null_probability | Samples |  CPU Time  | Noise  |  GPU Time  | Noise  | GlobalMem BW | BWUtil | peak_memory_usage |
|-----|-----------|------------------|---------|------------|--------|------------|--------|--------------|--------|-------------------|
| I32 |     10000 |                0 |  13376x |  41.467 us | 13.05% |  37.416 us |  7.11% |   3.207 GB/s |  1.00% |        78.391 KiB |
| I32 |    100000 |                0 |   9328x |  57.671 us |  8.49% |  53.657 us |  3.88% |  22.364 GB/s |  6.99% |         1.000 MiB |
| I32 |   1000000 |                0 |   2640x | 241.625 us |  3.61% | 237.207 us |  3.05% |  50.589 GB/s | 15.81% |         8.001 MiB |
| I32 |  10000000 |                0 |   1584x |   2.150 ms |  1.46% |   2.146 ms |  1.45% |  55.928 GB/s | 17.47% |        76.509 MiB |
| I32 | 100000000 |                0 |    576x |  21.329 ms |  1.28% |  21.325 ms |  1.28% |  56.272 GB/s | 17.58% |       763.091 MiB |
| I32 |     10000 |              0.5 |   8192x |  65.135 us | 10.63% |  61.041 us |  8.10% |   2.029 GB/s |  0.63% |        79.688 KiB |
| I32 |    100000 |              0.5 |   6224x |  84.520 us |  6.37% |  80.463 us |  3.81% |  15.381 GB/s |  4.81% |         1.012 MiB |
| I32 |   1000000 |              0.5 |   2128x | 286.415 us |  3.58% | 282.076 us |  3.20% |  43.872 GB/s | 13.71% |         8.120 MiB |
| I32 |  10000000 |              0.5 |    944x |   2.401 ms |  1.87% |   2.397 ms |  1.86% |  51.632 GB/s | 16.13% |        77.701 MiB |
| I32 | 100000000 |              0.5 |    560x |  23.784 ms |  0.94% |  23.779 ms |  0.94% |  52.041 GB/s | 16.26% |       775.012 MiB |
| I64 |     10000 |                0 |  13328x |  41.616 us | 13.31% |  37.519 us |  7.32% |   6.397 GB/s |  2.00% |        78.391 KiB |
| I64 |    100000 |                0 |   8976x |  59.863 us | 10.03% |  55.784 us |  6.80% |  43.024 GB/s | 13.44% |         1.000 MiB |
| I64 |   1000000 |                0 |   2608x | 255.460 us |  3.55% | 251.047 us |  3.06% |  95.600 GB/s | 29.87% |         8.001 MiB |
| I64 |  10000000 |                0 |   1712x |   2.319 ms |  1.25% |   2.314 ms |  1.23% | 103.696 GB/s | 32.40% |        76.509 MiB |
| I64 | 100000000 |                0 |    608x |  22.984 ms |  1.13% |  22.980 ms |  1.13% | 104.440 GB/s | 32.63% |       763.091 MiB |
| I64 |     10000 |              0.5 |   8256x |  64.692 us | 10.18% |  60.614 us |  7.49% |   4.023 GB/s |  1.26% |        79.688 KiB |
| I64 |    100000 |              0.5 |   6192x |  84.953 us |  6.37% |  80.910 us |  3.93% |  30.128 GB/s |  9.41% |         1.012 MiB |
| I64 |   1000000 |              0.5 |   2272x | 297.298 us |  3.02% | 292.969 us |  2.60% |  83.200 GB/s | 25.99% |         8.120 MiB |
| I64 |  10000000 |              0.5 |   1424x |   2.542 ms |  1.92% |   2.538 ms |  1.91% |  96.044 GB/s | 30.01% |        77.701 MiB |
| I64 | 100000000 |              0.5 |    560x |  25.009 ms |  0.82% |  25.004 ms |  0.82% |  97.483 GB/s | 30.46% |       775.012 MiB |
| F32 |     10000 |                0 |  13056x |  42.430 us | 15.16% |  38.305 us | 10.13% |   3.133 GB/s |  0.98% |        78.391 KiB |
| F32 |    100000 |                0 |   9344x |  57.679 us |  8.86% |  53.600 us |  4.40% |  22.388 GB/s |  6.99% |         1.000 MiB |
| F32 |   1000000 |                0 |   2432x | 244.644 us |  3.93% | 240.225 us |  3.44% |  49.953 GB/s | 15.61% |         8.001 MiB |
| F32 |  10000000 |                0 |    960x |   2.190 ms |  1.32% |   2.185 ms |  1.31% |  54.918 GB/s | 17.16% |        76.509 MiB |
| F32 | 100000000 |                0 |    640x |  21.645 ms |  1.43% |  21.641 ms |  1.43% |  55.451 GB/s | 17.32% |       763.091 MiB |
| F32 |     10000 |              0.5 |   8240x |  64.874 us | 11.11% |  60.804 us |  8.68% |   2.037 GB/s |  0.64% |        79.688 KiB |
| F32 |    100000 |              0.5 |   6176x |  85.085 us |  6.54% |  80.997 us |  4.09% |  15.280 GB/s |  4.77% |         1.012 MiB |
| F32 |   1000000 |              0.5 |   2592x | 289.743 us |  2.92% | 285.374 us |  2.47% |  43.365 GB/s | 13.55% |         8.120 MiB |
| F32 |  10000000 |              0.5 |    960x |   2.459 ms |  1.93% |   2.454 ms |  1.92% |  50.420 GB/s | 15.75% |        77.701 MiB |
| F32 | 100000000 |              0.5 |    618x |  24.247 ms |  0.60% |  24.242 ms |  0.60% |  51.048 GB/s | 15.95% |       775.012 MiB |
| F64 |     10000 |                0 |  11360x |  48.139 us | 12.32% |  44.016 us |  7.84% |   5.453 GB/s |  1.70% |        78.391 KiB |
| F64 |    100000 |                0 |   8080x |  65.988 us |  7.98% |  61.908 us |  4.35% |  38.767 GB/s | 12.11% |         1.000 MiB |
| F64 |   1000000 |                0 |   2752x | 271.146 us |  3.88% | 266.667 us |  3.46% |  90.000 GB/s | 28.12% |         8.001 MiB |
| F64 |  10000000 |                0 |   1088x |   2.473 ms |  2.14% |   2.468 ms |  2.13% |  97.253 GB/s | 30.39% |        76.509 MiB |
| F64 | 100000000 |                0 |    544x |  24.538 ms |  0.95% |  24.533 ms |  0.95% |  97.826 GB/s | 30.56% |       763.091 MiB |
| F64 |     10000 |              0.5 |   7376x |  71.911 us |  7.77% |  67.829 us |  4.77% |   3.595 GB/s |  1.12% |        79.688 KiB |
| F64 |    100000 |              0.5 |   5696x |  92.062 us |  9.68% |  88.009 us |  8.47% |  27.697 GB/s |  8.65% |         1.012 MiB |
| F64 |   1000000 |              0.5 |   2448x | 314.797 us |  3.14% | 310.391 us |  2.78% |  78.531 GB/s | 24.54% |         8.120 MiB |
| F64 |  10000000 |              0.5 |    960x |   2.695 ms |  1.38% |   2.690 ms |  1.37% |  90.600 GB/s | 28.31% |        77.701 MiB |
| F64 | 100000000 |              0.5 |    563x |  26.644 ms |  0.69% |  26.640 ms |  0.69% |  91.499 GB/s | 28.59% |       775.012 MiB |

## stable_distinct

### [0] Tesla T4

| Type | keep  | cardinality | NumRows  | Samples |  CPU Time  | Noise  |  GPU Time  | Noise  |
|------|-------|-------------|----------|---------|------------|--------|------------|--------|
|  I32 |   any |         100 |      100 |   3616x | 142.711 us |  6.16% | 138.583 us |  5.33% |
|  I32 | first |         100 |      100 |   3488x | 147.764 us |  4.99% | 143.715 us |  4.09% |
|  I32 |  last |         100 |      100 |   3456x | 148.898 us |  7.33% | 144.855 us |  6.75% |
|  I32 |  none |         100 |      100 |   3440x | 149.714 us |  5.22% | 145.575 us |  4.33% |
|  I32 |   any |         100 |   100000 |   3440x | 157.589 us |  4.84% | 153.467 us |  3.97% |
|  I32 | first |         100 |   100000 |   3152x | 169.418 us |  7.26% | 165.350 us |  6.82% |
|  I32 |  last |         100 |   100000 |   3056x | 168.040 us |  5.12% | 163.962 us |  4.45% |
|  I32 |  none |         100 |   100000 |   5088x | 102.455 us |  5.78% |  98.387 us |  4.00% |
|  I32 |   any |      100000 |   100000 |   3104x | 165.660 us |  4.22% | 161.537 us |  3.35% |
|  I32 | first |      100000 |   100000 |   2912x | 176.594 us |  4.80% | 172.477 us |  4.15% |
|  I32 |  last |      100000 |   100000 |   2912x | 176.143 us |  3.92% | 172.042 us |  3.09% |
|  I32 |  none |      100000 |   100000 |   2912x | 175.830 us |  3.85% | 171.753 us |  3.03% |
|  I32 |   any |         100 | 10000000 |   1456x |   1.636 ms |  1.54% |   1.631 ms |  1.52% |
|  I32 | first |         100 | 10000000 |    544x |   2.119 ms |  8.18% |   2.115 ms |  8.18% |
|  I32 |  last |         100 | 10000000 |    448x |   2.117 ms |  8.23% |   2.112 ms |  8.23% |
|  I32 |  none |         100 | 10000000 |    624x |   2.037 ms |  7.60% |   2.032 ms |  7.60% |
|  I32 |   any |      100000 | 10000000 |    174x |   2.881 ms |  0.37% |   2.877 ms |  0.34% |
|  I32 | first |      100000 | 10000000 |    108x |   4.676 ms |  0.42% |   4.672 ms |  0.43% |
|  I32 |  last |      100000 | 10000000 |    108x |   4.654 ms |  0.17% |   4.650 ms |  0.14% |
|  I32 |  none |      100000 | 10000000 |    111x |   4.510 ms |  0.17% |   4.506 ms |  0.14% |
|  I32 |   any |    10000000 | 10000000 |     75x |   6.696 ms |  0.21% |   6.691 ms |  0.19% |
|  I32 | first |    10000000 | 10000000 |     85x |   5.897 ms |  0.49% |   5.892 ms |  0.48% |
|  I32 |  last |    10000000 | 10000000 |     84x |   5.989 ms |  0.17% |   5.984 ms |  0.16% |
|  I32 |  none |    10000000 | 10000000 |    101x |   4.980 ms |  0.19% |   4.976 ms |  0.17% |
|  I64 |   any |         100 |      100 |   3568x | 144.831 us |  4.80% | 140.747 us |  3.76% |
|  I64 | first |         100 |      100 |   3488x | 148.024 us |  4.89% | 143.986 us |  3.94% |
|  I64 |  last |         100 |      100 |   3408x | 151.023 us | 11.35% | 146.997 us | 10.99% |
|  I64 |  none |         100 |      100 |   3456x | 149.073 us |  4.55% | 144.983 us |  3.53% |
|  I64 |   any |         100 |   100000 |   3168x | 162.058 us |  4.50% | 157.990 us |  3.65% |
|  I64 | first |         100 |   100000 |   2976x | 172.207 us |  7.50% | 168.191 us |  7.10% |
|  I64 |  last |         100 |   100000 |   3024x | 170.126 us |  3.99% | 166.079 us |  3.12% |
|  I64 |  none |         100 |   100000 |   4944x | 105.398 us |  5.63% | 101.381 us |  3.92% |
|  I64 |   any |      100000 |   100000 |   3072x | 167.225 us |  5.08% | 163.159 us |  4.39% |
|  I64 | first |      100000 |   100000 |   2832x | 180.719 us |  3.81% | 176.679 us |  3.02% |
|  I64 |  last |      100000 |   100000 |   2832x | 180.994 us |  4.13% | 176.972 us |  3.42% |
|  I64 |  none |      100000 |   100000 |   2832x | 180.695 us |  3.82% | 176.638 us |  3.03% |
|  I64 |   any |         100 | 10000000 |   2256x |   1.703 ms |  1.27% |   1.698 ms |  1.24% |
|  I64 | first |         100 | 10000000 |    560x |   2.286 ms | 10.02% |   2.281 ms | 10.02% |
|  I64 |  last |         100 | 10000000 |    624x |   2.275 ms |  9.76% |   2.271 ms |  9.75% |
|  I64 |  none |         100 | 10000000 |    656x |   2.212 ms |  9.63% |   2.208 ms |  9.63% |
|  I64 |   any |      100000 | 10000000 |    155x |   3.236 ms |  0.39% |   3.232 ms |  0.36% |
|  I64 | first |      100000 | 10000000 |     99x |   5.065 ms |  0.18% |   5.061 ms |  0.15% |
|  I64 |  last |      100000 | 10000000 |    100x |   5.051 ms |  0.16% |   5.047 ms |  0.14% |
|  I64 |  none |      100000 | 10000000 |    103x |   4.866 ms |  0.13% |   4.862 ms |  0.09% |
|  I64 |   any |    10000000 | 10000000 |     68x |   7.413 ms |  0.25% |   7.409 ms |  0.24% |
|  I64 | first |    10000000 | 10000000 |     76x |   6.654 ms |  0.17% |   6.650 ms |  0.16% |
|  I64 |  last |    10000000 | 10000000 |     75x |   6.734 ms |  0.16% |   6.729 ms |  0.15% |
|  I64 |  none |    10000000 | 10000000 |     97x |   5.168 ms |  0.16% |   5.163 ms |  0.13% |

## stable_distinct_list

### [0] Tesla T4

|      Type       | keep  | null_probability | ColumnSize | Samples | CPU Time | Noise | GPU Time | Noise |
|-----------------|-------|------------------|------------|---------|----------|-------|----------|-------|
|             I32 |   any |                0 |  100000000 |    142x | 3.538 ms | 0.46% | 3.533 ms | 0.44% |
|             I32 | first |                0 |  100000000 |    784x | 4.578 ms | 2.14% | 4.574 ms | 2.14% |
|             I32 |  last |                0 |  100000000 |    768x | 4.573 ms | 2.56% | 4.569 ms | 2.56% |
|             I32 |  none |                0 |  100000000 |    656x | 4.487 ms | 2.69% | 4.482 ms | 2.68% |
|             I32 |   any |              0.1 |  100000000 |    560x | 3.976 ms | 0.66% | 3.972 ms | 0.65% |
|             I32 | first |              0.1 |  100000000 |    608x | 5.901 ms | 5.22% | 5.897 ms | 5.22% |
|             I32 |  last |              0.1 |  100000000 |    528x | 5.891 ms | 5.57% | 5.887 ms | 5.57% |
|             I32 |  none |              0.1 |  100000000 |    352x | 5.828 ms | 5.71% | 5.824 ms | 5.71% |
| cudf::list_view |   any |                0 |  100000000 |   1584x | 4.279 ms | 1.89% | 4.274 ms | 1.88% |
| cudf::list_view | first |                0 |  100000000 |    592x | 4.014 ms | 9.65% | 4.009 ms | 9.65% |
| cudf::list_view |  last |                0 |  100000000 |    304x | 3.972 ms | 7.96% | 3.967 ms | 7.96% |
| cudf::list_view |  none |                0 |  100000000 |    544x | 3.978 ms | 9.58% | 3.974 ms | 9.58% |
| cudf::list_view |   any |              0.1 |  100000000 |   1136x | 4.809 ms | 1.64% | 4.804 ms | 1.64% |
| cudf::list_view | first |              0.1 |  100000000 |    784x | 4.611 ms | 9.18% | 4.606 ms | 9.18% |
| cudf::list_view |  last |              0.1 |  100000000 |    592x | 4.594 ms | 8.90% | 4.590 ms | 8.89% |
| cudf::list_view |  none |              0.1 |  100000000 |    528x | 4.567 ms | 8.95% | 4.563 ms | 8.95% |

## unique

### [0] Tesla T4

|        Type        | KeepOption | NumRows  | Sort | Samples |  CPU Time  | Noise  |  GPU Time  | Noise  |
|--------------------|------------|----------|------|---------|------------|--------|------------|--------|
|               bool | KEEP_FIRST |    10000 |    0 |   4272x | 121.504 us |  5.00% | 117.385 us |  3.43% |
|               bool | KEEP_FIRST |   100000 |    0 |   4224x | 122.803 us |  5.08% | 118.715 us |  3.73% |
|               bool | KEEP_FIRST |  1000000 |    0 |   2976x | 172.884 us |  5.76% | 168.834 us |  5.22% |
|               bool | KEEP_FIRST | 10000000 |    0 |   1040x | 967.126 us |  1.42% | 962.753 us |  1.35% |
|               bool | KEEP_FIRST |    10000 |    1 |   4176x | 124.006 us |  9.97% | 119.936 us |  9.30% |
|               bool | KEEP_FIRST |   100000 |    1 |   4208x | 123.119 us |  4.93% | 119.040 us |  3.45% |
|               bool | KEEP_FIRST |  1000000 |    1 |   3200x | 160.637 us |  3.92% | 156.607 us |  2.93% |
|               bool | KEEP_FIRST | 10000000 |    1 |   2528x | 540.913 us |  2.82% | 536.599 us |  2.70% |
|               bool |  KEEP_LAST |    10000 |    0 |   4208x | 122.977 us |  5.00% | 118.879 us |  3.55% |
|               bool |  KEEP_LAST |   100000 |    0 |   4128x | 125.391 us | 10.08% | 121.335 us |  9.43% |
|               bool |  KEEP_LAST |  1000000 |    0 |   2944x | 174.059 us |  3.20% | 170.008 us |  2.10% |
|               bool |  KEEP_LAST | 10000000 |    0 |   1088x | 967.084 us |  1.40% | 962.677 us |  1.31% |
|               bool |  KEEP_LAST |    10000 |    1 |   4128x | 125.242 us | 10.60% | 121.172 us | 10.02% |
|               bool |  KEEP_LAST |   100000 |    1 |   4176x | 123.850 us |  5.29% | 119.777 us |  4.00% |
|               bool |  KEEP_LAST |  1000000 |    1 |   3120x | 164.621 us |  4.99% | 160.564 us |  4.28% |
|               bool |  KEEP_LAST | 10000000 |    1 |   2416x | 566.420 us |  2.82% | 562.088 us |  2.70% |
|               bool |  KEEP_NONE |    10000 |    0 |   4192x | 123.706 us |  5.16% | 119.620 us |  3.80% |
|               bool |  KEEP_NONE |   100000 |    0 |   4064x | 127.499 us |  8.67% | 123.450 us |  8.01% |
|               bool |  KEEP_NONE |  1000000 |    0 |   2864x | 182.778 us |  3.90% | 178.726 us |  3.16% |
|               bool |  KEEP_NONE | 10000000 |    0 |   2016x | 980.861 us |  1.53% | 976.569 us |  1.46% |
|               bool |  KEEP_NONE |    10000 |    1 |   5616x |  93.220 us |  6.16% |  89.182 us |  4.06% |
|               bool |  KEEP_NONE |   100000 |    1 |   5552x |  94.130 us |  6.79% |  90.109 us |  4.99% |
|               bool |  KEEP_NONE |  1000000 |    1 |   3920x | 131.776 us |  4.40% | 127.757 us |  3.04% |
|               bool |  KEEP_NONE | 10000000 |    1 |   1744x | 517.126 us |  2.09% | 512.862 us |  1.91% |
|                 I8 | KEEP_FIRST |    10000 |    0 |   4208x | 123.032 us | 10.83% | 118.976 us | 10.29% |
|                 I8 | KEEP_FIRST |   100000 |    0 |   4304x | 120.333 us |  5.39% | 116.266 us |  4.04% |
|                 I8 | KEEP_FIRST |  1000000 |    0 |   2864x | 179.096 us |  3.53% | 175.055 us |  2.64% |
|                 I8 | KEEP_FIRST | 10000000 |    0 |   2000x |   1.173 ms |  1.65% |   1.169 ms |  1.60% |
|                 I8 | KEEP_FIRST |    10000 |    1 |   4240x | 122.295 us |  7.38% | 118.228 us |  6.46% |
|                 I8 | KEEP_FIRST |   100000 |    1 |   4272x | 121.473 us |  5.44% | 117.395 us |  4.16% |
|                 I8 | KEEP_FIRST |  1000000 |    1 |   3264x | 157.662 us |  4.23% | 153.566 us |  3.23% |
|                 I8 | KEEP_FIRST | 10000000 |    1 |   2640x | 513.807 us |  3.40% | 509.484 us |  3.28% |
|                 I8 |  KEEP_LAST |    10000 |    0 |   4272x | 121.542 us |  5.80% | 117.449 us |  4.59% |
|                 I8 |  KEEP_LAST |   100000 |    0 |   4160x | 124.519 us | 10.50% | 120.435 us |  9.87% |
|                 I8 |  KEEP_LAST |  1000000 |    0 |   2832x | 181.112 us |  3.29% | 177.092 us |  2.39% |
|                 I8 |  KEEP_LAST | 10000000 |    0 |   1904x |   1.172 ms |  1.40% |   1.168 ms |  1.34% |
|                 I8 |  KEEP_LAST |    10000 |    1 |   4688x | 122.124 us |  6.83% | 118.050 us |  5.87% |
|                 I8 |  KEEP_LAST |   100000 |    1 |   4256x | 121.959 us |  4.86% | 117.899 us |  3.40% |
|                 I8 |  KEEP_LAST |  1000000 |    1 |   3232x | 158.891 us |  3.72% | 154.855 us |  2.65% |
|                 I8 |  KEEP_LAST | 10000000 |    1 |   2368x | 539.801 us |  2.96% | 535.458 us |  2.83% |
|                 I8 |  KEEP_NONE |    10000 |    0 |   4208x | 123.040 us |  4.85% | 118.956 us |  3.37% |
|                 I8 |  KEEP_NONE |   100000 |    0 |   4224x | 122.840 us |  4.73% | 118.793 us |  3.25% |
|                 I8 |  KEEP_NONE |  1000000 |    0 |   2864x | 179.541 us |  5.67% | 175.480 us |  5.17% |
|                 I8 |  KEEP_NONE | 10000000 |    0 |   1616x |   1.050 ms |  1.64% |   1.046 ms |  1.59% |
|                 I8 |  KEEP_NONE |    10000 |    1 |   5696x |  92.053 us |  5.97% |  87.999 us |  3.72% |
|                 I8 |  KEEP_NONE |   100000 |    1 |   5696x |  92.000 us |  6.00% |  87.967 us |  3.80% |
|                 I8 |  KEEP_NONE |  1000000 |    1 |   4016x | 128.730 us |  5.36% | 124.717 us |  4.23% |
|                 I8 |  KEEP_NONE | 10000000 |    1 |   2608x | 489.373 us |  3.04% | 485.033 us |  2.89% |
|                I32 | KEEP_FIRST |    10000 |    0 |   4464x | 116.065 us |  7.09% | 112.015 us |  6.01% |
|                I32 | KEEP_FIRST |   100000 |    0 |   4400x | 117.978 us |  5.11% | 113.914 us |  3.61% |
|                I32 | KEEP_FIRST |  1000000 |    0 |   1824x | 278.269 us |  2.04% | 274.180 us |  1.36% |
|                I32 | KEEP_FIRST | 10000000 |    0 |   1472x |   1.791 ms |  1.05% |   1.787 ms |  1.02% |
|                I32 | KEEP_FIRST |    10000 |    1 |   4448x | 116.575 us |  5.98% | 112.503 us |  4.72% |
|                I32 | KEEP_FIRST |   100000 |    1 |   4352x | 119.121 us |  5.10% | 115.040 us |  3.62% |
|                I32 | KEEP_FIRST |  1000000 |    1 |   2832x | 180.962 us |  3.05% | 176.928 us |  2.01% |
|                I32 | KEEP_FIRST | 10000000 |    1 |   2064x | 772.043 us |  2.10% | 767.612 us |  2.01% |
|                I32 |  KEEP_LAST |    10000 |    0 |   4384x | 118.519 us |  8.47% | 114.407 us |  7.61% |
|                I32 |  KEEP_LAST |   100000 |    0 |   4368x | 118.828 us |  6.24% | 114.774 us |  5.12% |
|                I32 |  KEEP_LAST |  1000000 |    0 |   1824x | 280.170 us |  2.05% | 276.072 us |  1.40% |
|                I32 |  KEEP_LAST | 10000000 |    0 |   2608x |   1.790 ms |  0.92% |   1.785 ms |  0.88% |
|                I32 |  KEEP_LAST |    10000 |    1 |   4416x | 117.357 us |  7.58% | 113.252 us |  6.61% |
|                I32 |  KEEP_LAST |   100000 |    1 |   4368x | 118.620 us |  4.98% | 114.551 us |  3.46% |
|                I32 |  KEEP_LAST |  1000000 |    1 |   2816x | 182.451 us |  3.00% | 178.384 us |  1.93% |
|                I32 |  KEEP_LAST | 10000000 |    1 |    688x | 800.304 us |  3.29% | 795.815 us |  3.23% |
|                I32 |  KEEP_NONE |    10000 |    0 |   4400x | 117.831 us |  5.32% | 113.707 us |  3.83% |
|                I32 |  KEEP_NONE |   100000 |    0 |   4304x | 120.594 us |  4.90% | 116.552 us |  3.46% |
|                I32 |  KEEP_NONE |  1000000 |    0 |   2640x | 193.645 us | 10.82% | 189.537 us | 10.57% |
|                I32 |  KEEP_NONE | 10000000 |    0 |   1360x |   1.292 ms |  1.79% |   1.288 ms |  1.75% |
|                I32 |  KEEP_NONE |    10000 |    1 |   6000x |  87.558 us |  6.62% |  83.485 us |  4.38% |
|                I32 |  KEEP_NONE |   100000 |    1 |   5936x |  88.372 us |  6.10% |  84.341 us |  3.72% |
|                I32 |  KEEP_NONE |  1000000 |    1 |   4016x | 142.585 us |  7.28% | 138.575 us |  6.68% |
|                I32 |  KEEP_NONE | 10000000 |    1 |   2048x | 672.043 us |  1.62% | 667.663 us |  1.47% |
|                I64 | KEEP_FIRST |    10000 |    0 |   4096x | 126.501 us | 10.00% | 122.413 us |  9.42% |
|                I64 | KEEP_FIRST |   100000 |    0 |   4032x | 128.178 us |  4.72% | 124.099 us |  3.36% |
|                I64 | KEEP_FIRST |  1000000 |    0 |   1264x | 400.079 us |  1.51% | 396.041 us |  1.11% |
|                I64 | KEEP_FIRST | 10000000 |    0 |    179x |   2.806 ms |  0.50% |   2.801 ms |  0.48% |
|                I64 | KEEP_FIRST |    10000 |    1 |   4080x | 127.081 us |  9.62% | 122.976 us |  9.00% |
|                I64 | KEEP_FIRST |   100000 |    1 |   4000x | 129.554 us |  4.96% | 125.482 us |  3.75% |
|                I64 | KEEP_FIRST |  1000000 |    1 |   2592x | 227.612 us |  3.46% | 223.522 us |  2.91% |
|                I64 | KEEP_FIRST | 10000000 |    1 |   1728x |   1.099 ms |  1.00% |   1.095 ms |  0.91% |
|                I64 |  KEEP_LAST |    10000 |    0 |   4080x | 126.712 us |  8.83% | 122.619 us |  8.13% |
|                I64 |  KEEP_LAST |   100000 |    0 |   4000x | 129.406 us |  4.54% | 125.327 us |  3.12% |
|                I64 |  KEEP_LAST |  1000000 |    0 |   1248x | 404.677 us |  1.49% | 400.655 us |  1.11% |
|                I64 |  KEEP_LAST | 10000000 |    0 |    773x |   2.809 ms |  0.52% |   2.804 ms |  0.50% |
|                I64 |  KEEP_LAST |    10000 |    1 |   4096x | 126.591 us |  6.86% | 122.507 us |  5.99% |
|                I64 |  KEEP_LAST |   100000 |    1 |   3952x | 131.069 us |  4.83% | 127.013 us |  3.59% |
|                I64 |  KEEP_LAST |  1000000 |    1 |   2224x | 230.002 us |  2.61% | 225.960 us |  1.89% |
|                I64 |  KEEP_LAST | 10000000 |    1 |   2064x |   1.115 ms |  1.52% |   1.110 ms |  1.46% |
|                I64 |  KEEP_NONE |    10000 |    0 |   4016x | 128.824 us |  9.71% | 124.713 us |  9.05% |
|                I64 |  KEEP_NONE |   100000 |    0 |   3936x | 131.102 us |  4.63% | 127.056 us |  3.37% |
|                I64 |  KEEP_NONE |  1000000 |    0 |   2112x | 242.152 us |  2.51% | 238.078 us |  1.83% |
|                I64 |  KEEP_NONE | 10000000 |    0 |   1312x |   1.721 ms |  1.31% |   1.717 ms |  1.28% |
|                I64 |  KEEP_NONE |    10000 |    1 |   5472x |  95.693 us |  6.27% |  91.619 us |  4.34% |
|                I64 |  KEEP_NONE |   100000 |    1 |   5280x |  98.916 us |  5.81% |  94.887 us |  3.92% |
|                I64 |  KEEP_NONE |  1000000 |    1 |   2800x | 183.582 us |  2.97% | 179.542 us |  1.91% |
|                I64 |  KEEP_NONE | 10000000 |    1 |    656x | 998.946 us |  1.13% | 994.440 us |  1.03% |
|                F32 | KEEP_FIRST |    10000 |    0 |   4384x | 118.424 us |  5.22% | 114.334 us |  3.75% |
|                F32 | KEEP_FIRST |   100000 |    0 |   4640x | 123.656 us | 10.30% | 119.568 us |  9.71% |
|                F32 | KEEP_FIRST |  1000000 |    0 |   1776x | 287.570 us |  2.00% | 283.470 us |  1.36% |
|                F32 | KEEP_FIRST | 10000000 |    0 |    960x |   1.841 ms |  0.87% |   1.836 ms |  0.83% |
|                F32 | KEEP_FIRST |    10000 |    1 |   4272x | 121.158 us |  4.86% | 117.082 us |  3.36% |
|                F32 | KEEP_FIRST |   100000 |    1 |   4160x | 124.450 us |  4.70% | 120.376 us |  3.23% |
|                F32 | KEEP_FIRST |  1000000 |    1 |   2800x | 280.569 us |  4.08% | 276.453 us |  3.77% |
|                F32 | KEEP_FIRST | 10000000 |    1 |   2048x |   1.692 ms |  0.90% |   1.688 ms |  0.86% |
|                F32 |  KEEP_LAST |    10000 |    0 |   4320x | 120.144 us |  6.06% | 116.103 us |  4.93% |
|                F32 |  KEEP_LAST |   100000 |    0 |   4256x | 121.551 us |  4.72% | 117.516 us |  3.21% |
|                F32 |  KEEP_LAST |  1000000 |    0 |   1744x | 291.893 us |  1.96% | 287.826 us |  1.35% |
|                F32 |  KEEP_LAST | 10000000 |    0 |   1760x |   1.842 ms |  0.81% |   1.837 ms |  0.77% |
|                F32 |  KEEP_LAST |    10000 |    1 |   4256x | 121.863 us |  4.93% | 117.795 us |  3.47% |
|                F32 |  KEEP_LAST |   100000 |    1 |   4112x | 126.028 us |  6.16% | 121.960 us |  5.12% |
|                F32 |  KEEP_LAST |  1000000 |    1 |   1808x | 281.948 us |  2.03% | 277.872 us |  1.39% |
|                F32 |  KEEP_LAST | 10000000 |    1 |   1840x |   1.692 ms |  0.86% |   1.688 ms |  0.82% |
|                F32 |  KEEP_NONE |    10000 |    0 |   4256x | 121.645 us |  6.06% | 117.590 us |  4.90% |
|                F32 |  KEEP_NONE |   100000 |    0 |   4176x | 123.830 us |  4.70% | 119.741 us |  3.12% |
|                F32 |  KEEP_NONE |  1000000 |    0 |   2560x | 199.566 us |  3.19% | 195.574 us |  2.45% |
|                F32 |  KEEP_NONE | 10000000 |    0 |   1600x |   1.368 ms |  1.98% |   1.363 ms |  1.95% |
|                F32 |  KEEP_NONE |    10000 |    1 |   4208x | 123.241 us |  6.75% | 119.126 us |  5.71% |
|                F32 |  KEEP_NONE |   100000 |    1 |   4128x | 125.291 us |  5.29% | 121.218 us |  4.04% |
|                F32 |  KEEP_NONE |  1000000 |    1 |   2480x | 206.158 us |  2.97% | 202.075 us |  2.14% |
|                F32 |  KEEP_NONE | 10000000 |    1 |   1744x |   1.201 ms |  1.41% |   1.196 ms |  1.36% |
| cudf::timestamp_ms | KEEP_FIRST |    10000 |    0 |   4128x | 125.435 us |  8.47% | 121.309 us |  7.64% |
| cudf::timestamp_ms | KEEP_FIRST |   100000 |    0 |   4032x | 128.227 us |  4.61% | 124.166 us |  3.22% |
| cudf::timestamp_ms | KEEP_FIRST |  1000000 |    0 |   1264x | 403.770 us |  1.47% | 399.650 us |  1.04% |
| cudf::timestamp_ms | KEEP_FIRST | 10000000 |    0 |   1024x |   2.820 ms |  0.71% |   2.816 ms |  0.70% |
| cudf::timestamp_ms | KEEP_FIRST |    10000 |    1 |   4144x | 124.837 us |  6.91% | 120.759 us |  5.98% |
| cudf::timestamp_ms | KEEP_FIRST |   100000 |    1 |   4000x | 129.572 us |  4.60% | 125.492 us |  3.21% |
| cudf::timestamp_ms | KEEP_FIRST |  1000000 |    1 |   2448x | 219.043 us |  4.47% | 214.975 us |  4.04% |
| cudf::timestamp_ms | KEEP_FIRST | 10000000 |    1 |   1472x | 914.370 us |  1.21% | 909.930 us |  1.10% |
| cudf::timestamp_ms |  KEEP_LAST |    10000 |    0 |   4096x | 126.299 us |  6.15% | 122.198 us |  5.06% |
| cudf::timestamp_ms |  KEEP_LAST |   100000 |    0 |   3984x | 129.692 us |  4.88% | 125.628 us |  3.60% |
| cudf::timestamp_ms |  KEEP_LAST |  1000000 |    0 |   1248x | 406.540 us |  1.28% | 402.522 us |  0.79% |
| cudf::timestamp_ms |  KEEP_LAST | 10000000 |    0 |   1250x |   2.820 ms |  0.52% |   2.815 ms |  0.50% |
| cudf::timestamp_ms |  KEEP_LAST |    10000 |    1 |   4112x | 125.978 us |  5.12% | 121.909 us |  3.83% |
| cudf::timestamp_ms |  KEEP_LAST |   100000 |    1 |   3840x | 134.589 us |  9.46% | 130.528 us |  8.87% |
| cudf::timestamp_ms |  KEEP_LAST |  1000000 |    1 |   2400x | 221.091 us |  2.85% | 217.053 us |  2.14% |
| cudf::timestamp_ms |  KEEP_LAST | 10000000 |    1 |   1936x | 941.565 us |  1.34% | 937.045 us |  1.25% |
| cudf::timestamp_ms |  KEEP_NONE |    10000 |    0 |   4064x | 127.162 us |  5.27% | 123.062 us |  4.02% |
| cudf::timestamp_ms |  KEEP_NONE |   100000 |    0 |   3952x | 130.996 us |  5.43% | 126.911 us |  4.31% |
| cudf::timestamp_ms |  KEEP_NONE |  1000000 |    0 |   2080x | 244.587 us |  2.51% | 240.499 us |  1.84% |
| cudf::timestamp_ms |  KEEP_NONE | 10000000 |    0 |   1872x |   1.740 ms |  1.19% |   1.735 ms |  1.16% |
| cudf::timestamp_ms |  KEEP_NONE |    10000 |    1 |   5456x |  95.849 us |  6.06% |  91.803 us |  4.12% |
| cudf::timestamp_ms |  KEEP_NONE |   100000 |    1 |   5232x |  99.634 us |  5.44% |  95.572 us |  3.33% |
| cudf::timestamp_ms |  KEEP_NONE |  1000000 |    1 |   2752x | 185.902 us |  3.16% | 181.860 us |  2.25% |
| cudf::timestamp_ms |  KEEP_NONE | 10000000 |    1 |   1616x | 890.746 us |  1.15% | 886.240 us |  1.02% |

## unique_list

### [0] Tesla T4

|      Type       | KeepOption | null_probability | ColumnSize | Sort | Samples |  CPU Time  | Noise  |  GPU Time  | Noise  |
|-----------------|------------|------------------|------------|------|---------|------------|--------|------------|--------|
|             I32 | KEEP_FIRST |                0 |      10000 |    0 |   5408x |  96.626 us |  8.27% |  92.526 us |  6.93% |
|             I32 | KEEP_FIRST |              0.1 |      10000 |    0 |   5488x |  95.253 us |  6.08% |  91.177 us |  4.06% |
|             I32 | KEEP_FIRST |                0 |     100000 |    0 |   5440x |  95.989 us |  5.77% |  91.926 us |  3.65% |
|             I32 | KEEP_FIRST |              0.1 |     100000 |    0 |   5360x |  97.594 us | 10.82% |  93.534 us |  9.88% |
|             I32 | KEEP_FIRST |                0 |    1000000 |    0 |   4912x | 105.902 us |  5.55% | 101.821 us |  3.80% |
|             I32 | KEEP_FIRST |              0.1 |    1000000 |    0 |   4912x | 106.215 us |  5.41% | 102.129 us |  3.57% |
|             I32 | KEEP_FIRST |                0 |   10000000 |    0 |   2208x | 294.688 us |  3.42% | 290.515 us |  3.10% |
|             I32 | KEEP_FIRST |              0.1 |   10000000 |    0 |   1632x | 312.338 us |  2.22% | 308.052 us |  1.72% |
|             I32 | KEEP_FIRST |                0 |  100000000 |    0 |   1504x |   2.033 ms |  1.12% |   2.029 ms |  1.09% |
|             I32 | KEEP_FIRST |              0.1 |  100000000 |    0 |   1040x |   2.282 ms |  0.97% |   2.278 ms |  0.95% |
|             I32 | KEEP_FIRST |                0 |      10000 |    1 |   5424x |  96.311 us |  9.95% |  92.184 us |  8.84% |
|             I32 | KEEP_FIRST |              0.1 |      10000 |    1 |   5488x |  95.434 us |  6.68% |  91.366 us |  4.93% |
|             I32 | KEEP_FIRST |                0 |     100000 |    1 |   5376x |  97.304 us | 10.49% |  93.232 us |  9.50% |
|             I32 | KEEP_FIRST |              0.1 |     100000 |    1 |   5472x |  95.552 us |  6.70% |  91.460 us |  4.92% |
|             I32 | KEEP_FIRST |                0 |    1000000 |    1 |   5056x | 103.084 us |  5.67% |  99.013 us |  3.87% |
|             I32 | KEEP_FIRST |              0.1 |    1000000 |    1 |   5120x | 101.769 us |  7.60% |  97.679 us |  6.29% |
|             I32 | KEEP_FIRST |                0 |   10000000 |    1 |   2592x | 197.824 us |  3.02% | 193.704 us |  2.10% |
|             I32 | KEEP_FIRST |              0.1 |   10000000 |    1 |   2528x | 202.635 us |  3.11% | 198.497 us |  2.31% |
|             I32 | KEEP_FIRST |                0 |  100000000 |    1 |   2384x |   1.118 ms |  1.71% |   1.113 ms |  1.66% |
|             I32 | KEEP_FIRST |              0.1 |  100000000 |    1 |   1552x |   1.242 ms |  1.37% |   1.237 ms |  1.32% |
|             I32 |  KEEP_LAST |                0 |      10000 |    0 |   5344x |  97.654 us |  9.88% |  93.589 us |  8.81% |
|             I32 |  KEEP_LAST |              0.1 |      10000 |    0 |   5392x |  96.791 us |  6.01% |  92.743 us |  4.05% |
|             I32 |  KEEP_LAST |                0 |     100000 |    0 |   5424x |  96.276 us |  5.72% |  92.223 us |  3.61% |
|             I32 |  KEEP_LAST |              0.1 |     100000 |    0 |   5328x |  97.954 us |  6.84% |  93.901 us |  5.25% |
|             I32 |  KEEP_LAST |                0 |    1000000 |    0 |   4880x | 106.864 us |  5.32% | 102.790 us |  3.53% |
|             I32 |  KEEP_LAST |              0.1 |    1000000 |    0 |   4800x | 108.486 us |  5.45% | 104.393 us |  3.69% |
|             I32 |  KEEP_LAST |                0 |   10000000 |    0 |   2016x | 296.309 us |  2.90% | 292.140 us |  2.52% |
|             I32 |  KEEP_LAST |              0.1 |   10000000 |    0 |   1616x | 316.283 us |  1.91% | 312.059 us |  1.34% |
|             I32 |  KEEP_LAST |                0 |  100000000 |    0 |   1840x |   2.028 ms |  1.04% |   2.024 ms |  1.01% |
|             I32 |  KEEP_LAST |              0.1 |  100000000 |    0 |    992x |   2.282 ms |  1.05% |   2.278 ms |  1.03% |
|             I32 |  KEEP_LAST |                0 |      10000 |    1 |   5424x |  96.424 us |  6.09% |  92.357 us |  4.14% |
|             I32 |  KEEP_LAST |              0.1 |      10000 |    1 |   5408x |  96.769 us | 10.93% |  92.712 us |  9.98% |
|             I32 |  KEEP_LAST |                0 |     100000 |    1 |   5456x |  95.808 us |  5.99% |  91.753 us |  3.96% |
|             I32 |  KEEP_LAST |              0.1 |     100000 |    1 |   5504x |  95.127 us |  5.94% |  91.085 us |  3.91% |
|             I32 |  KEEP_LAST |                0 |    1000000 |    1 |   4992x | 104.369 us |  6.87% | 100.325 us |  5.55% |
|             I32 |  KEEP_LAST |              0.1 |    1000000 |    1 |   5152x | 101.335 us |  5.79% |  97.277 us |  3.93% |
|             I32 |  KEEP_LAST |                0 |   10000000 |    1 |   2528x | 202.502 us |  2.98% | 198.447 us |  2.16% |
|             I32 |  KEEP_LAST |              0.1 |   10000000 |    1 |   2448x | 208.812 us |  3.99% | 204.658 us |  3.40% |
|             I32 |  KEEP_LAST |                0 |  100000000 |    1 |   2272x |   1.162 ms |  1.65% |   1.157 ms |  1.59% |
|             I32 |  KEEP_LAST |              0.1 |  100000000 |    1 |    928x |   1.290 ms |  1.41% |   1.286 ms |  1.36% |
|             I32 |  KEEP_NONE |                0 |      10000 |    0 |   5392x |  97.038 us |  7.05% |  92.990 us |  5.50% |
|             I32 |  KEEP_NONE |              0.1 |      10000 |    0 |   5344x |  97.741 us |  6.84% |  93.706 us |  5.24% |
|             I32 |  KEEP_NONE |                0 |     100000 |    0 |   5312x |  98.253 us |  7.80% |  94.228 us |  6.49% |
|             I32 |  KEEP_NONE |              0.1 |     100000 |    0 |   5280x |  98.808 us |  6.95% |  94.794 us |  5.50% |
|             I32 |  KEEP_NONE |                0 |    1000000 |    0 |   4880x | 106.696 us |  5.95% | 102.645 us |  4.34% |
|             I32 |  KEEP_NONE |              0.1 |    1000000 |    0 |   4864x | 109.443 us |  7.99% | 105.408 us |  6.96% |
|             I32 |  KEEP_NONE |                0 |   10000000 |    0 |   1824x | 279.885 us |  2.48% | 275.689 us |  1.94% |
|             I32 |  KEEP_NONE |              0.1 |   10000000 |    0 |   1792x | 314.998 us |  2.12% | 310.730 us |  1.61% |
|             I32 |  KEEP_NONE |                0 |  100000000 |    0 |   1472x |   2.111 ms |  1.32% |   2.106 ms |  1.30% |
|             I32 |  KEEP_NONE |              0.1 |  100000000 |    0 |    736x |   2.514 ms |  1.45% |   2.510 ms |  1.43% |
|             I32 |  KEEP_NONE |                0 |      10000 |    1 |   5392x |  96.789 us |  6.32% |  92.731 us |  4.48% |
|             I32 |  KEEP_NONE |              0.1 |      10000 |    1 |   5488x |  95.181 us |  6.07% |  91.164 us |  4.15% |
|             I32 |  KEEP_NONE |                0 |     100000 |    1 |   5424x |  96.502 us |  7.43% |  92.427 us |  5.91% |
|             I32 |  KEEP_NONE |              0.1 |     100000 |    1 |   5536x |  94.429 us |  6.16% |  90.393 us |  4.16% |
|             I32 |  KEEP_NONE |                0 |    1000000 |    1 |   5824x |  89.917 us |  6.97% |  85.884 us |  5.10% |
|             I32 |  KEEP_NONE |              0.1 |    1000000 |    1 |   5936x |  88.372 us |  7.96% |  84.332 us |  6.24% |
|             I32 |  KEEP_NONE |                0 |   10000000 |    1 |   2784x | 184.522 us |  3.10% | 180.469 us |  2.10% |
|             I32 |  KEEP_NONE |              0.1 |   10000000 |    1 |   2704x | 190.103 us |  3.04% | 185.998 us |  2.06% |
|             I32 |  KEEP_NONE |                0 |  100000000 |    1 |   1952x |   1.104 ms |  1.53% |   1.100 ms |  1.47% |
|             I32 |  KEEP_NONE |              0.1 |  100000000 |    1 |    800x |   1.240 ms |  2.20% |   1.235 ms |  2.17% |
| cudf::list_view | KEEP_FIRST |                0 |      10000 |    0 |   2864x | 179.499 us |  4.63% | 175.312 us |  3.90% |
| cudf::list_view | KEEP_FIRST |              0.1 |      10000 |    0 |   2480x | 206.545 us |  4.00% | 202.405 us |  3.42% |
| cudf::list_view | KEEP_FIRST |                0 |     100000 |    0 |   2752x | 185.903 us | 10.58% | 181.762 us | 10.28% |
| cudf::list_view | KEEP_FIRST |              0.1 |     100000 |    0 |   2416x | 211.881 us |  3.79% | 207.754 us |  3.17% |
| cudf::list_view | KEEP_FIRST |                0 |    1000000 |    0 |   2224x | 229.340 us |  3.57% | 225.212 us |  3.05% |
| cudf::list_view | KEEP_FIRST |              0.1 |    1000000 |    0 |   1984x | 257.436 us |  3.41% | 253.361 us |  2.98% |
| cudf::list_view | KEEP_FIRST |                0 |   10000000 |    0 |   1936x |   1.044 ms |  1.42% |   1.040 ms |  1.36% |
| cudf::list_view | KEEP_FIRST |              0.1 |   10000000 |    0 |   1952x |   1.028 ms |  1.74% |   1.024 ms |  1.68% |
| cudf::list_view | KEEP_FIRST |                0 |  100000000 |    0 |   1248x |   7.462 ms |  0.67% |   7.458 ms |  0.66% |
| cudf::list_view | KEEP_FIRST |              0.1 |  100000000 |    0 |    672x |   9.584 ms |  1.32% |   9.579 ms |  1.31% |
| cudf::list_view | KEEP_FIRST |                0 |      10000 |    1 |   3696x | 139.368 us |  5.63% | 135.302 us |  4.73% |
| cudf::list_view | KEEP_FIRST |              0.1 |      10000 |    1 |   2560x | 200.180 us |  3.83% | 196.088 us |  3.20% |
| cudf::list_view | KEEP_FIRST |                0 |     100000 |    1 |   3696x | 139.933 us |  4.74% | 135.861 us |  3.65% |
| cudf::list_view | KEEP_FIRST |              0.1 |     100000 |    1 |   2496x | 205.222 us |  3.56% | 201.146 us |  2.91% |
| cudf::list_view | KEEP_FIRST |                0 |    1000000 |    1 |   3376x | 152.886 us |  8.36% | 148.770 us |  7.83% |
| cudf::list_view | KEEP_FIRST |              0.1 |    1000000 |    1 |   2320x | 220.346 us |  3.62% | 216.248 us |  3.06% |
| cudf::list_view | KEEP_FIRST |                0 |   10000000 |    1 |   2336x | 251.470 us |  2.89% | 247.336 us |  2.34% |
| cudf::list_view | KEEP_FIRST |              0.1 |   10000000 |    1 |   2416x | 331.445 us |  4.72% | 327.380 us |  4.54% |
| cudf::list_view | KEEP_FIRST |                0 |  100000000 |    1 |   2032x |   1.752 ms |  2.40% |   1.747 ms |  2.39% |
| cudf::list_view | KEEP_FIRST |              0.1 |  100000000 |    1 |   1632x |   1.832 ms |  1.86% |   1.827 ms |  1.84% |
| cudf::list_view |  KEEP_LAST |                0 |      10000 |    0 |   2880x | 178.666 us |  4.53% | 174.529 us |  3.81% |
| cudf::list_view |  KEEP_LAST |              0.1 |      10000 |    0 |   2496x | 204.473 us |  3.82% | 200.391 us |  3.22% |
| cudf::list_view |  KEEP_LAST |                0 |     100000 |    0 |   3184x | 180.868 us |  6.74% | 176.843 us |  6.34% |
| cudf::list_view |  KEEP_LAST |              0.1 |     100000 |    0 |   2784x | 214.716 us | 11.87% | 210.590 us | 11.70% |
| cudf::list_view |  KEEP_LAST |                0 |    1000000 |    0 |   2448x | 227.533 us |  3.17% | 223.482 us |  2.59% |
| cudf::list_view |  KEEP_LAST |              0.1 |    1000000 |    0 |   2000x | 255.354 us |  2.97% | 251.255 us |  2.47% |
| cudf::list_view |  KEEP_LAST |                0 |   10000000 |    0 |   2240x |   1.044 ms |  2.14% |   1.039 ms |  2.09% |
| cudf::list_view |  KEEP_LAST |              0.1 |   10000000 |    0 |   1168x |   1.029 ms |  1.32% |   1.024 ms |  1.24% |
| cudf::list_view |  KEEP_LAST |                0 |  100000000 |    0 |    880x |   7.475 ms |  0.90% |   7.470 ms |  0.90% |
| cudf::list_view |  KEEP_LAST |              0.1 |  100000000 |    0 |    528x |   9.590 ms |  1.15% |   9.585 ms |  1.15% |
| cudf::list_view |  KEEP_LAST |                0 |      10000 |    1 |   3696x | 139.424 us |  4.90% | 135.342 us |  3.82% |
| cudf::list_view |  KEEP_LAST |              0.1 |      10000 |    1 |   2560x | 200.342 us |  3.99% | 196.273 us |  3.38% |
| cudf::list_view |  KEEP_LAST |                0 |     100000 |    1 |   3632x | 142.009 us |  9.91% | 137.955 us |  9.44% |
| cudf::list_view |  KEEP_LAST |              0.1 |     100000 |    1 |   2480x | 206.135 us |  3.90% | 202.056 us |  3.32% |
| cudf::list_view |  KEEP_LAST |                0 |    1000000 |    1 |   3408x | 151.314 us |  4.52% | 147.203 us |  3.53% |
| cudf::list_view |  KEEP_LAST |              0.1 |    1000000 |    1 |   2304x | 221.351 us |  5.16% | 217.314 us |  4.77% |
| cudf::list_view |  KEEP_LAST |                0 |   10000000 |    1 |   2016x | 253.148 us |  2.78% | 249.064 us |  2.22% |
| cudf::list_view |  KEEP_LAST |              0.1 |   10000000 |    1 |   1552x | 336.030 us |  7.84% | 331.938 us |  7.74% |
| cudf::list_view |  KEEP_LAST |                0 |  100000000 |    1 |   1376x |   1.793 ms |  2.24% |   1.788 ms |  2.22% |
| cudf::list_view |  KEEP_LAST |              0.1 |  100000000 |    1 |   1904x |   1.877 ms |  2.08% |   1.872 ms |  2.06% |
| cudf::list_view |  KEEP_NONE |                0 |      10000 |    0 |   2832x | 181.195 us |  4.54% | 177.040 us |  3.82% |
| cudf::list_view |  KEEP_NONE |              0.1 |      10000 |    0 |   2464x | 207.643 us |  3.90% | 203.608 us |  3.35% |
| cudf::list_view |  KEEP_NONE |                0 |     100000 |    0 |   3152x | 183.774 us |  4.99% | 179.681 us |  4.43% |
| cudf::list_view |  KEEP_NONE |              0.1 |     100000 |    0 |   2400x | 213.201 us |  3.98% | 209.096 us |  3.42% |
| cudf::list_view |  KEEP_NONE |                0 |    1000000 |    0 |   2224x | 230.107 us |  2.95% | 225.999 us |  2.31% |
| cudf::list_view |  KEEP_NONE |              0.1 |    1000000 |    0 |   1952x | 261.540 us |  2.86% | 257.502 us |  2.37% |
| cudf::list_view |  KEEP_NONE |                0 |   10000000 |    0 |   2032x |   1.093 ms |  2.01% |   1.089 ms |  1.97% |
| cudf::list_view |  KEEP_NONE |              0.1 |   10000000 |    0 |    944x |   1.099 ms |  0.96% |   1.094 ms |  0.87% |
| cudf::list_view |  KEEP_NONE |                0 |  100000000 |    0 |    640x |   8.239 ms |  1.23% |   8.235 ms |  1.23% |
| cudf::list_view |  KEEP_NONE |              0.1 |  100000000 |    0 |    117x |  10.290 ms |  0.50% |  10.285 ms |  0.50% |
| cudf::list_view |  KEEP_NONE |                0 |      10000 |    1 |   3888x | 139.817 us |  9.70% | 135.716 us |  9.19% |
| cudf::list_view |  KEEP_NONE |              0.1 |      10000 |    1 |   2544x | 200.957 us |  3.71% | 196.930 us |  3.08% |
| cudf::list_view |  KEEP_NONE |                0 |     100000 |    1 |   3696x | 139.777 us |  4.47% | 135.701 us |  3.28% |
| cudf::list_view |  KEEP_NONE |              0.1 |     100000 |    1 |   2432x | 209.901 us |  4.14% | 205.765 us |  3.61% |
| cudf::list_view |  KEEP_NONE |                0 |    1000000 |    1 |   3360x | 153.573 us |  5.39% | 149.507 us |  4.63% |
| cudf::list_view |  KEEP_NONE |              0.1 |    1000000 |    1 |   2288x | 223.097 us |  3.61% | 219.067 us |  3.10% |
| cudf::list_view |  KEEP_NONE |                0 |   10000000 |    1 |   2032x | 251.458 us |  2.86% | 247.318 us |  2.30% |
| cudf::list_view |  KEEP_NONE |              0.1 |   10000000 |    1 |   2480x | 332.854 us |  5.31% | 328.787 us |  5.16% |
| cudf::list_view |  KEEP_NONE |                0 |  100000000 |    1 |   2496x |   1.742 ms |  2.07% |   1.737 ms |  2.04% |
| cudf::list_view |  KEEP_NONE |              0.1 |  100000000 |    1 |   1584x |   1.833 ms |  2.04% |   1.828 ms |  2.03% |

## unique_count

### [0] Tesla T4

|                                                                         Type                                                                         | NumRows  | NullProbability | Samples |  CPU Time  | Noise  |  GPU Time  | Noise |
|------------------------------------------------------------------------------------------------------------------------------------------------------|----------|-----------------|---------|------------|--------|------------|-------|
|                                                                                                                                                 bool |    10000 |               0 |  10432x |  52.051 us | 10.06% |  47.954 us | 5.07% |
|                                                                                                                                                 bool |   100000 |               0 |  10816x |  50.385 us | 10.37% |  46.291 us | 5.32% |
|                                                                                                                                                 bool |  1000000 |               0 |   6640x |  79.448 us |  6.19% |  75.341 us | 2.83% |
|                                                                                                                                                 bool | 10000000 |               0 |   1392x | 365.295 us |  3.00% | 361.095 us | 2.75% |
|                                                                                                                                                 bool |    10000 |             0.1 |  10400x |  52.207 us | 10.40% |  48.116 us | 5.86% |
|                                                                                                                                                 bool |   100000 |             0.1 |  10736x |  50.667 us | 10.01% |  46.580 us | 4.62% |
|                                                                                                                                                 bool |  1000000 |             0.1 |   6000x |  87.584 us |  5.99% |  83.510 us | 3.42% |
|                                                                                                                                                 bool | 10000000 |             0.1 |   1088x | 464.435 us |  2.70% | 460.209 us | 2.54% |
|                                                                                                                                                   I8 |    10000 |               0 |  10800x |  50.428 us | 10.30% |  46.312 us | 5.02% |
|                                                                                                                                                   I8 |   100000 |               0 |  11088x |  49.261 us | 13.22% |  45.137 us | 9.42% |
|                                                                                                                                                   I8 |  1000000 |               0 |   7136x |  74.237 us |  7.00% |  70.103 us | 3.69% |
|                                                                                                                                                   I8 | 10000000 |               0 |   1712x | 349.020 us |  2.55% | 344.634 us | 2.19% |
|                                                                                                                                                   I8 |    10000 |             0.1 |  10784x |  50.524 us | 10.99% |  46.395 us | 6.31% |
|                                                                                                                                                   I8 |   100000 |             0.1 |  11280x |  48.476 us | 10.70% |  44.360 us | 5.14% |
|                                                                                                                                                   I8 |  1000000 |             0.1 |   6352x |  82.936 us |  6.59% |  78.820 us | 3.92% |
|                                                                                                                                                   I8 | 10000000 |             0.1 |   1424x | 446.713 us |  1.93% | 442.248 us | 1.61% |
|                                                                                                                                                  I32 |    10000 |               0 |  11664x |  46.957 us | 11.10% |  42.897 us | 5.60% |
|                                                                                                                                                  I32 |   100000 |               0 |  11728x |  46.661 us | 11.34% |  42.660 us | 6.21% |
|                                                                                                                                                  I32 |  1000000 |               0 |   6928x |  76.291 us |  6.29% |  72.326 us | 3.04% |
|                                                                                                                                                  I32 | 10000000 |               0 |   2224x | 370.199 us |  3.03% | 365.696 us | 2.75% |
|                                                                                                                                                  I32 |    10000 |             0.1 |  11632x |  47.036 us | 10.72% |  43.000 us | 4.90% |
|                                                                                                                                                  I32 |   100000 |             0.1 |  11648x |  47.014 us | 11.90% |  42.979 us | 7.05% |
|                                                                                                                                                  I32 |  1000000 |             0.1 |   6304x |  83.463 us |  6.03% |  79.431 us | 3.10% |
|                                                                                                                                                  I32 | 10000000 |             0.1 |   2096x | 456.163 us |  2.48% | 451.689 us | 2.27% |
|                                                                                                                                                  I64 |    10000 |               0 |  10080x |  53.752 us | 10.54% |  49.645 us | 6.25% |
|                                                                                                                                                  I64 |   100000 |               0 |  10272x |  52.825 us |  9.83% |  48.720 us | 4.93% |
|                                                                                                                                                  I64 |  1000000 |               0 |   5200x | 100.407 us |  5.50% |  96.189 us | 3.19% |
|                                                                                                                                                  I64 | 10000000 |               0 |   1056x | 479.769 us |  1.78% | 475.412 us | 1.53% |
|                                                                                                                                                  I64 |    10000 |             0.1 |  10336x |  52.478 us |  9.90% |  48.383 us | 4.95% |
|                                                                                                                                                  I64 |   100000 |             0.1 |  10480x |  51.822 us | 11.28% |  47.781 us | 7.37% |
|                                                                                                                                                  I64 |  1000000 |             0.1 |   5184x | 100.717 us |  5.12% |  96.567 us | 2.69% |
|                                                                                                                                                  I64 | 10000000 |             0.1 |   1568x | 537.058 us |  2.81% | 532.647 us | 2.68% |
|                                                                                                                                                  F32 |    10000 |               0 |  10912x |  49.860 us | 10.07% |  45.840 us | 4.77% |
|                                                                                                                                                  F32 |   100000 |               0 |  10928x |  49.812 us |  9.95% |  45.794 us | 4.51% |
|                                                                                                                                                  F32 |  1000000 |               0 |   6304x |  83.490 us |  7.97% |  79.449 us | 5.99% |
|                                                                                                                                                  F32 | 10000000 |               0 |   2512x | 410.682 us |  2.92% | 406.319 us | 2.70% |
|                                                                                                                                                  F32 |    10000 |             0.1 |  10896x |  49.933 us | 10.55% |  45.914 us | 5.72% |
|                                                                                                                                                  F32 |   100000 |             0.1 |  11248x |  48.530 us | 10.28% |  44.514 us | 4.69% |
|                                                                                                                                                  F32 |  1000000 |             0.1 |   5888x |  89.040 us |  5.73% |  85.044 us | 3.23% |
|                                                                                                                                                  F32 | 10000000 |             0.1 |   2208x | 496.460 us |  2.50% | 492.086 us | 2.32% |
| cuda::std::__4::chrono::time_point<cuda::std::__4::chrono::system_clock, cuda::std::__4::chrono::duration<long, cuda::std::__4::ratio<1l, 1000l> > > |    10000 |               0 |   9920x |  54.471 us |  9.78% |  50.422 us | 5.43% |
| cuda::std::__4::chrono::time_point<cuda::std::__4::chrono::system_clock, cuda::std::__4::chrono::duration<long, cuda::std::__4::ratio<1l, 1000l> > > |   100000 |               0 |  10064x |  53.735 us |  9.29% |  49.705 us | 4.41% |
| cuda::std::__4::chrono::time_point<cuda::std::__4::chrono::system_clock, cuda::std::__4::chrono::duration<long, cuda::std::__4::ratio<1l, 1000l> > > |  1000000 |               0 |   5120x | 102.045 us |  5.02% |  97.917 us | 2.67% |
| cuda::std::__4::chrono::time_point<cuda::std::__4::chrono::system_clock, cuda::std::__4::chrono::duration<long, cuda::std::__4::ratio<1l, 1000l> > > | 10000000 |               0 |   1216x | 495.324 us |  2.01% | 490.995 us | 1.79% |
| cuda::std::__4::chrono::time_point<cuda::std::__4::chrono::system_clock, cuda::std::__4::chrono::duration<long, cuda::std::__4::ratio<1l, 1000l> > > |    10000 |             0.1 |  10128x |  53.421 us |  9.44% |  49.381 us | 4.56% |
| cuda::std::__4::chrono::time_point<cuda::std::__4::chrono::system_clock, cuda::std::__4::chrono::duration<long, cuda::std::__4::ratio<1l, 1000l> > > |   100000 |             0.1 |  10384x |  53.065 us | 10.08% |  49.040 us | 5.75% |
| cuda::std::__4::chrono::time_point<cuda::std::__4::chrono::system_clock, cuda::std::__4::chrono::duration<long, cuda::std::__4::ratio<1l, 1000l> > > |  1000000 |             0.1 |   5120x | 101.902 us |  4.97% |  97.779 us | 2.57% |
| cuda::std::__4::chrono::time_point<cuda::std::__4::chrono::system_clock, cuda::std::__4::chrono::duration<long, cuda::std::__4::ratio<1l, 1000l> > > | 10000000 |             0.1 |   1856x | 551.476 us |  2.85% | 547.113 us | 2.72% |
